date,y_true_next,y_pred_static,y_pred_adaptive,p1_static,p1_adaptive,logloss_static,logloss_adaptive,brier_static,brier_adaptive,return_next,feature_score,prediction_score,performance_score,drift_index,action,drift_feature,retrained_today,ensemble_size,pos_long_static,pos_long_adaptive,pos_ls_static,pos_ls_adaptive
2016-01-04,1,1,1,0.5833333333333334,0.5833333333333334,0.5389965007326869,0.5389965007326869,0.17361111111111108,0.17361111111111108,0.0020122259542274534,0.0,0.0,0.0,0.0,none,,0,1,0.16666666666666674,0.16666666666666674,0.16666666666666674,0.16666666666666674
2016-01-05,0,1,1,0.67,0.67,1.1086626245216114,1.1086626245216114,0.4489000000000001,0.4489000000000001,-0.013115396702646942,0.0,0.0,0.2848330618944622,0.08544991856833867,none,,0,1,0.3400000000000001,0.3400000000000001,0.3400000000000001,0.3400000000000001
2016-01-06,0,1,1,0.63,0.63,0.9942522733438669,0.9942522733438669,0.39690000000000003,0.39690000000000003,-0.023700443014411654,0.0,0.0,0.3984482023722741,0.11953446071168222,none,,0,1,0.26,0.26,0.26,0.26
2016-01-07,0,1,1,0.6033333333333334,0.6033333333333334,0.9246589815446719,0.9246589815446719,0.3640111111111112,0.3640111111111112,-0.010838374390218508,0.0,0.0,0.43146458888123673,0.12943937666437103,none,,0,1,0.20666666666666678,0.20666666666666678,0.20666666666666678,0.20666666666666678
2016-01-08,1,1,1,0.69,0.69,0.37106368139083207,0.37106368139083207,0.09610000000000003,0.09610000000000003,0.0008532721255336551,0.0,0.0,0.41646313091590176,0.12493893927477052,none,,0,1,0.3799999999999999,0.3799999999999999,0.3799999999999999,0.3799999999999999
2016-01-11,1,1,1,0.6933333333333334,0.6933333333333334,0.36624439495488303,0.36624439495488303,0.09404444444444443,0.09404444444444443,0.0078027985167561376,0.0,0.0,0.7675318120424441,0.23025954361273324,none,,0,1,0.3866666666666667,0.3866666666666667,0.3866666666666667,0.3866666666666667
2016-01-12,0,1,1,0.5733333333333334,0.5733333333333334,0.8517522107365839,0.8517522107365839,0.3287111111111111,0.3287111111111111,-0.024965452304219538,0.0,0.0,0.6522982680523082,0.19568948041569245,none,,0,1,0.14666666666666672,0.14666666666666672,0.14666666666666672,0.14666666666666672
2016-01-13,1,1,1,0.7433333333333333,0.7433333333333333,0.29661070319608235,0.29661070319608235,0.0658777777777778,0.0658777777777778,0.016695905386662213,0.0,0.0,1.0372177361588784,0.3111653208476635,none,,0,1,0.4866666666666666,0.4866666666666666,0.4866666666666666,0.4866666666666666
2016-01-14,0,1,1,0.72,0.72,1.2729656758128873,1.2729656758128873,0.5184,0.5184,-0.021599098001850003,0.0,0.0,0.5257204484535422,0.15771613453606265,none,,0,1,0.43999999999999995,0.43999999999999995,0.43999999999999995,0.43999999999999995
2016-01-15,1,1,1,0.7033333333333334,0.7033333333333334,0.3519243411801345,0.3519243411801345,0.0880111111111111,0.0880111111111111,0.0005318215543925753,0.0,0.0,0.8672860852666258,0.2601858255799877,none,,0,1,0.40666666666666673,0.40666666666666673,0.40666666666666673,0.40666666666666673
2016-01-19,0,1,1,0.76,0.76,1.4271163556401458,1.4271163556401458,0.5776,0.5776,-0.011693855152413501,0.0,0.0,0.8239345753456359,0.24718037260369075,none,,0,1,0.52,0.52,0.52,0.52
2016-01-20,1,1,1,0.5566666666666666,0.5566666666666666,0.585788662239446,0.585788662239446,0.19654444444444447,0.19654444444444447,0.005195438361131455,0.0,0.0,0.6522202038105958,0.19566606114317872,none,,0,1,0.11333333333333329,0.11333333333333329,0.11333333333333329,0.11333333333333329
2016-01-21,1,1,1,0.7366666666666667,0.7366666666666667,0.30561977313844824,0.30561977313844824,0.06934444444444443,0.06934444444444443,0.020283701024494727,0.0,0.0,0.8021205421661636,0.24063616264984905,none,,0,1,0.4733333333333334,0.4733333333333334,0.4733333333333334,0.4733333333333334
2016-01-22,0,1,1,0.7466666666666667,0.7466666666666667,1.37304913436987,1.37304913436987,0.5575111111111112,0.5575111111111112,-0.015637982053378963,0.0,0.0,0.8389530917338597,0.2516859275201579,none,,0,1,0.4933333333333334,0.4933333333333334,0.4933333333333334,0.4933333333333334
2016-01-25,1,1,1,0.7166666666666667,0.7166666666666667,0.33314444652853825,0.33314444652853825,0.08027777777777777,0.08027777777777777,0.014144335590226431,0.0,0.0,0.6052435151851929,0.18157305455555786,none,,0,1,0.43333333333333335,0.43333333333333335,0.43333333333333335,0.43333333333333335
2016-01-26,0,1,1,0.6633333333333333,0.6633333333333333,1.0886619578149417,1.0886619578149417,0.44001111111111113,0.44001111111111113,-0.010863483795639506,0.0,0.0,0.7587291964670251,0.22761875894010752,none,,0,1,0.32666666666666666,0.32666666666666666,0.32666666666666666,0.32666666666666666
2016-01-27,1,1,1,0.69,0.69,0.37106368139083207,0.37106368139083207,0.09610000000000003,0.09610000000000003,0.005528577205787588,0.0,0.0,0.6463410582149307,0.1939023174644792,none,,0,1,0.3799999999999999,0.3799999999999999,0.3799999999999999,0.3799999999999999
2016-01-28,1,1,1,0.7233333333333334,0.7233333333333334,0.3238851211157414,0.3238851211157414,0.07654444444444441,0.07654444444444441,0.0247602174153414,0.0,0.0,1.038314854857645,0.3114944564572935,none,,0,1,0.44666666666666677,0.44666666666666677,0.44666666666666677,0.44666666666666677
2016-01-29,0,1,1,0.5833333333333334,0.5833333333333334,0.8754687373539001,0.8754687373539001,0.34027777777777785,0.34027777777777785,-0.00044323658717015935,0.0,0.0,0.8871055520830137,0.2661316656249041,none,,0,1,0.16666666666666674,0.16666666666666674,0.16666666666666674,0.16666666666666674
2016-02-01,0,1,1,0.61,0.61,0.941608539858445,0.941608539858445,0.3721,0.3721,-0.018743090830274922,0.0,0.0,0.6806239020677962,0.20418717062033886,none,,0,1,0.21999999999999997,0.21999999999999997,0.21999999999999997,0.21999999999999997
2016-02-02,1,1,1,0.6566666666666666,0.6566666666666666,0.42057874591821265,0.42057874591821265,0.1178777777777778,0.1178777777777778,0.004992038934619414,0.0,0.0,0.9801935629487627,0.2940580688846288,none,,0,1,0.31333333333333324,0.31333333333333324,0.31333333333333324,0.31333333333333324
2016-02-03,1,1,1,0.5966666666666667,0.5966666666666667,0.516396668815446,0.516396668815446,0.16267777777777775,0.16267777777777775,0.0015267325638141926,0.0,0.0,1.1746838582968717,0.3524051574890615,none,,0,1,0.19333333333333336,0.19333333333333336,0.19333333333333336,0.19333333333333336
2016-02-04,0,1,1,0.63,0.63,0.9942522733438669,0.9942522733438669,0.39690000000000003,0.39690000000000003,-0.018481246310869337,0.0,0.0,0.9036387799504862,0.27109163398514585,none,,0,1,0.26,0.26,0.26,0.26
2016-02-05,0,1,1,0.6633333333333333,0.6633333333333333,1.0886619578149417,1.0886619578149417,0.44001111111111113,0.44001111111111113,-0.014153935656373462,0.0,0.0,0.6212725593797847,0.1863817678139354,none,,0,1,0.32666666666666666,0.32666666666666666,0.32666666666666666,0.32666666666666666
2016-02-08,0,1,1,0.67,0.67,1.1086626245216114,1.1086626245216114,0.4489000000000001,0.4489000000000001,-0.0006636203533073592,0.0,0.0,0.9766915812102509,0.2930074743630753,none,,0,1,0.3400000000000001,0.3400000000000001,0.3400000000000001,0.3400000000000001
2016-02-09,0,1,1,0.7233333333333334,0.7233333333333334,1.2849418668596033,1.2849418668596033,0.5232111111111112,0.5232111111111112,-0.00018895027740828407,0.0,0.0,1.4879399121414607,0.4463819736424382,none,,0,1,0.44666666666666677,0.44666666666666677,0.44666666666666677,0.44666666666666677
2016-02-10,0,1,1,0.6333333333333333,0.6333333333333333,1.0033021088637848,1.0033021088637848,0.4011111111111111,0.4011111111111111,-0.012301161792504733,0.0,0.0,1.7090444638570226,0.5127133391571067,none,,0,1,0.2666666666666666,0.2666666666666666,0.2666666666666666,0.2666666666666666
2016-02-11,1,1,1,0.7333333333333333,0.7333333333333333,0.3101549283038396,0.3101549283038396,0.07111111111111114,0.07111111111111114,0.019518049565855122,0.0,0.0,1.2538605003285104,0.3761581500985531,none,,0,1,0.46666666666666656,0.46666666666666656,0.46666666666666656,0.46666666666666656
2016-02-12,1,1,1,0.7333333333333333,0.7333333333333333,0.3101549283038396,0.3101549283038396,0.07111111111111114,0.07111111111111114,0.01651665412216241,0.0,0.0,0.8946719283146621,0.2684015784943986,none,,0,1,0.46666666666666656,0.46666666666666656,0.46666666666666656,0.46666666666666656
2016-02-16,1,1,1,0.5466666666666666,0.5466666666666666,0.6039160468320027,0.6039160468320027,0.20551111111111114,0.20551111111111114,0.01648043921048603,0.0,0.0,1.035541213030716,0.3106623639092148,none,,0,1,0.09333333333333327,0.09333333333333327,0.09333333333333327,0.09333333333333327
2016-02-17,0,0,0,0.4766666666666667,0.4766666666666667,0.647536669307893,0.647536669307893,0.2272111111111111,0.2272111111111111,-0.004665713707027619,0.0,0.0,1.1296528216502293,0.33889584649506876,none,,0,1,0.0,0.0,-0.046666666666666634,-0.046666666666666634
2016-02-18,0,1,1,0.6033333333333334,0.6033333333333334,0.9246589815446719,0.9246589815446719,0.3640111111111112,0.3640111111111112,-2.6032942938902792e-05,0.0,0.0,0.9523612025210031,0.2857083607563009,none,,0,1,0.20666666666666678,0.20666666666666678,0.20666666666666678,0.20666666666666678
2016-02-19,1,1,1,0.6033333333333334,0.6033333333333334,0.5052854433903752,0.5052854433903752,0.1573444444444444,0.1573444444444444,0.014454197186153817,0.0,0.0,1.1871073058180412,0.3561321917454124,none,,0,1,0.20666666666666678,0.20666666666666678,0.20666666666666678,0.20666666666666678
2016-02-22,0,0,0,0.48,0.48,0.6539264674066639,0.6539264674066639,0.2304,0.2304,-0.012454371867771763,0.0,0.0,1.2706798827670038,0.38120396483010116,none,,0,1,0.0,0.0,-0.040000000000000036,-0.040000000000000036
2016-02-23,1,1,1,0.5566666666666666,0.5566666666666666,0.585788662239446,0.585788662239446,0.19654444444444447,0.19654444444444447,0.004439786812972857,0.0,0.0,1.418055682537008,0.42541670476110244,none,,0,1,0.11333333333333329,0.11333333333333329,0.11333333333333329,0.11333333333333329
2016-02-24,1,1,1,0.62,0.62,0.4780358009429998,0.4780358009429998,0.1444,0.1444,0.011348275359951865,0.0,0.0,1.6660974363516123,0.4998292309054837,none,,0,1,0.24,0.24,0.24,0.24
2016-02-25,0,0,0,0.42,0.42,0.5447271754416719,0.5447271754416719,0.17639999999999997,0.17639999999999997,-0.0018701144822791393,0.0,0.0,1.8425464540644114,0.5527639362193234,none,,0,1,0.0,0.0,-0.16000000000000003,-0.16000000000000003
2016-02-26,0,1,1,0.53,0.53,0.7550225842780328,0.7550225842780328,0.28090000000000004,0.28090000000000004,-0.008120976341902342,0.0,0.0,1.8095907574441012,0.5428772272332304,none,,0,1,0.06000000000000005,0.06000000000000005,0.06000000000000005,0.06000000000000005
2016-02-29,1,1,1,0.5566666666666666,0.5566666666666666,0.585788662239446,0.585788662239446,0.19654444444444447,0.19654444444444447,0.023868791801894496,0.0,0.0,1.9423746693901145,0.5827124008170343,none,,0,1,0.11333333333333329,0.11333333333333329,0.11333333333333329,0.11333333333333329
2016-03-01,1,1,1,0.5166666666666667,0.5166666666666667,0.6603573577369544,0.6603573577369544,0.23361111111111105,0.23361111111111105,0.004094308735004715,0.0,0.0,1.9991345054274066,0.5997403516282219,none,,0,1,0.03333333333333344,0.03333333333333344,0.03333333333333344,0.03333333333333344
2016-03-02,1,1,1,0.55,0.55,0.5978370007556204,0.5978370007556204,0.20249999999999996,0.20249999999999996,0.0034987406745825567,0.0,0.0,2.115505425445578,0.6346516276336734,none,,0,1,0.10000000000000009,0.10000000000000009,0.10000000000000009,0.10000000000000009
2016-03-03,1,1,1,0.61,0.61,0.4942963218147801,0.4942963218147801,0.1521,0.1521,0.0033058923144386743,0.0,0.0,2.3301810339531857,0.6990543101859557,none,,0,1,0.21999999999999997,0.21999999999999997,0.21999999999999997,0.21999999999999997
2016-03-04,1,1,1,0.5666666666666667,0.5666666666666667,0.5679840376059393,0.5679840376059393,0.1877777777777778,0.1877777777777778,0.0008850141950174084,0.0,0.0,2.467890138466925,0.7403670415400775,none,,0,1,0.1333333333333333,0.1333333333333333,0.1333333333333333,0.1333333333333333
2016-03-07,0,1,1,0.5166666666666667,0.5166666666666667,0.7270487322356267,0.7270487322356267,0.2669444444444445,0.2669444444444445,-0.011240108649505087,0.0,0.0,2.4470199026717943,0.7341059708015383,none,,0,1,0.03333333333333344,0.03333333333333344,0.03333333333333344,0.03333333333333344
2016-03-08,1,1,1,0.5233333333333333,0.5233333333333333,0.647536669307893,0.647536669307893,0.2272111111111111,0.2272111111111111,0.0050523932937867055,0.0,0.0,2.50435857809034,0.751307573427102,none,,0,1,0.046666666666666634,0.046666666666666634,0.046666666666666634,0.046666666666666634
2016-03-09,1,1,1,0.5066666666666667,0.5066666666666667,0.6799019538099246,0.6799019538099246,0.24337777777777775,0.24337777777777775,0.00015580493345068724,0.0,0.0,2.5287890692043202,0.7586367207612961,none,,0,1,0.01333333333333342,0.01333333333333342,0.01333333333333342,0.01333333333333342
2016-03-10,1,1,1,0.5366666666666666,0.5366666666666666,0.6223781096717381,0.6223781096717381,0.21467777777777783,0.21467777777777783,0.01639550053418848,0.0,0.0,2.608999695195803,0.7826999085587408,none,,0,1,0.07333333333333325,0.07333333333333325,0.07333333333333325,0.07333333333333325
2016-03-11,0,0,0,0.41333333333333333,0.41333333333333333,0.5332984796180493,0.5332984796180493,0.17084444444444444,0.17084444444444444,-0.00126097292128724,0.0,0.0,2.7747630709067,0.8324289212720101,none,,0,1,0.0,0.0,-0.17333333333333334,-0.17333333333333334
2016-03-14,0,1,1,0.5,0.5,0.6931471805599453,0.6931471805599453,0.25,0.25,-0.0018369416879204792,0.0,0.0,2.7805570380273545,0.8341671114082063,none,,0,1,0.0,0.0,0.0,0.0
2016-03-15,1,0,0,0.42,0.42,0.8675005677047231,0.8675005677047231,0.3364000000000001,0.3364000000000001,0.005600351545632876,0.0,0.0,2.6153688064037137,0.7846106419211141,none,,0,1,0.0,0.0,-0.16000000000000003,-0.16000000000000003
2016-03-16,1,1,1,0.53,0.53,0.6348782724359695,0.6348782724359695,0.22089999999999999,0.22089999999999999,0.006595236486620859,0.0,0.0,2.681480633506765,0.8044441900520295,none,,0,1,0.06000000000000005,0.06000000000000005,0.06000000000000005,0.06000000000000005
2016-03-17,1,0,0,0.48333333333333334,0.48333333333333334,0.7270487322356266,0.7270487322356266,0.2669444444444444,0.2669444444444444,0.004405643688967897,0.0,0.0,2.6559231283620175,0.7967769385086052,none,,0,1,0.0,0.0,-0.033333333333333326,-0.033333333333333326
2016-03-18,1,0,0,0.47,0.47,0.7550225842780328,0.7550225842780328,0.28090000000000004,0.28090000000000004,0.0009855772666846896,0.0,0.0,2.603401796782168,0.7810205390346504,none,,0,1,0.0,0.0,-0.06000000000000005,-0.06000000000000005
2016-03-21,0,0,0,0.45,0.45,0.5978370007556204,0.5978370007556204,0.2025,0.2025,-0.000877387766836879,0.0,0.0,2.706127821836906,0.8118383465510718,none,,0,1,0.0,0.0,-0.09999999999999998,-0.09999999999999998
2016-03-22,0,0,0,0.4766666666666667,0.4766666666666667,0.647536669307893,0.647536669307893,0.2272111111111111,0.2272111111111111,-0.006386031602501285,0.0,0.0,2.758190062766599,0.8274570188299797,none,,0,1,0.0,0.0,-0.046666666666666634,-0.046666666666666634
2016-03-23,0,1,1,0.5033333333333333,0.5033333333333333,0.6998361687107418,0.6998361687107418,0.2533444444444444,0.2533444444444444,-0.0003780702927851376,0.0,0.0,2.7579570410518928,0.8273871123155678,none,,0,1,0.006666666666666599,0.006666666666666599,0.006666666666666599,0.006666666666666599
2016-03-24,1,1,1,0.5633333333333334,0.5633333333333334,0.5738837597331276,0.5738837597331276,0.19067777777777775,0.19067777777777775,0.0005452554858313974,0.0,0.0,2.8814708250294867,0.864441247508846,none,,0,1,0.1266666666666667,0.1266666666666667,0.1266666666666667,0.1266666666666667
2016-03-28,1,0,0,0.47333333333333333,0.47333333333333333,0.7479554170549403,0.7479554170549403,0.2773777777777777,0.2773777777777777,0.008816651779288476,0.0,0.0,2.8317846391567194,0.8495353917470158,none,,0,1,0.0,0.0,-0.053333333333333344,-0.053333333333333344
2016-03-29,1,0,0,0.48333333333333334,0.48333333333333334,0.7270487322356266,0.7270487322356266,0.2669444444444444,0.2669444444444444,0.004350315260639448,0.0,0.0,2.8034929262567148,0.8410478778770144,none,,0,1,0.0,0.0,-0.033333333333333326,-0.033333333333333326
2016-03-30,0,1,1,0.51,0.51,0.7133498878774648,0.7133498878774648,0.2601,0.2601,-0.00203975921756705,0.0,0.0,2.789143272190569,0.8367429816571706,none,,0,1,0.020000000000000018,0.020000000000000018,0.020000000000000018,0.020000000000000018
2016-03-31,1,1,1,0.5533333333333333,0.5533333333333333,0.5917946862996578,0.5917946862996578,0.1995111111111111,0.1995111111111111,0.006330915127309877,0.0,0.0,2.894591351710236,0.8683774055130709,none,,0,1,0.10666666666666669,0.10666666666666669,0.10666666666666669,0.10666666666666669
2016-04-01,0,0,0,0.47,0.47,0.6348782724359695,0.6348782724359695,0.22089999999999999,0.22089999999999999,-0.003208322345054082,0.0,0.0,2.9559499661680535,0.886784989850416,none,,0,1,0.0,0.0,-0.06000000000000005,-0.06000000000000005
2016-04-04,0,0,0,0.43,0.43,0.5621189181535411,0.5621189181535411,0.18489999999999998,0.18489999999999998,-0.010144492387214377,0.0,0.0,3.0879390782616287,0.9263817234784886,none,,0,1,0.0,0.0,-0.14,-0.14
2016-04-05,1,1,1,0.5066666666666667,0.5066666666666667,0.6799019538099246,0.6799019538099246,0.24337777777777775,0.24337777777777775,0.010507619269939372,0.0,0.0,3.1019231847544892,0.9305769554263468,none,,0,1,0.01333333333333342,0.01333333333333342,0.01333333333333342,0.01333333333333342
2016-04-06,0,0,0,0.49666666666666665,0.49666666666666665,0.6865026378412766,0.6865026378412766,0.24667777777777775,0.24667777777777775,-0.011975786526205012,0.0,0.0,3.109193016101205,0.9327579048303615,none,,0,1,0.0,0.0,-0.00666666666666671,-0.00666666666666671
2016-04-07,1,0,0,0.49,0.49,0.7133498878774648,0.7133498878774648,0.2601,0.2601,0.0027865779152878023,0.0,0.0,3.089912224967634,0.9269736674902901,none,,0,1,0.0,0.0,-0.020000000000000018,-0.020000000000000018
2016-04-08,0,1,1,0.5133333333333333,0.5133333333333333,0.7201758529478646,0.7201758529478646,0.2635111111111111,0.2635111111111111,-0.002739785807018724,0.0,0.0,3.064195121841334,0.9192585365524002,none,,0,1,0.026666666666666616,0.026666666666666616,0.026666666666666616,0.026666666666666616
2016-04-11,1,1,1,0.5133333333333333,0.5133333333333333,0.666829872242572,0.666829872242572,0.23684444444444447,0.23684444444444447,0.0096621337827838,0.0,0.0,3.0914176923971066,0.9274253077191319,none,,0,1,0.026666666666666616,0.026666666666666616,0.026666666666666616,0.026666666666666616
2016-04-12,1,0,0,0.4166666666666667,0.4166666666666667,0.8754687373538999,0.8754687373538999,0.3402777777777777,0.3402777777777777,0.01004013710204088,0.0,0.0,2.912630619501776,0.8737891858505328,none,,0,1,0.0,0.0,-0.16666666666666663,-0.16666666666666663
2016-04-13,1,0,0,0.39666666666666667,0.39666666666666667,0.9246589815446716,0.9246589815446716,0.36401111111111106,0.36401111111111106,0.0001729273803483533,0.0,0.0,2.68791012123119,0.806373036369357,none,,0,1,0.0,0.0,-0.20666666666666667,-0.20666666666666667
2016-04-14,0,0,0,0.4866666666666667,0.4866666666666667,0.666829872242572,0.666829872242572,0.23684444444444447,0.23684444444444447,-0.0009842848497145784,0.0,0.0,2.7205524137974715,0.8161657241392414,none,,0,1,0.0,0.0,-0.026666666666666616,-0.026666666666666616
2016-04-15,1,1,1,0.57,0.57,0.5621189181535413,0.5621189181535413,0.18490000000000004,0.18490000000000004,0.006541025289023228,0.0,0.0,2.8559979764714587,0.8567993929414376,none,,0,1,0.1399999999999999,0.1399999999999999,0.1399999999999999,0.1399999999999999
2016-04-18,1,0,0,0.48,0.48,0.7339691750802004,0.7339691750802004,0.27040000000000003,0.27040000000000003,0.0030844851678346608,0.0,0.0,2.820091976660605,0.8460275929981814,none,,0,1,0.0,0.0,-0.040000000000000036,-0.040000000000000036
2016-04-19,1,0,0,0.31333333333333335,0.31333333333333335,1.160487692386197,1.160487692386197,0.4715111111111111,0.4715111111111111,0.0007615448773992117,0.0,0.0,2.363916439504793,0.7091749318514379,none,,0,1,0.0,0.0,-0.3733333333333333,-0.3733333333333333
2016-04-20,0,0,0,0.33,0.33,0.4004775665971254,0.4004775665971254,0.10890000000000001,0.10890000000000001,-0.005194027008290192,0.0,0.0,2.6636999002896093,0.7991099700868828,none,,0,1,0.0,0.0,-0.33999999999999997,-0.33999999999999997
2016-04-21,1,1,1,0.5533333333333333,0.5533333333333333,0.5917946862996578,0.5917946862996578,0.1995111111111111,0.1995111111111111,4.785972478082989e-05,0.0,0.0,2.7707390526734414,0.8312217158020324,none,,0,1,0.10666666666666669,0.10666666666666669,0.10666666666666669,0.10666666666666669
2016-04-22,0,0,0,0.42333333333333334,0.42333333333333334,0.5504908801584221,0.5504908801584221,0.17921111111111113,0.17921111111111113,-0.0018120458796383465,0.0,0.0,2.917155479269613,0.8751466437808839,none,,0,1,0.0,0.0,-0.15333333333333332,-0.15333333333333332
2016-04-25,1,1,1,0.5133333333333333,0.5133333333333333,0.666829872242572,0.666829872242572,0.23684444444444447,0.23684444444444447,0.0018727515871905798,0.0,0.0,2.946847305646865,0.8840541916940595,none,,0,1,0.026666666666666616,0.026666666666666616,0.026666666666666616,0.026666666666666616
2016-04-26,1,0,0,0.44,0.44,0.8209805520698302,0.8209805520698302,0.31360000000000005,0.31360000000000005,0.001649352800310755,0.0,0.0,2.823963880721542,0.8471891642164625,none,,0,1,0.0,0.0,-0.12,-0.12
2016-04-27,0,0,0,0.4266666666666667,0.4266666666666667,0.5562879978427482,0.5562879978427482,0.18204444444444448,0.18204444444444448,-0.009230768513682652,0.0,0.0,2.9640003959070294,0.8892001187721088,none,,0,1,0.0,0.0,-0.1466666666666666,-0.1466666666666666
2016-04-28,0,0,0,0.44666666666666666,0.44666666666666666,0.5917946862996578,0.5917946862996578,0.1995111111111111,0.1995111111111111,-0.005063088369821722,0.0,0.0,3.0672397309476,0.92017191928428,none,,0,1,0.0,0.0,-0.10666666666666669,-0.10666666666666669
2016-04-29,1,1,1,0.57,0.57,0.5621189181535413,0.5621189181535413,0.18490000000000004,0.18490000000000004,0.007809946463542827,0.0,0.0,3.1985339182417674,0.9595601754725301,none,,0,1,0.1399999999999999,0.1399999999999999,0.1399999999999999,0.1399999999999999
2016-05-02,0,0,0,0.36666666666666664,0.36666666666666664,0.456758402495715,0.456758402495715,0.13444444444444442,0.13444444444444442,-0.008676638198860664,0.0,0.0,3.4323373597124105,1.029701207913723,none,,0,1,0.0,0.0,-0.2666666666666667,-0.2666666666666667
2016-05-03,0,0,0,0.49333333333333335,0.49333333333333335,0.6799019538099248,0.6799019538099248,0.2433777777777778,0.2433777777777778,-0.005936889314214544,0.0,0.0,3.442870346414601,1.0328611039243802,none,,0,1,0.0,0.0,-0.013333333333333308,-0.013333333333333308
2016-05-04,0,1,1,0.5866666666666667,0.5866666666666667,0.8835009090511642,0.8835009090511642,0.3441777777777778,0.3441777777777778,-0.0002390081258001331,0.0,0.0,3.2520757422113062,0.9756227226633918,none,,0,1,0.17333333333333334,0.17333333333333334,0.17333333333333334,0.17333333333333334
2016-05-05,1,1,1,0.5366666666666666,0.5366666666666666,0.6223781096717381,0.6223781096717381,0.21467777777777783,0.21467777777777783,0.0031746390805036384,0.0,0.0,3.3215861676760863,0.9964758503028258,none,,0,1,0.07333333333333325,0.07333333333333325,0.07333333333333325,0.07333333333333325
2016-05-06,1,0,0,0.4166666666666667,0.4166666666666667,0.8754687373538999,0.8754687373538999,0.3402777777777777,0.3402777777777777,0.0007534970439868616,0.0,0.0,3.140116082725572,0.9420348248176715,none,,0,1,0.0,0.0,-0.16666666666666663,-0.16666666666666663
2016-05-09,1,0,0,0.49333333333333335,0.49333333333333335,0.706570200892086,0.706570200892086,0.25671111111111106,0.25671111111111106,0.012483643435067249,0.0,0.0,3.1276873927424242,0.9383062178227273,none,,0,1,0.0,0.0,-0.013333333333333308,-0.013333333333333308
2016-05-10,0,0,0,0.31333333333333335,0.31333333333333335,0.37590630586662,0.37590630586662,0.0981777777777778,0.0981777777777778,-0.009561518078546327,0.0,0.0,3.442346921323593,1.0327040763970778,none,,0,1,0.0,0.0,-0.3733333333333333,-0.3733333333333333
2016-05-11,0,0,0,0.4666666666666667,0.4666666666666667,0.6286086594223742,0.6286086594223742,0.2177777777777778,0.2177777777777778,-0.0001694649071644072,0.0,0.0,3.5036156832931695,1.0510847049879508,none,,0,1,0.0,0.0,-0.06666666666666665,-0.06666666666666665
2016-05-12,0,1,1,0.5533333333333333,0.5533333333333333,0.8059426747052897,0.8059426747052897,0.30617777777777777,0.30617777777777777,-0.00847828902508041,0.0,0.0,3.388825872323933,1.0166477616971799,none,,0,1,0.10666666666666669,0.10666666666666669,0.10666666666666669,0.10666666666666669
2016-05-13,1,1,1,0.5666666666666667,0.5666666666666667,0.5679840376059393,0.5679840376059393,0.1877777777777778,0.1877777777777778,0.009796652464963085,0.0,0.0,3.5106559068656766,1.0531967720597029,none,,0,1,0.1333333333333333,0.1333333333333333,0.1333333333333333,0.1333333333333333
2016-05-16,0,0,0,0.3933333333333333,0.3933333333333333,0.49977578757940566,0.49977578757940566,0.1547111111111111,0.1547111111111111,-0.009411297455333645,0.0,0.0,3.698650769019241,1.1095952307057722,none,,0,1,0.0,0.0,-0.21333333333333337,-0.21333333333333337
2016-05-17,1,1,1,0.54,0.54,0.616186139423817,0.616186139423817,0.21159999999999995,0.21159999999999995,0.00020517873267866804,0.0,0.0,3.7694737419846795,1.1308421225954037,none,,0,1,0.08000000000000007,0.08000000000000007,0.08000000000000007,0.08000000000000007
2016-05-18,0,1,1,0.52,0.52,0.7339691750802004,0.7339691750802004,0.27040000000000003,0.27040000000000003,-0.003706707658226005,0.0,0.0,3.723007995743113,1.1169023987229338,none,,0,1,0.040000000000000036,0.040000000000000036,0.040000000000000036,0.040000000000000036
2016-05-19,1,1,1,0.7466666666666667,0.7466666666666667,0.29213642280116114,0.29213642280116114,0.06417777777777776,0.06417777777777776,0.006019504059596059,0.0,0.0,4.114256595467695,1.2342769786403085,none,,0,1,0.4933333333333334,0.4933333333333334,0.4933333333333334,0.4933333333333334
2016-05-20,0,1,1,0.5666666666666667,0.5666666666666667,0.8362480242006186,0.8362480242006186,0.32111111111111107,0.32111111111111107,-0.0020854589704891735,0.0,0.0,3.9629695010265813,1.1888908503079743,none,,0,1,0.1333333333333333,0.1333333333333333,0.1333333333333333,0.1333333333333333
2016-05-23,1,1,1,0.6466666666666666,0.6466666666666666,0.43592431559287304,0.43592431559287304,0.12484444444444448,0.12484444444444448,0.013681382686285826,0.0,0.0,4.209464925252738,1.2628394775758214,none,,0,1,0.2933333333333332,0.2933333333333332,0.2933333333333332,0.2933333333333332
2016-05-24,1,0,0,0.2966666666666667,0.2966666666666667,1.215146104924061,1.215146104924061,0.4946777777777778,0.4946777777777778,0.006974740643369559,0.0,0.0,3.6821196345427065,1.104635890362812,none,,0,1,0.0,0.0,-0.4066666666666666,-0.4066666666666666
2016-05-25,0,0,0,0.4166666666666667,0.4166666666666667,0.5389965007326871,0.5389965007326871,0.17361111111111113,0.17361111111111113,-0.00021044390350322129,3.0284008799057247,0.0,3.8294359048892357,2.3601911234290607,none,Ret_Vol_20,0,1,0.0,0.0,-0.16666666666666663,-0.16666666666666663
2016-05-26,1,1,1,0.5366666666666666,0.5366666666666666,0.6223781096717381,0.6223781096717381,0.21467777777777783,0.21467777777777783,0.004286857336424754,2.996838041659675,0.0005251579985411123,3.8927375498471344,2.3667140290175723,none,Ret_Vol_20,0,1,0.07333333333333325,0.07333333333333325,0.07333333333333325,0.07333333333333325
2016-05-27,0,1,1,0.52,0.52,0.7339691750802004,0.7339691750802004,0.27040000000000003,0.27040000000000003,-0.0010052630048559275,3.0003348640014624,0.0010026183050702308,3.8449215550872635,2.3539111976182854,none,Ret_Vol_20,0,1,0.040000000000000036,0.040000000000000036,0.040000000000000036,0.040000000000000036
2016-05-31,1,0,0,0.4666666666666667,0.4666666666666667,0.7621400520468967,0.7621400520468967,0.28444444444444444,0.28444444444444444,0.0011350423274503196,3.0187907534586857,0.0016531498939777083,3.7696724199794005,2.338913972345488,none,Ret_Vol_20,0,1,0.0,0.0,-0.06666666666666665,-0.06666666666666665
2016-06-01,1,0,0,0.36666666666666664,0.36666666666666664,1.0033021088637848,1.0033021088637848,0.4011111111111111,0.4011111111111111,0.0028246780734553223,3.0028576511675267,0.0027302318925354415,3.4563036433616183,2.2388532230432565,none,Ret_Vol_20,0,1,0.0,0.0,-0.2666666666666667,-0.2666666666666667
2016-06-02,0,0,0,0.4,0.4,0.5108256237659907,0.5108256237659907,0.16000000000000003,0.16000000000000003,-0.002911814656949452,2.9884638950293727,0.004574242444175014,3.6337055641418203,2.2868694999875476,none,Ret_Vol_20,0,1,0.0,0.0,-0.19999999999999996,-0.19999999999999996
2016-06-03,1,0,0,0.44,0.44,0.8209805520698302,0.8209805520698302,0.31360000000000005,0.31360000000000005,0.004897281193053882,2.975505294299386,0.005782105283233545,3.5022049434816136,2.2425982323492084,none,Ret_Vol_20,0,1,0.0,0.0,-0.12,-0.12
2016-06-06,1,0,0,0.2833333333333333,0.2833333333333333,1.2611312181658847,1.2611312181658847,0.5136111111111111,0.5136111111111111,0.0012894462510633087,2.9638962733043774,0.01596719568554828,2.9358961921155977,2.071117525662095,none,Ret_Vol_20,0,1,0.0,0.0,-0.43333333333333335,-0.43333333333333335
2016-06-07,1,0,0,0.2866666666666667,0.2866666666666667,1.2494351784026934,1.2494351784026934,0.5088444444444445,0.5088444444444445,0.0033095665337075086,2.953566113645227,0.015185455668463091,2.386418783397984,1.9019077171780248,none,Ret_Vol_20,0,1,0.0,0.0,-0.42666666666666664,-0.42666666666666664
2016-06-08,0,0,0,0.17,0.17,0.18632957819149348,0.18632957819149348,0.028900000000000006,0.028900000000000006,-0.0017177585589538413,2.9444561853249556,0.06509464045656801,2.89533478964851,2.0659113031615055,none,Ret_Vol_20,0,1,0.0,0.0,-0.6599999999999999,-0.6599999999999999
2016-06-09,0,0,0,0.34,0.34,0.41551544396166595,0.41551544396166595,0.11560000000000002,0.11560000000000002,-0.009175181182794367,2.923912670896867,0.06077940936979141,3.1725219288517703,2.1395554698252153,none,Ret_Vol_20,0,1,0.0,0.0,-0.31999999999999995,-0.31999999999999995
2016-06-10,0,1,1,0.54,0.54,0.7765287894989964,0.7765287894989964,0.2916,0.2916,-0.008115191387155773,2.9163551236927066,0.0640368915859347,3.089450913565754,2.112588391022589,none,Ret_Vol_20,0,1,0.08000000000000007,0.08000000000000007,0.08000000000000007,0.08000000000000007
2016-06-13,0,1,1,0.5733333333333334,0.5733333333333334,0.8517522107365839,0.8517522107365839,0.3287111111111111,0.3287111111111111,-0.0017988851350955182,2.9099432804523864,0.0640368915859347,2.9325698202253965,2.062959325724354,none,Ret_Vol_20,0,1,0.14666666666666672,0.14666666666666672,0.14666666666666672,0.14666666666666672
2016-06-14,0,0,0,0.49666666666666665,0.49666666666666665,0.6865026378412766,0.6865026378412766,0.24667777777777775,0.24667777777777775,-0.0018407128700851372,2.8925932609306386,0.0628720432135008,2.9408642424391522,2.0581581900680512,none,Ret_Vol_20,0,1,0.0,0.0,-0.00666666666666671,-0.00666666666666671
2016-06-15,1,1,1,0.61,0.61,0.4942963218147801,0.4942963218147801,0.1521,0.1521,0.0031329906996742096,2.8774108625907484,0.0632084414029703,3.1396062022737885,2.111808738139327,none,Ret_Vol_20,0,1,0.21999999999999997,0.21999999999999997,0.21999999999999997,0.21999999999999997
2016-06-16,0,0,0,0.44333333333333336,0.44333333333333336,0.585788662239446,0.585788662239446,0.19654444444444447,0.19654444444444447,-0.0032579654199809127,2.864204757339044,0.06678791747977958,3.2459232162975846,2.1394952430688265,none,Ret_Vol_20,0,1,0.0,0.0,-0.11333333333333329,-0.11333333333333329
2016-06-17,1,0,0,0.39,0.39,0.941608539858445,0.941608539858445,0.3721,0.3721,0.00580818525653326,2.8528264812732975,0.0637868094528187,2.9985712394575135,2.0598380071824187,none,Ret_Vol_20,0,1,0.0,0.0,-0.21999999999999997,-0.21999999999999997
2016-06-20,1,0,0,0.42333333333333334,0.42333333333333334,0.8595953881976097,0.8595953881976097,0.3325444444444444,0.3325444444444444,0.002712061607464289,2.8431599019645146,0.07524473624963585,2.834645566630236,2.0102310516497672,none,Ret_Vol_20,0,1,0.0,0.0,-0.15333333333333332,-0.15333333333333332
2016-06-21,0,1,1,0.5,0.5,0.6931471805599453,0.6931471805599453,0.25,0.25,-0.0016515636618127383,2.835114044679773,0.07505899784439407,2.8371467240269768,2.0077073344333205,none,Ret_Vol_20,0,1,0.0,0.0,0.0,0.0
2016-06-22,1,1,1,0.57,0.57,0.5621189181535413,0.5621189181535413,0.18490000000000004,0.18490000000000004,0.01336407865930278,1.8814200613013732,0.07729624498999829,2.9695540478653886,1.6666231123771653,none,Ret_Vol_20,0,1,0.1399999999999999,0.1399999999999999,0.1399999999999999,0.1399999999999999
2016-06-23,0,0,0,0.43,0.43,0.5621189181535411,0.5621189181535411,0.18489999999999998,0.18489999999999998,-0.035919799994431734,1.788566997255511,0.07503519387861057,3.10085797733848,1.6681947502673315,none,Ret_Vol_20,0,1,0.0,0.0,-0.14,-0.14
2016-06-24,0,0,0,0.4533333333333333,0.4533333333333333,0.6039160468320027,0.6039160468320027,0.2055111111111111,0.2055111111111111,-0.01809650217612302,1.7539470124635255,0.07560203497866369,3.1896250525067087,1.681146931231022,none,Ret_Vol_20,0,1,0.0,0.0,-0.09333333333333338,-0.09333333333333338
2016-06-27,1,1,1,0.64,0.64,0.4462871026284195,0.4462871026284195,0.1296,0.1296,0.01777016508725926,1.7260498608246988,0.07637426514584679,3.4340014323754726,1.7435326535862754,none,Ret_Vol_20,0,1,0.28,0.28,0.28,0.28
2016-06-28,1,1,1,0.6566666666666666,0.6566666666666666,0.42057874591821265,0.42057874591821265,0.1178777777777778,0.1178777777777778,0.017032672570028273,1.7260498608246988,0.07528747399154875,3.7018903580879474,1.8235732939537281,none,Ret_Vol_20,0,1,0.31333333333333324,0.31333333333333324,0.31333333333333324,0.31333333333333324
2016-06-29,1,0,0,0.35,0.35,1.0498221244986778,1.0498221244986778,0.42250000000000004,0.42250000000000004,0.013565044705922347,1.7260498608246988,0.07563358133675852,3.3434500540334096,1.7161450349409297,none,Ret_Vol_20,0,1,0.0,0.0,-0.30000000000000004,-0.30000000000000004
2016-06-30,1,0,0,0.37,0.37,0.9942522733438669,0.9942522733438669,0.39690000000000003,0.39690000000000003,0.00194860235588723,1.7260498608246988,0.08207392561296237,3.04300256475688,1.6279428914408323,none,Ret_Vol_20,0,1,0.0,0.0,-0.26,-0.26
2016-07-01,0,0,0,0.44,0.44,0.579818495252942,0.579818495252942,0.1936,0.1936,-0.006847477437932237,1.7260498608246988,0.08200722867362313,3.156084200485446,1.6618473730776002,none,Ret_Vol_20,0,1,0.0,0.0,-0.12,-0.12
2016-07-05,1,0,0,0.47,0.47,0.7550225842780328,0.7550225842780328,0.28090000000000004,0.28090000000000004,0.005352963242081676,1.7260498608246988,0.08360711714463698,3.0944509003644853,1.6438373495826162,none,Ret_Vol_20,0,1,0.0,0.0,-0.06000000000000005,-0.06000000000000005
2016-07-06,0,0,0,0.36333333333333334,0.36333333333333334,0.4515090466095711,0.4515090466095711,0.1320111111111111,0.1320111111111111,-0.0008715778419239317,1.7260498608246988,0.08585272989850626,3.334441448556146,1.7165081978662753,none,Ret_Vol_20,0,1,0.0,0.0,-0.2733333333333333,-0.2733333333333333
2016-07-07,1,0,0,0.49333333333333335,0.49333333333333335,0.706570200892086,0.706570200892086,0.25671111111111106,0.25671111111111106,0.015253349296718177,1.7260498608246988,0.08923719185454938,3.3194876688690966,1.7130374025469735,none,Ret_Vol_20,0,1,0.0,0.0,-0.013333333333333308,-0.013333333333333308
2016-07-08,1,0,0,0.43,0.43,0.843970070294529,0.843970070294529,0.3249000000000001,0.3249000000000001,0.003408615474199461,1.7260498608246988,0.08737169278549728,3.168305970926447,1.6671232434434629,none,Ret_Vol_20,0,1,0.0,0.0,-0.14,-0.14
2016-07-11,1,1,1,0.5433333333333333,0.5433333333333333,0.6100322738494387,0.6100322738494387,0.20854444444444445,0.20854444444444445,0.007009293213798395,1.7260498608246988,0.08820718065448864,3.250430343486121,1.6920112015720623,none,Ret_Vol_20,0,1,0.08666666666666667,0.08666666666666667,0.08666666666666667,0.08666666666666667
2016-07-12,1,0,0,0.4666666666666667,0.4666666666666667,0.7621400520468967,0.7621400520468967,0.28444444444444444,0.28444444444444444,0.00013476775533982632,1.7260498608246988,0.08917034929210296,3.180977115163774,1.6714641836666426,none,Ret_Vol_20,0,1,0.0,0.0,-0.06666666666666665,-0.06666666666666665
2016-07-13,1,1,1,0.54,0.54,0.616186139423817,0.616186139423817,0.21159999999999995,0.21159999999999995,0.00525920411762093,1.7260498608246988,0.09169643372217598,3.256902606349464,1.6949996563513716,none,Ret_Vol_20,0,1,0.08000000000000007,0.08000000000000007,0.08000000000000007,0.08000000000000007
2016-07-14,0,1,1,0.51,0.51,0.7133498878774648,0.7133498878774648,0.2601,0.2601,-0.0009289473209127541,1.7260498608246988,0.09087471758204993,3.23582284353873,1.6884292126661133,none,Ret_Vol_20,0,1,0.020000000000000018,0.020000000000000018,0.020000000000000018,0.020000000000000018
2016-07-15,1,1,1,0.5133333333333333,0.5133333333333333,0.666829872242572,0.666829872242572,0.23684444444444447,0.23684444444444447,0.002382294987840705,1.7260498608246988,0.0898082616428803,3.261074650045673,1.6956848178364456,none,Ret_Vol_20,0,1,0.026666666666666616,0.026666666666666616,0.026666666666666616,0.026666666666666616
2016-07-18,0,0,0,0.42,0.42,0.5447271754416719,0.5447271754416719,0.17639999999999997,0.17639999999999997,-0.0014351736522938419,1.7260498608246988,0.09128052411796778,3.4073456643586058,1.7400078008728515,none,Ret_Vol_20,0,1,0.0,0.0,-0.16000000000000003,-0.16000000000000003
2016-07-19,1,0,0,0.4666666666666667,0.4666666666666667,0.7621400520468967,0.7621400520468967,0.28444444444444444,0.28444444444444444,0.004270300173431885,1.7260498608246988,0.09239040517168497,3.3367230857326797,1.7191539916011889,none,Ret_Vol_20,0,1,0.0,0.0,-0.06666666666666665,-0.06666666666666665
2016-07-20,0,0,0,0.37666666666666665,0.37666666666666665,0.47267385780161447,0.47267385780161447,0.14187777777777777,0.14187777777777777,-0.003612528916297486,1.7260498608246988,0.0885711756402281,3.5539808780504476,1.783185560437082,none,Ret_Vol_20,0,1,0.0,0.0,-0.2466666666666667,-0.2466666666666667
2016-07-21,1,0,0,0.42,0.42,0.8675005677047231,0.8675005677047231,0.3364000000000001,0.3364000000000001,0.004553964713003289,1.7260498608246988,0.08719801506208066,3.377689434692339,1.7298861792562055,none,Ret_Vol_20,0,1,0.0,0.0,-0.16000000000000003,-0.16000000000000003
2016-07-22,0,0,0,0.39666666666666667,0.39666666666666667,0.5052854433903754,0.5052854433903754,0.15734444444444445,0.15734444444444445,-0.0030114751244342264,1.7260498608246988,0.08409127370787767,3.562285089356034,1.7843328532490528,none,Ret_Vol_20,0,1,0.0,0.0,-0.20666666666666667,-0.20666666666666667
2016-07-25,1,0,0,0.4533333333333333,0.4533333333333333,0.7911275889201491,0.7911275889201491,0.2988444444444444,0.2988444444444444,0.0003227842443460638,1.6688954054108778,0.08284479543903231,3.461756658708863,1.7309385984087196,none,Ret_Vol_20,0,1,0.0,0.0,-0.09333333333333338,-0.09333333333333338
2016-07-26,0,0,0,0.43,0.43,0.5621189181535411,0.5621189181535411,0.18489999999999998,0.18489999999999998,-0.0011985421207814095,1.6673405679238518,0.08630050497433618,3.589332108404924,1.7696260111833186,none,Ret_Vol_20,0,1,0.0,0.0,-0.14,-0.14
2016-07-27,1,0,0,0.4666666666666667,0.4666666666666667,0.7621400520468967,0.7621400520468967,0.28444444444444444,0.28444444444444444,0.0016062090221755643,1.668794804365677,0.08647223231823187,3.517393037383834,1.7486775026568906,none,Ret_Vol_20,0,1,0.0,0.0,-0.06666666666666665,-0.06666666666666665
2016-07-28,1,0,0,0.38666666666666666,0.38666666666666666,0.9501922835498364,0.9501922835498364,0.3761777777777777,0.3761777777777777,0.0016313092573088106,1.6669941950753173,0.08394972516187574,3.259207230016221,1.6697447645835561,none,Ret_Vol_20,0,1,0.0,0.0,-0.22666666666666668,-0.22666666666666668
2016-07-29,0,0,0,0.46,0.46,0.616186139423817,0.616186139423817,0.2116,0.2116,-0.0012697872845152114,1.6370752211493715,0.08359442991840763,3.3345046679004318,1.6802598178054005,none,Ret_Vol_20,0,1,0.0,0.0,-0.07999999999999996,-0.07999999999999996
2016-08-01,0,0,0,0.4,0.4,0.5108256237659907,0.5108256237659907,0.16000000000000003,0.16000000000000003,-0.006361619481225378,1.6283579424199626,0.08286757910783708,3.51392523819903,1.7303810221600449,none,Ret_Vol_20,0,1,0.0,0.0,-0.19999999999999996,-0.19999999999999996
2016-08-02,1,1,1,0.5833333333333334,0.5833333333333334,0.5389965007326869,0.5389965007326869,0.17361111111111108,0.17361111111111108,0.0031339432802557354,1.6375661666686274,0.07904714649347773,3.664146022052484,1.7779844172312393,none,Ret_Vol_20,0,1,0.16666666666666674,0.16666666666666674,0.16666666666666674,0.16666666666666674
2016-08-03,1,0,0,0.37333333333333335,0.37333333333333335,0.9852836033611064,0.9852836033611064,0.3927111111111112,0.3927111111111112,0.00021257188969192597,1.6680291993237228,0.0790626504814029,3.3700801513773486,1.7019545202871145,none,Ret_Vol_20,0,1,0.0,0.0,-0.2533333333333333,-0.2533333333333333
2016-08-04,1,0,0,0.3933333333333333,0.3933333333333333,0.9330978501905364,0.9330978501905364,0.36804444444444445,0.36804444444444445,0.008603496447961101,1.7369868345026398,0.07905240641209232,3.129823390366103,1.6574574728345146,none,Ret_Vol_20,0,1,0.0,0.0,-0.21333333333333337,-0.21333333333333337
2016-08-05,0,0,0,0.38666666666666666,0.38666666666666666,0.4888467170472155,0.4888467170472155,0.1495111111111111,0.1495111111111111,-0.0009071655678379864,1.7512370851078514,0.07983202660908338,3.3324578000172984,1.7241817820310552,none,Ret_Vol_20,0,1,0.0,0.0,-0.22666666666666668,-0.22666666666666668
2016-08-08,1,0,0,0.44666666666666666,0.44666666666666666,0.8059426747052897,0.8059426747052897,0.30617777777777777,0.30617777777777777,0.0003897939364765346,1.7772906870571892,0.07882203582914925,3.2187542755071528,1.7001891682237662,none,Ret_Vol_20,0,1,0.0,0.0,-0.10666666666666669,-0.10666666666666669
2016-08-09,0,0,0,0.3233333333333333,0.3233333333333333,0.3905764956144136,0.3905764956144136,0.10454444444444443,0.10454444444444443,-0.0028646859974036376,1.8208766467441597,0.07312965126905961,3.5184323073603796,1.8058192462864957,none,Ret_Vol_20,0,1,0.0,0.0,-0.3533333333333334,-0.3533333333333334
2016-08-10,1,0,0,0.38666666666666666,0.38666666666666666,0.9501922835498364,0.9501922835498364,0.3761777777777777,0.3761777777777777,0.004734588012062169,1.9004836134591736,0.07257760968533408,3.260193490860419,1.7600247755473954,none,Ret_Vol_20,0,1,0.0,0.0,-0.22666666666666668,-0.22666666666666668
2016-08-11,0,0,0,0.32,0.32,0.3856624808119848,0.3856624808119848,0.1024,0.1024,-0.0007960463737501922,1.947456082140401,0.06913685904470807,3.564495574590272,1.8690721629466545,none,Ret_Vol_20,0,1,0.0,0.0,-0.36,-0.36
2016-08-12,1,0,0,0.36333333333333334,0.36333333333333334,1.0124345924270572,1.0124345924270572,0.4053444444444445,0.4053444444444445,0.0027929092187690685,1.9580460920433895,0.06918046608462813,3.2441059984978615,1.7772043761921026,none,Ret_Vol_20,0,1,0.0,0.0,-0.2733333333333333,-0.2733333333333333
2016-08-15,0,0,0,0.3433333333333333,0.3433333333333333,0.4205787459182124,0.4205787459182124,0.11787777777777778,0.11787777777777778,-0.00547907701986905,2.0417271825462127,0.07048129105949649,3.5138321005141897,1.891984890490591,none,Ret_Vol_20,0,1,0.0,0.0,-0.31333333333333335,-0.31333333333333335
2016-08-16,1,0,0,0.4166666666666667,0.4166666666666667,0.8754687373538999,0.8754687373538999,0.3402777777777777,0.3402777777777777,0.001868589648029051,2.0583970206811126,0.06931759543350086,3.329847598925527,1.8431083665801533,none,Ret_Vol_20,0,1,0.0,0.0,-0.16666666666666663,-0.16666666666666663
2016-08-17,1,0,0,0.35333333333333333,0.35333333333333333,1.040343380544134,1.040343380544134,0.41817777777777787,0.41817777777777787,0.0021996173129046337,2.0806701901523343,0.07001150235633759,2.9831964234173824,1.7482304537930498,none,Ret_Vol_20,0,1,0.0,0.0,-0.29333333333333333,-0.29333333333333333
2016-08-18,0,0,0,0.33666666666666667,0.33666666666666667,0.41047764993170865,0.41047764993170865,0.11334444444444444,0.11334444444444444,-0.0014402713809749113,2.110056294160455,0.06706459671839246,3.2646297549046555,1.8435308231510965,none,Ret_Vol_20,0,1,0.0,0.0,-0.32666666666666666,-0.32666666666666666
2016-08-19,0,0,0,0.36333333333333334,0.36333333333333334,0.4515090466095711,0.4515090466095711,0.1320111111111111,0.1320111111111111,-0.000563323157221185,2.111100380401353,0.06892500417768274,3.503529177621507,1.9161764067002982,none,Ret_Vol_20,0,1,0.0,0.0,-0.2733333333333333,-0.2733333333333333
2016-08-22,1,0,0,0.3333333333333333,0.3333333333333333,1.0986122886681098,1.0986122886681098,0.44444444444444453,0.44444444444444453,0.0019517694055308787,2.1140245751730404,0.06674439613073549,3.0978607857291474,1.794991384627181,none,Ret_Vol_20,0,1,0.0,0.0,-0.33333333333333337,-0.33333333333333337
2016-08-23,0,0,0,0.42333333333333334,0.42333333333333334,0.5504908801584221,0.5504908801584221,0.17921111111111113,0.17921111111111113,-0.005240276852734871,2.1188639025632674,0.06617218778617436,3.2394344627377265,1.8392275561824771,none,Ret_Vol_20,0,1,0.0,0.0,-0.15333333333333332,-0.15333333333333332
2016-08-24,0,0,0,0.41333333333333333,0.41333333333333333,0.5332984796180493,0.5332984796180493,0.17084444444444444,0.17084444444444444,-0.0013652276243513173,2.118263236473336,0.06620530373088089,3.397226515271041,1.8863348402899107,none,Ret_Vol_20,0,1,0.0,0.0,-0.17333333333333334,-0.17333333333333334
2016-08-25,0,0,0,0.41333333333333333,0.41333333333333333,0.5332984796180493,0.5332984796180493,0.17084444444444444,0.17084444444444444,-0.0015788165944199406,2.120622925428789,0.06687959669523798,3.5540564211425663,1.934529975522857,none,Ret_Vol_20,0,1,0.0,0.0,-0.17333333333333334,-0.17333333333333334
2016-08-26,1,1,1,0.5433333333333333,0.5433333333333333,0.6100322738494387,0.6100322738494387,0.20854444444444445,0.20854444444444445,0.005228047221710774,2.122088019682354,0.06873259124385646,3.6336671018030655,1.9595551157870184,none,Ret_Vol_20,0,1,0.08666666666666667,0.08666666666666667,0.08666666666666667,0.08666666666666667
2016-08-29,0,0,0,0.33,0.33,0.4004775665971254,0.4004775665971254,0.10890000000000001,0.10890000000000001,-0.0019536804841114863,2.126596084964126,0.06841296914312721,3.921090529547728,2.0474894835929067,none,Ret_Vol_20,0,1,0.0,0.0,-0.33999999999999997,-0.33999999999999997
2016-08-30,0,0,0,0.45,0.45,0.5978370007556204,0.5978370007556204,0.2025,0.2025,-0.0023758642617150993,2.132629055294486,0.06959633051090652,4.010615217783081,2.077115086605991,none,Ret_Vol_20,0,1,0.0,0.0,-0.09999999999999998,-0.09999999999999998
2016-08-31,0,1,1,0.5466666666666666,0.5466666666666666,0.791127588920149,0.791127588920149,0.2988444444444444,0.2988444444444444,-4.1384533048027805e-05,2.1366165134470148,0.07156639240976415,3.90746697202015,2.0483566147077803,none,Ret_Vol_20,0,1,0.09333333333333327,0.09333333333333327,0.09333333333333327,0.09333333333333327
2016-09-01,1,0,0,0.45666666666666667,0.45666666666666667,0.7838015488280762,0.7838015488280762,0.2952111111111111,0.2952111111111111,0.004201041336424849,2.141939944064201,0.07151800631723722,3.8122117616491193,2.0218949080155872,none,Ret_Vol_20,0,1,0.0,0.0,-0.08666666666666667,-0.08666666666666667
2016-09-02,1,0,0,0.2966666666666667,0.2966666666666667,1.215146104924061,1.215146104924061,0.4946777777777778,0.4946777777777778,0.0029816787577114923,2.1505879224272544,0.07231536111681518,3.2887096408672036,1.8685426695661074,none,Ret_Vol_20,0,1,0.0,0.0,-0.4066666666666666,-0.4066666666666666
2016-09-06,0,0,0,0.39,0.39,0.4942963218147801,0.4942963218147801,0.1521,0.1521,-0.0001463852229309781,2.1577674567046943,0.07267988414917784,3.484903223297918,1.9303819149160066,none,Ret_Vol_20,0,1,0.0,0.0,-0.21999999999999997,-0.21999999999999997
2016-09-07,0,0,0,0.3566666666666667,0.3566666666666667,0.44109228575131554,0.44109228575131554,0.12721111111111114,0.12721111111111114,-0.0022230136296667036,2.1663455597768326,0.07397903126769155,3.732850855638061,2.0085871899824586,none,Ret_Vol_20,0,1,0.0,0.0,-0.2866666666666666,-0.2866666666666666
2016-09-08,0,0,0,0.4533333333333333,0.4533333333333333,0.6039160468320027,0.6039160468320027,0.2055111111111111,0.2055111111111111,-0.02452206896667508,2.1763846078892506,0.07450565685519864,3.817482681398907,2.038150344631932,none,Ret_Vol_20,0,1,0.0,0.0,-0.09333333333333338,-0.09333333333333338
2016-09-09,1,1,1,0.56,0.56,0.579818495252942,0.579818495252942,0.19359999999999997,0.19359999999999997,0.01467705274849096,2.1763846078892506,0.07367735971017711,3.9255871772598487,2.0703332042467077,none,Ret_Vol_20,0,1,0.1200000000000001,0.1200000000000001,0.1200000000000001,0.1200000000000001
2016-09-12,0,0,0,0.49333333333333335,0.49333333333333335,0.6799019538099248,0.6799019538099248,0.2433777777777778,0.2433777777777778,-0.014830674258895948,2.149239518646031,0.07338425167108067,3.933562380064928,2.061779796979215,none,Ret_Vol_20,0,1,0.0,0.0,-0.013333333333333308,-0.013333333333333308
2016-09-13,0,1,1,0.6033333333333334,0.6033333333333334,0.9246589815446719,0.9246589815446719,0.3640111111111112,0.3640111111111112,-0.0005876766502063147,2.12941975488156,0.06947119490735232,3.69812590641327,1.9820470323488106,none,Ret_Vol_20,0,1,0.20666666666666678,0.20666666666666678,0.20666666666666678,0.20666666666666678
2016-09-14,1,1,1,0.52,0.52,0.6539264674066639,0.6539264674066639,0.2304,0.2304,0.010109273363029914,2.1154573670291175,0.07080957771923561,3.733222534241504,1.9873925803998689,none,Ret_Vol_20,0,1,0.040000000000000036,0.040000000000000036,0.040000000000000036,0.040000000000000036
2016-09-15,0,0,0,0.47333333333333333,0.47333333333333333,0.6411874416292344,0.6411874416292344,0.22404444444444443,0.22404444444444443,-0.0037722947474507773,2.0347921478700455,0.07215300175541431,3.7807894482201707,1.9697995941406936,none,Ret_Vol_20,0,1,0.0,0.0,-0.053333333333333344,-0.053333333333333344
2016-09-16,0,1,1,0.5933333333333334,0.5933333333333334,0.8997614299229446,0.8997614299229446,0.3520444444444445,0.3520444444444445,-1.8603060785604697e-05,1.9896897331427505,0.07095619798568042,3.57096118437616,1.8884511079656525,none,Ret_Vol_20,0,1,0.18666666666666676,0.18666666666666676,0.18666666666666676,0.18666666666666676
2016-09-19,1,0,0,0.41333333333333333,0.41333333333333333,0.8835009090511642,0.8835009090511642,0.3441777777777778,0.3441777777777778,0.0002991382171499968,1.9616978461115784,0.07095619798568042,3.3784688177537756,1.8195066431664682,none,Ret_Vol_20,0,1,0.0,0.0,-0.17333333333333334,-0.17333333333333334
2016-09-20,1,1,1,0.5233333333333333,0.5233333333333333,0.647536669307893,0.647536669307893,0.2272111111111111,0.2272111111111111,0.010917162352442444,1.9347759596068905,0.07228128704500844,3.4217005147800714,1.8221049243902803,none,Ret_Vol_20,0,1,0.046666666666666634,0.046666666666666634,0.046666666666666634,0.046666666666666634
2016-09-21,1,0,0,0.47,0.47,0.7550225842780328,0.7550225842780328,0.28090000000000004,0.28090000000000004,0.006499784427785649,1.9241514676045515,0.07221689704923889,3.3577993419897663,1.798665458753522,none,Ret_Vol_20,0,1,0.0,0.0,-0.06000000000000005,-0.06000000000000005
2016-09-22,0,0,0,0.3933333333333333,0.3933333333333333,0.49977578757940566,0.49977578757940566,0.1547111111111111,0.1547111111111111,-0.00573677446354337,1.9090007940553824,0.07111573826954595,3.548099361395856,1.8493648475217734,none,Ret_Vol_20,0,1,0.0,0.0,-0.21333333333333337,-0.21333333333333337
2016-09-23,0,1,1,0.5066666666666667,0.5066666666666667,0.7065702008920861,0.7065702008920861,0.25671111111111117,0.25671111111111117,-0.008587762798917709,1.8986965871433763,0.07111573826954595,3.5316946109344105,1.8403217396185374,none,Ret_Vol_20,0,1,0.01333333333333342,0.01333333333333342,0.01333333333333342,0.01333333333333342
2016-09-26,1,0,0,0.45666666666666667,0.45666666666666667,0.7838015488280762,0.7838015488280762,0.2952111111111111,0.2952111111111111,0.006444170055012188,1.8264177182331933,0.07214500629639525,3.438564653609393,1.7837799852650138,none,Ret_Vol_20,0,1,0.0,0.0,-0.08666666666666667,-0.08666666666666667
2016-09-27,1,0,0,0.46,0.46,0.7765287894989963,0.7765287894989963,0.2916,0.2916,0.005296554012835575,1.7763299520231586,0.07099788515576139,3.3531690534521434,1.7377820623916347,none,Ret_Vol_20,0,1,0.0,0.0,-0.07999999999999996,-0.07999999999999996
2016-09-28,0,0,0,0.43666666666666665,0.43666666666666665,0.5738837597331276,0.5738837597331276,0.19067777777777775,0.19067777777777775,-0.009321411497187015,1.7427904729958077,0.07155966132451295,3.46979148076339,1.759521531824694,none,Ret_Vol_20,0,1,0.0,0.0,-0.1266666666666667,-0.1266666666666667
2016-09-29,1,1,1,0.5133333333333333,0.5133333333333333,0.666829872242572,0.666829872242572,0.23684444444444447,0.23684444444444447,0.007967969231286176,1.7197676638684594,0.07155966132451295,3.4933418577205018,1.7573775212608882,none,Ret_Vol_20,0,1,0.026666666666666616,0.026666666666666616,0.026666666666666616,0.026666666666666616
2016-09-30,0,0,0,0.44333333333333336,0.44333333333333336,0.585788662239446,0.585788662239446,0.19654444444444447,0.19654444444444447,-0.0032606955294726125,1.7045842230671102,0.07120652824095197,3.597380050040739,1.7824096627113515,none,Ret_Vol_20,0,1,0.0,0.0,-0.11333333333333329,-0.11333333333333329
2016-10-03,0,0,0,0.38333333333333336,0.38333333333333336,0.4834266495778762,0.4834266495778762,0.14694444444444446,0.14694444444444446,-0.0049555622707156965,1.6959016844301227,0.07164090696658829,3.8026939381542197,1.8406611273082913,none,Ret_Vol_20,0,1,0.0,0.0,-0.23333333333333328,-0.23333333333333328
2016-10-04,1,0,0,0.48,0.48,0.7339691750802004,0.7339691750802004,0.27040000000000003,0.27040000000000003,0.0042966906501935576,1.6930724861648199,0.0721522572781904,3.7577020999140096,1.826185301623588,none,Ret_Vol_20,0,1,0.0,0.0,-0.040000000000000036,-0.040000000000000036
2016-10-05,1,0,0,0.39,0.39,0.941608539858445,0.941608539858445,0.3721,0.3721,0.00048155976529717925,1.6993985067719097,0.07364816704273104,3.506386684411276,1.7537698581449659,none,Ret_Vol_20,0,1,0.0,0.0,-0.21999999999999997,-0.21999999999999997
2016-10-06,0,0,0,0.36333333333333334,0.36333333333333334,0.4515090466095711,0.4515090466095711,0.1320111111111111,0.1320111111111111,-0.0032534833570118105,1.7125745470136784,0.07447241941742337,3.743933538956659,1.8305516063176959,none,Ret_Vol_20,0,1,0.0,0.0,-0.2733333333333333,-0.2733333333333333
2016-10-07,1,0,0,0.38666666666666666,0.38666666666666666,0.9501922835498364,0.9501922835498364,0.3761777777777777,0.3761777777777777,0.004605905039596125,1.7036406298928928,0.07403316263307935,3.484143220388554,1.7489091668636472,none,Ret_Vol_20,0,1,0.0,0.0,-0.22666666666666668,-0.22666666666666668
2016-10-10,0,0,0,0.31333333333333335,0.31333333333333335,0.37590630586662,0.37590630586662,0.0981777777777778,0.0981777777777778,-0.012446471596532338,1.7036406298928928,0.0736928941942498,3.7970260812517935,1.84267194459097,none,Ret_Vol_20,0,1,0.0,0.0,-0.3733333333333333,-0.3733333333333333
2016-10-11,1,0,0,0.47333333333333333,0.47333333333333333,0.7479554170549403,0.7479554170549403,0.2773777777777777,0.2773777777777777,0.001146589037580359,1.7036406298928928,0.04556746442406476,3.73816169955082,1.8165750011496224,none,Ret_Vol_20,0,1,0.0,0.0,-0.053333333333333344,-0.053333333333333344
2016-10-12,0,0,0,0.39,0.39,0.4942963218147801,0.4942963218147801,0.1521,0.1521,-0.0030992637479612117,1.7036406298928928,0.04486404765132594,3.9319676074375236,1.874505748483812,none,Ret_Vol_20,0,1,0.0,0.0,-0.21999999999999997,-0.21999999999999997
2016-10-13,1,1,1,0.5366666666666666,0.5366666666666666,0.6223781096717381,0.6223781096717381,0.21467777777777783,0.21467777777777783,0.00020160447857309194,1.6884571890915439,0.04726949205288421,3.9973597874671185,1.8887716594926185,none,Ret_Vol_20,0,1,0.07333333333333325,0.07333333333333325,0.07333333333333325,0.07333333333333325
2016-10-14,0,0,0,0.44333333333333336,0.44333333333333336,0.585788662239446,0.585788662239446,0.19654444444444447,0.19654444444444447,-0.003037994040303138,1.6849603667497566,0.05155881638210805,4.098828944439248,1.9191004749463094,none,Ret_Vol_20,0,1,0.0,0.0,-0.11333333333333329,-0.11333333333333329
2016-10-17,1,0,0,0.41,0.41,0.8915981192837836,0.8915981192837836,0.3481000000000001,0.3481000000000001,0.006160403318245855,1.6884571890915436,0.050185655803960616,3.895510345867401,1.859091676138026,none,Ret_Vol_20,0,1,0.0,0.0,-0.18000000000000005,-0.18000000000000005
2016-10-18,1,0,0,0.35333333333333333,0.35333333333333333,1.040343380544134,1.040343380544134,0.41817777777777787,0.41817777777777787,0.0021919710189710617,1.6992767113034146,0.04926797786541498,3.545198047526906,1.758050492139062,none,Ret_Vol_20,0,1,0.0,0.0,-0.29333333333333333,-0.29333333333333333
2016-10-19,0,0,0,0.38,0.38,0.4780358009429998,0.4780358009429998,0.1444,0.1444,-0.0013757239543792377,1.7185513196051776,0.048494627586633136,3.756143847197146,1.8288120702772046,none,Ret_Vol_20,0,1,0.0,0.0,-0.24,-0.24
2016-10-20,0,0,0,0.44,0.44,0.579818495252942,0.579818495252942,0.1936,0.1936,-8.414160005176807e-05,1.71619480157528,0.04722359001707016,3.8647692032699545,1.8600757586162195,none,Ret_Vol_20,0,1,0.0,0.0,-0.12,-0.12
2016-10-21,1,0,0,0.38,0.38,0.9675840262617056,0.9675840262617056,0.3844,0.3844,0.004749839541692946,1.7185513196051776,0.04722359001707016,3.586997362524862,1.7776868136046509,none,Ret_Vol_20,0,1,0.0,0.0,-0.24,-0.24
2016-10-24,0,0,0,0.30333333333333334,0.30333333333333334,0.3614482226913901,0.3614482226913901,0.09201111111111111,0.09201111111111111,-0.0037977277864983394,1.7257444364599588,0.04315851922313763,3.913759549921669,1.8773731953274253,none,Ret_Vol_20,0,1,0.0,0.0,-0.3933333333333333,-0.3933333333333333
2016-10-25,0,0,0,0.3566666666666667,0.3566666666666667,0.44109228575131554,0.44109228575131554,0.12721111111111114,0.12721111111111114,-0.0017404116452881535,1.7381751759225315,0.043303246431180054,4.159678071713226,1.9561644658123343,none,Ret_Vol_20,0,1,0.0,0.0,-0.2866666666666666,-0.2866666666666666
2016-10-26,0,0,0,0.4166666666666667,0.4166666666666667,0.5389965007326871,0.5389965007326871,0.17361111111111113,0.17361111111111113,-0.0029867267366989747,1.7707997514389564,0.04539426243108935,4.306977333562975,2.014031379373802,none,Ret_Vol_20,0,1,0.0,0.0,-0.16666666666666663,-0.16666666666666663
2016-10-27,0,0,0,0.43333333333333335,0.43333333333333335,0.5679840376059393,0.5679840376059393,0.1877777777777778,0.1877777777777778,-0.0031082993435224138,1.809932543005743,0.05285265118751924,4.424720252169394,2.067244888209371,none,Ret_Vol_20,0,1,0.0,0.0,-0.1333333333333333,-0.1333333333333333
2016-10-28,0,0,0,0.44333333333333336,0.44333333333333336,0.585788662239446,0.585788662239446,0.19654444444444447,0.19654444444444447,-0.00012227640782913607,1.8301851019016706,0.09883048904053103,4.524180372486932,2.1189772992189075,none,Ret_Vol_20,0,1,0.0,0.0,-0.11333333333333329,-0.11333333333333329
2016-10-31,0,0,0,0.43,0.43,0.5621189181535411,0.5621189181535411,0.18489999999999998,0.18489999999999998,-0.006786883476427641,1.8470696251340506,0.09577431374422704,4.646723904202741,2.161577315437711,none,Ret_Vol_20,0,1,0.0,0.0,-0.14,-0.14
2016-11-01,0,1,1,0.5233333333333333,0.5233333333333333,0.7409378443962937,0.7409378443962937,0.2738777777777778,0.2738777777777778,-0.00652550029741239,1.870425779141496,0.09628025273712582,4.590715217706729,2.1542689527897547,none,Ret_Vol_20,0,1,0.046666666666666634,0.046666666666666634,0.046666666666666634,0.046666666666666634
2016-11-02,0,1,1,0.5066666666666667,0.5066666666666667,0.7065702008920861,0.7065702008920861,0.25671111111111117,0.25671111111111117,-0.004423400838946101,1.8969656557606416,0.09428634797537622,4.569176255106397,2.1578250432287884,none,Ret_Vol_20,0,1,0.01333333333333342,0.01333333333333342,0.01333333333333342,0.01333333333333342
2016-11-03,0,1,1,0.5966666666666667,0.5966666666666667,0.90799192905946,0.90799192905946,0.3560111111111111,0.3560111111111111,-0.0016661307322337615,1.9166553375513338,0.09450124689240824,4.347262328145112,2.0991912075317893,none,Ret_Vol_20,0,1,0.19333333333333336,0.19333333333333336,0.19333333333333336,0.19333333333333336
2016-11-04,1,1,1,0.6433333333333333,0.6433333333333333,0.44109228575131554,0.44109228575131554,0.12721111111111114,0.12721111111111114,0.022223543967337278,1.9386844539602326,0.09401011936351283,4.591103251424929,2.1810077928206257,none,Ret_Vol_20,0,1,0.2866666666666666,0.2866666666666666,0.2866666666666666,0.2866666666666666
2016-11-07,1,0,0,0.4033333333333333,0.4033333333333333,0.90799192905946,0.90799192905946,0.3560111111111111,0.3560111111111111,0.0037719744542996647,1.9217663636883673,0.09439415368315651,4.369082013815339,2.1077493957248956,none,Ret_Vol_20,0,1,0.0,0.0,-0.19333333333333336,-0.19333333333333336
2016-11-08,1,0,0,0.38333333333333336,0.38333333333333336,0.958850346292951,0.958850346292951,0.3802777777777778,0.3802777777777778,0.011077020753253342,1.9217663636883673,0.09576328517104987,4.097465690707642,2.0266752382389543,none,Ret_Vol_20,0,1,0.0,0.0,-0.23333333333333328,-0.23333333333333328
2016-11-09,1,1,1,0.5233333333333333,0.5233333333333333,0.647536669307893,0.647536669307893,0.2272111111111111,0.2272111111111111,0.0019507459501284519,1.9172728620835862,0.09608214806377063,4.136980107470361,2.0368278214936737,none,Ret_Vol_20,0,1,0.046666666666666634,0.046666666666666634,0.046666666666666634,0.046666666666666634
2016-11-10,0,1,1,0.5833333333333334,0.5833333333333334,0.8754687373539001,0.8754687373539001,0.34027777777777785,0.34027777777777785,-0.0013979503036608554,1.9217663636883673,0.09904512302131815,3.949426757339748,1.983248109583667,none,Ret_Vol_20,0,1,0.16666666666666674,0.16666666666666674,0.16666666666666674,0.16666666666666674
2016-11-11,0,0,0,0.49666666666666665,0.49666666666666665,0.6865026378412766,0.6865026378412766,0.24667777777777775,0.24667777777777775,-0.00011550278622274313,1.894551530984268,0.09608214806377063,3.950833055811339,1.97189517355624,none,Ret_Vol_20,0,1,0.0,0.0,-0.00666666666666671,-0.00666666666666671
2016-11-14,1,0,0,0.4066666666666667,0.4066666666666667,0.8997614299229445,0.8997614299229445,0.3520444444444444,0.3520444444444444,0.007480797417763307,1.8704979306040974,0.09788802554599682,3.739943528081308,1.8995486383298306,none,Ret_Vol_20,0,1,0.0,0.0,-0.18666666666666665,-0.18666666666666665
2016-11-15,0,1,1,0.5033333333333333,0.5033333333333333,0.6998361687107418,0.6998361687107418,0.2533444444444444,0.2533444444444444,-0.0015822634216101639,1.8704979306040974,0.09442185830915974,3.7290288736291712,1.8952343918231382,none,Ret_Vol_20,0,1,0.006666666666666599,0.006666666666666599,0.006666666666666599,0.006666666666666599
2016-11-16,1,0,0,0.33666666666666667,0.33666666666666667,1.0886619578149417,1.0886619578149417,0.44001111111111113,0.44001111111111113,0.004676369608375142,2.816128463518356,0.09922821692483177,3.3310890627014667,2.155546569295232,none,Ret_Vol_20,0,1,0.0,0.0,-0.32666666666666666,-0.32666666666666666
2016-11-17,0,0,0,0.35,0.35,0.4307829160924542,0.4307829160924542,0.12249999999999998,0.12249999999999998,-0.002386798421690206,2.80894077699247,0.1044528733742054,3.589862646721385,2.231870966825665,none,Ret_Vol_20,0,1,0.0,0.0,-0.30000000000000004,-0.30000000000000004
2016-11-18,1,0,0,0.36333333333333334,0.36333333333333334,1.0124345924270572,1.0124345924270572,0.4053444444444445,0.4053444444444445,0.0074614006258433285,2.8042201738684644,0.1044528733742054,3.2684259744616764,2.1335517238981505,none,Ret_Vol_20,0,1,0.0,0.0,-0.2733333333333333,-0.2733333333333333
2016-11-21,1,0,0,0.42333333333333334,0.42333333333333334,0.8595953881976097,0.8595953881976097,0.3325444444444444,0.3325444444444444,0.002165432272904111,2.801880512632353,0.10266435767958582,3.1005778285115495,2.0817248609102816,none,Ret_Vol_20,0,1,0.0,0.0,-0.15333333333333332,-0.15333333333333332
2016-11-22,1,0,0,0.33666666666666667,0.33666666666666667,1.0886619578149417,1.0886619578149417,0.44001111111111113,0.44001111111111113,0.0008080244329033981,2.8018805126323527,0.10660958769492414,2.705419372747487,1.9643608931856644,none,Ret_Vol_20,0,1,0.0,0.0,-0.32666666666666666,-0.32666666666666666
2016-11-23,1,0,0,0.3333333333333333,0.3333333333333333,1.0986122886681098,1.0986122886681098,0.44444444444444453,0.44444444444444453,0.003914386891670674,2.8042201738684644,0.10995623094627628,2.344628697867122,1.8580635481914052,none,Ret_Vol_20,0,1,0.0,0.0,-0.33333333333333337,-0.33333333333333337
2016-11-25,0,0,0,0.38333333333333336,0.38333333333333336,0.4834266495778762,0.4834266495778762,0.14694444444444446,0.14694444444444446,-0.005254535631502799,2.80894077699247,0.10790220750654275,2.5130274620285524,1.9098552116575167,none,Ret_Vol_20,0,1,0.0,0.0,-0.23333333333333328,-0.23333333333333328
2016-11-28,1,0,0,0.43666666666666665,0.43666666666666665,0.8285851514550495,0.8285851514550495,0.3173444444444445,0.3173444444444445,0.0013352930642269722,2.816128463518356,0.11172631106442399,2.379387356657344,1.873785485723873,none,Ret_Vol_20,0,1,0.0,0.0,-0.1266666666666667,-0.1266666666666667
2016-11-29,0,0,0,0.36,0.36,0.4462871026284195,0.4462871026284195,0.1296,0.1296,-0.0026534040390964186,2.8259221245885957,0.1148580006260475,2.626964178619482,1.952915503609097,none,Ret_Vol_20,0,1,0.0,0.0,-0.28,-0.28
2016-11-30,0,0,0,0.43,0.43,0.5621189181535411,0.5621189181535411,0.18489999999999998,0.18489999999999998,-0.0035155289737457407,2.8385273293928766,0.11433284262750638,2.7581388603533075,1.9971524426513947,none,Ret_Vol_20,0,1,0.0,0.0,-0.14,-0.14
2016-12-01,1,0,0,0.4666666666666667,0.4666666666666667,0.7621400520468967,0.7621400520468967,0.28444444444444444,0.28444444444444444,0.00039700650631591117,2.8385273293928766,0.11433284262750638,2.6895891601427406,1.9765875325882245,none,Ret_Vol_20,0,1,0.0,0.0,-0.06666666666666665,-0.06666666666666665
2016-12-02,1,0,0,0.37333333333333335,0.37333333333333335,0.9852836033611064,0.9852836033611064,0.3927111111111112,0.3927111111111112,0.005821305253253195,2.843713045688077,0.11645795581743366,2.3991478109850233,1.892166948315968,none,Ret_Vol_20,0,1,0.0,0.0,-0.2533333333333333,-0.2533333333333333
2016-12-05,1,0,0,0.33,0.33,1.1086626245216111,1.1086626245216111,0.4488999999999999,0.4488999999999999,0.0034108883546988267,2.8544029848846453,0.11793191052493836,2.659628000414921,1.975029167235816,none,Ret_Vol_20,0,1,0.0,0.0,-0.33999999999999997,-0.33999999999999997
2016-12-06,1,0,0,0.2733333333333333,0.2733333333333333,1.297063227391948,1.297063227391948,0.5280444444444444,0.5280444444444444,0.013163241364864575,2.8892761074766864,0.1170001255577012,3.257525393418345,2.1680680986834884,none,Ret_Vol_20,0,1,0.0,0.0,-0.45333333333333337,-0.45333333333333337
2016-12-07,1,0,0,0.47333333333333333,0.47333333333333333,0.7479554170549403,0.7479554170549403,0.2773777777777777,0.2773777777777777,0.0021593430473272335,2.930579832187348,0.11705041247042493,3.3061082405649875,2.199179528785563,none,Ret_Vol_20,0,1,0.0,0.0,-0.053333333333333344,-0.053333333333333344
2016-12-08,1,0,0,0.43666666666666665,0.43666666666666665,0.8285851514550495,0.8285851514550495,0.3173444444444445,0.3173444444444445,0.005938984786955759,2.9811903761146055,0.11644342120106523,3.43477562134572,2.257841863209878,none,Ret_Vol_20,0,1,0.0,0.0,-0.1266666666666667,-0.1266666666666667
2016-12-09,0,0,0,0.48333333333333334,0.48333333333333334,0.6603573577369546,0.6603573577369546,0.2336111111111111,0.2336111111111111,-0.0011374349205595102,3.0472974901847483,0.11123303104430919,3.395381428630783,2.2709033339764266,none,Ret_Vol_20,0,1,0.0,0.0,-0.033333333333333326,-0.033333333333333326
2016-12-12,1,1,1,0.5366666666666666,0.5366666666666666,0.6223781096717381,0.6223781096717381,0.21467777777777783,0.21467777777777783,0.006539774750587091,3.1477282098980184,0.11144425494925049,3.3183317260965715,2.288024078272954,none,Ret_Vol_20,0,1,0.07333333333333325,0.07333333333333325,0.07333333333333325,0.07333333333333325
2016-12-13,0,0,0,0.48,0.48,0.6539264674066639,0.6539264674066639,0.2304,0.2304,-0.00811717185395111,4.114611947708879,0.10493224085989106,3.2730199702339497,2.6592304424117037,moderate,Ret_Vol_20,1,1,0.0,0.0,-0.040000000000000036,-0.040000000000000036
2016-12-14,1,1,1,0.5033333333333333,0.6833333333333333,0.6865026378412769,0.38077249551779285,0.2466777777777778,0.10027777777777777,0.0038832279549072535,3.0005045719660752,0.04585868143272589,0.0,1.213959433216248,none,Ret_Vol_20,0,1,0.006666666666666599,0.3666666666666667,0.006666666666666599,0.3666666666666667
2016-12-15,0,0,1,0.36333333333333334,0.5833333333333334,0.4515090466095711,0.8754687373539001,0.1320111111111111,0.34027777777777785,-0.0017506226204834219,2.9940019704730356,0.04817049790785084,0.24734812091805358,1.2862563738369857,none,Ret_Vol_20,0,1,0.0,0.16666666666666674,-0.2733333333333333,0.16666666666666674
2016-12-16,1,0,0,0.4866666666666667,0.45666666666666667,0.7201758529478646,0.7838015488280762,0.2635111111111111,0.2952111111111111,0.001975120701520394,2.9762036504612452,0.0490759192828852,0.35113540917954,1.3105448587232258,none,Ret_Vol_20,0,1,0.0,0.0,-0.026666666666666616,-0.08666666666666667
2016-12-19,1,0,1,0.43333333333333335,0.5133333333333333,0.8362480242006186,0.666829872242572,0.32111111111111107,0.23684444444444447,0.0036375121488696482,2.9716822650469448,0.04797785932589556,0.3412471179365266,1.3054403991975045,none,Ret_Vol_20,0,1,0.0,0.026666666666666616,-0.1333333333333333,0.026666666666666616
2016-12-20,0,0,1,0.41,0.51,0.5276327420823718,0.7133498878774648,0.16809999999999997,0.2601,-0.0024573614565177593,2.9967232943445294,0.04990251224781379,0.37055249745003016,1.324825820647165,none,Ret_Vol_20,0,1,0.0,0.020000000000000018,-0.18000000000000005,0.020000000000000018
2016-12-21,0,0,1,0.42,0.63,0.5447271754416719,0.9942522733438669,0.17639999999999997,0.39690000000000003,-0.0018629737285675851,2.9716822650469448,0.04254660985315834,0.6290589682666182,1.390154579454711,none,Ret_Vol_20,0,1,0.0,0.26,-0.16000000000000003,0.26
2016-12-22,1,0,1,0.41333333333333333,0.64,0.8835009090511642,0.4462871026284195,0.3441777777777778,0.1296,0.0012517152775348706,2.949311019432956,0.03797479674783762,0.38095151121045306,1.3054023001606696,none,Ret_Vol_20,0,1,0.0,0.28,-0.17333333333333334,0.28
2016-12-23,1,0,0,0.38333333333333336,0.4533333333333333,0.958850346292951,0.7911275889201491,0.3802777777777778,0.2988444444444444,0.0022483727122095676,2.929269866566134,0.03876905826467904,0.465592911791572,1.323016537643329,none,Ret_Vol_20,0,1,0.0,0.0,-0.23333333333333328,-0.09333333333333338
2016-12-27,0,0,0,0.32666666666666666,0.3933333333333333,0.3955147772549963,0.49977578757940566,0.1067111111111111,0.1547111111111111,-0.008356529175972627,2.929269866566134,0.03876905826467904,0.3472086349280458,1.2875012545842712,none,Ret_Vol_20,0,1,0.0,0.0,-0.3466666666666667,-0.21333333333333337
2016-12-28,0,1,1,0.5066666666666667,0.5666666666666667,0.7065702008920861,0.8362480242006186,0.25671111111111117,0.32111111111111107,-0.000293304709629405,2.911302284401052,0.028483212763591902,0.4193070256899644,1.2988579852964877,none,Ret_Vol_20,0,1,0.01333333333333342,0.1333333333333333,0.01333333333333342,0.1333333333333333
2016-12-29,0,0,1,0.42333333333333334,0.6,0.5504908801584221,0.916290731874155,0.17921111111111113,0.36,-0.004637050227782158,2.8952098887956055,0.030572976066436566,0.6170337529853538,1.3523659742337792,none,Ret_Vol_20,0,1,0.0,0.19999999999999996,-0.15333333333333332,0.19999999999999996
2016-12-30,1,1,1,0.5233333333333333,0.5766666666666667,0.647536669307893,0.5504908801584221,0.2272111111111111,0.17921111111111113,0.008486575281279274,2.8808364143549428,0.026168219652994297,0.46296672226670554,1.2990750483178872,none,Ret_Vol_20,0,1,0.046666666666666634,0.15333333333333332,0.046666666666666634,0.15333333333333332
2017-01-03,1,0,1,0.4766666666666667,0.56,0.7409378443962937,0.579818495252942,0.2738777777777778,0.19359999999999997,0.005722273788525856,2.8680570573587567,0.02472220192190038,0.3478226463059717,1.2589862774118643,none,Ret_Vol_20,0,1,0.0,0.1200000000000001,-0.046666666666666634,0.1200000000000001
2017-01-04,0,0,1,0.4,0.5633333333333334,0.5108256237659907,0.8285851514550495,0.16000000000000003,0.3173444444444445,-0.0007706704833204681,2.856771157278467,0.022476589168031073,0.4719007565301043,1.2910216666208274,none,Ret_Vol_20,0,1,0.0,0.1266666666666667,-0.19999999999999996,0.1266666666666667
2017-01-05,1,0,1,0.4166666666666667,0.65,0.8754687373538999,0.4307829160924542,0.3402777777777777,0.12249999999999998,0.0035169592193697863,2.8468970389331485,0.026716106683649977,0.4126340618657457,1.2705638661380783,none,Ret_Vol_20,0,1,0.0,0.30000000000000004,-0.16666666666666663,0.30000000000000004
2017-01-06,0,0,0,0.32666666666666666,0.47,0.3955147772549963,0.6348782724359695,0.1067111111111111,0.22089999999999999,-0.0035485942758867184,2.8468970389331485,0.026069822227651772,0.46080327478985494,1.2848207446785116,none,Ret_Vol_20,0,1,0.0,0.0,-0.3466666666666667,-0.06000000000000005
2017-01-09,0,0,1,0.37666666666666665,0.6066666666666667,0.47267385780161447,0.9330978501905364,0.14187777777777777,0.36804444444444445,0.0,2.8468970389331485,0.025994108656494035,0.403597213317194,1.267636212165366,none,Ret_Vol_20,0,1,0.0,0.21333333333333337,-0.2466666666666667,0.21333333333333337
2017-01-10,1,0,1,0.37,0.5566666666666666,0.9942522733438669,0.585788662239446,0.39690000000000003,0.19654444444444447,0.0028296382793233654,2.8468970389331485,0.027302193504091375,0.331208997053936,1.2463121727406679,none,Ret_Vol_20,0,1,0.0,0.11333333333333329,-0.26,0.11333333333333329
2017-01-11,0,0,0,0.34,0.45666666666666667,0.41551544396166595,0.6100322738494387,0.11560000000000002,0.20854444444444445,-0.0021448089967596173,2.8468970389331485,0.029322903182977367,0.40842296278558576,1.2700825753638283,none,Ret_Vol_20,0,1,0.0,0.0,-0.31999999999999995,-0.08666666666666667
2017-01-12,1,0,1,0.37666666666666665,0.5833333333333334,0.9763946559438605,0.5389965007326869,0.3885444444444444,0.17361111111111108,0.0018498402425362048,2.8468970389331485,0.03314763363437366,0.5492602146915673,1.3134811700710418,none,Ret_Vol_20,0,1,0.0,0.16666666666666674,-0.2466666666666667,0.16666666666666674
2017-01-13,0,0,1,0.34,0.5033333333333333,0.41551544396166595,0.6998361687107418,0.11560000000000002,0.2533444444444444,-0.0029675026899970147,2.8468970389331485,0.03385408766797801,0.5302102946229259,1.3079781302605307,none,Ret_Vol_20,0,1,0.0,0.006666666666666599,-0.31999999999999995,0.006666666666666599
2017-01-17,1,0,0,0.37333333333333335,0.49333333333333335,0.9852836033611064,0.706570200892086,0.3927111111111112,0.25671111111111106,0.0017637540575008437,2.8468970389331485,0.032991145342158204,0.5055983402024852,1.3003356612366526,none,Ret_Vol_20,0,1,0.0,0.0,-0.2533333333333333,-0.013333333333333308
2017-01-18,0,0,0,0.3,0.42333333333333334,0.35667494393873245,0.5504908801584221,0.09,0.17921111111111113,-0.003609308355419394,2.8468970389331485,0.03402058442140045,0.6313497340673073,1.338369911119872,none,Ret_Vol_20,0,1,0.0,0.0,-0.4,-0.15333333333333332
2017-01-19,1,0,0,0.38333333333333336,0.48,0.958850346292951,0.7339691750802004,0.3802777777777778,0.27040000000000003,0.003366237154707852,2.8468970389331485,0.03519139998242473,0.5760281205543909,1.3221246717343043,none,Ret_Vol_20,0,1,0.0,0.0,-0.23333333333333328,-0.040000000000000036
2017-01-20,0,0,0,0.35,0.4033333333333333,0.4307829160924542,0.516396668815446,0.12249999999999998,0.16267777777777775,-0.002690124758069401,2.8468970389331485,0.03319228727637891,0.7317889775961554,1.3682531950350196,none,Ret_Vol_20,0,1,0.0,0.0,-0.30000000000000004,-0.19333333333333336
2017-01-23,1,0,0,0.37333333333333335,0.48333333333333334,0.9852836033611064,0.7270487322356266,0.3927111111111112,0.2669444444444444,0.006564593637664151,2.8468970389331485,0.03352888477168657,0.6790089714630629,1.3525201724436844,none,Ret_Vol_20,0,1,0.0,0.0,-0.2533333333333333,-0.033333333333333326
2017-01-24,1,0,0,0.36333333333333334,0.44333333333333336,1.0124345924270572,0.8134333464344472,0.4053444444444445,0.30987777777777775,0.008026090549617448,2.8468970389331485,0.03352888477168657,0.5449985963286282,1.312317059903354,none,Ret_Vol_20,0,1,0.0,0.0,-0.2733333333333333,-0.11333333333333329
2017-01-25,0,0,0,0.36333333333333334,0.43,0.4515090466095711,0.5621189181535411,0.1320111111111111,0.18489999999999998,-0.0007353844075136395,2.8468970389331485,0.034034396176908434,0.6581132190055828,1.3464031001280068,none,Ret_Vol_20,0,1,0.0,0.0,-0.2733333333333333,-0.14
2017-01-26,0,0,1,0.36333333333333334,0.55,0.4515090466095711,0.7985076962177717,0.1320111111111111,0.30250000000000005,-0.000866463892926328,2.8468970389331485,0.03330683159940629,0.5390898965626957,1.31047783402189,none,Ret_Vol_20,0,1,0.0,0.10000000000000009,-0.2733333333333333,0.10000000000000009
2017-01-27,0,0,1,0.46,0.6533333333333333,0.616186139423817,1.0593915755148284,0.2116,0.4268444444444444,-0.006009543517695892,2.8468970389331485,0.036269179663438726,0.559942709382072,1.3176223822869129,none,Ret_Vol_20,0,1,0.0,0.30666666666666664,-0.07999999999999996,0.30666666666666664
2017-01-30,0,0,1,0.4533333333333333,0.6233333333333333,0.6039160468320027,0.9763946559438604,0.2055111111111111,0.3885444444444444,-0.0008899054071440649,2.8468970389331485,0.034855394533540175,0.8350201694894698,1.3997214847801625,none,Ret_Vol_20,0,1,0.0,0.2466666666666666,-0.09333333333333338,0.2466666666666666
2017-01-31,1,0,1,0.43,0.5,0.843970070294529,0.6931471805599453,0.3249000000000001,0.25,0.00029836348965073256,2.8468970389331485,0.03790253843095556,0.8271054671903435,1.3982612172596491,none,Ret_Vol_20,0,1,0.0,0.0,-0.14,0.0
2017-02-01,1,0,1,0.38,0.5033333333333333,0.9675840262617056,0.6865026378412769,0.3844,0.2466777777777778,0.0005703094032936118,2.8468970389331485,0.039306769636756694,0.8129874114155122,1.3944470698889404,none,Ret_Vol_20,0,1,0.0,0.006666666666666599,-0.24,0.006666666666666599
2017-02-02,1,0,0,0.3433333333333333,0.49333333333333335,1.0690534864265653,0.706570200892086,0.4312111111111112,0.25671111111111106,0.007264758098647794,2.8468970389331485,0.03981228104197855,0.8187619331833731,1.396331079840865,none,Ret_Vol_20,0,1,0.0,0.0,-0.31333333333333335,-0.013333333333333308
2017-02-03,0,0,0,0.32,0.38666666666666666,0.3856624808119848,0.4888467170472155,0.1024,0.1495111111111111,-0.002115356985885164,2.8666122003857533,0.0405755345829696,0.6128686557371351,1.3426781372503327,none,Ret_Vol_20,0,1,0.0,0.0,-0.36,-0.22666666666666668
2017-02-06,1,0,1,0.35,0.5733333333333334,1.0498221244986778,0.556287997842748,0.42250000000000004,0.18204444444444443,0.00022682918569594257,2.8750794814984766,0.041066662111865,0.4782625478822825,1.3058305555976348,none,Ret_Vol_20,0,1,0.0,0.14666666666666672,-0.30000000000000004,0.14666666666666672
2017-02-07,1,0,1,0.31,0.5,1.171182981502945,0.6931471805599453,0.4760999999999999,0.25,0.0006933223855400961,2.9392036343285057,0.042546655031588124,0.48045472882942875,1.3325818688897073,none,Ret_Vol_20,0,1,0.0,0.0,-0.38,0.0
2017-02-08,1,0,0,0.2833333333333333,0.4266666666666667,1.2611312181658847,0.8517522107365838,0.5136111111111111,0.328711111111111,0.005752546449780516,3.0377411120830597,0.04415244506078559,0.6370204343973245,1.419448308670657,none,Ret_Vol_20,0,1,0.0,0.0,-0.43333333333333335,-0.1466666666666666
2017-02-09,1,0,0,0.30333333333333334,0.4066666666666667,1.192922968139351,0.8997614299229445,0.4853444444444444,0.3520444444444444,0.003566050102845164,3.0641180580664305,0.04032771460938929,0.8363498482604461,1.488650492087523,none,Ret_Vol_20,0,1,0.0,0.0,-0.3933333333333333,-0.18666666666666665
2017-02-10,1,0,0,0.36,0.41,1.0216512475319814,0.8915981192837836,0.4096,0.3481000000000001,0.005245845097992419,3.0943202021688796,0.04032771460938929,1.0227367989038079,1.5566474349215111,none,Ret_Vol_20,0,1,0.0,0.0,-0.28,-0.18000000000000005
2017-02-13,1,0,0,0.36,0.43333333333333335,1.0216512475319814,0.8362480242006186,0.4096,0.32111111111111107,0.004007335176634763,3.1293280128065057,0.04123854323455804,1.1505776335966826,1.6092760581719745,none,Ret_Vol_20,0,1,0.0,0.0,-0.28,-0.1333333333333333
2017-02-14,1,0,0,0.44,0.48,0.8209805520698302,0.7339691750802004,0.31360000000000005,0.27040000000000003,0.004992308919898214,3.1707274022832097,0.04310644751242616,1.1755310004650332,1.6338821953065217,none,Ret_Vol_20,0,1,0.0,0.0,-0.12,-0.040000000000000036
2017-02-15,0,0,0,0.48,0.49666666666666665,0.6539264674066639,0.6865026378412766,0.2304,0.24667777777777775,-0.0008641180363413437,3.221378465288037,0.04260561082779049,1.1535413921961013,1.6473954870223824,none,Ret_Vol_20,0,1,0.0,0.0,-0.040000000000000036,-0.00666666666666671
2017-02-16,1,0,1,0.3566666666666667,0.6,1.030953640194295,0.5108256237659907,0.41387777777777773,0.16000000000000003,0.0016785565287558146,3.2874339651339386,0.043526532122181105,0.9603671930869794,1.6161417036163237,none,Ret_Vol_20,0,1,0.0,0.19999999999999996,-0.2866666666666666,0.19999999999999996
2017-02-17,1,0,0,0.3466666666666667,0.4633333333333333,1.0593915755148284,0.7693085415255093,0.4268444444444444,0.28801111111111105,0.006048066160828425,3.3876016705376797,0.04195291534459358,1.0242246068784784,1.6748939248819934,none,Ret_Vol_20,0,1,0.0,0.0,-0.30666666666666664,-0.07333333333333336
2017-02-21,0,0,0,0.37,0.4666666666666667,0.4620354595965587,0.6286086594223742,0.1369,0.2177777777777778,-0.001082200145408052,4.348210126076159,0.04195291534459358,0.9490526270083995,2.0365857131363616,none,Ret_Vol_20,0,1,0.0,0.0,-0.26,-0.06666666666666665
2017-02-22,1,0,1,0.4066666666666667,0.57,0.8997614299229445,0.5621189181535413,0.3520444444444444,0.18490000000000004,0.00041898672168572126,4.377244250342505,0.04159879107606079,0.8104049850426561,2.006498832972617,none,Ret_Vol_20,0,1,0.0,0.1399999999999999,-0.18666666666666665,0.1399999999999999
2017-02-23,1,0,0,0.37666666666666665,0.45,0.9763946559438605,0.7985076962177716,0.3885444444444444,0.30250000000000005,0.0014933641914423035,4.410048373367488,0.03991577635790423,0.9061098474724245,2.0478270364960935,none,Ret_Vol_20,0,1,0.0,0.0,-0.2466666666666667,-0.09999999999999998
2017-02-24,1,0,0,0.38666666666666666,0.4766666666666667,0.9501922835498364,0.7409378443962937,0.3761777777777777,0.2738777777777778,0.0010179830611165563,4.447612910489232,0.038866690685342736,0.9434665925580968,2.0737451491687247,none,Ret_Vol_20,0,1,0.0,0.0,-0.22666666666666668,-0.046666666666666634
2017-02-27,0,0,0,0.34,0.45666666666666667,0.41551544396166595,0.6100322738494387,0.11560000000000002,0.20854444444444445,-0.0025783763780462543,4.491537462070336,0.03801569882842616,0.8517887436061378,2.0635563175585037,none,Ret_Vol_20,0,1,0.0,0.0,-0.31999999999999995,-0.08666666666666667
2017-02-28,1,0,0,0.43333333333333335,0.4633333333333333,0.8362480242006186,0.7693085415255093,0.32111111111111107,0.28801111111111105,0.013673854659866258,4.544704326188207,0.036832356609111244,0.9180617031395805,2.1043499483998906,none,Ret_Vol_20,0,1,0.0,0.0,-0.1333333333333333,-0.07333333333333336
2017-03-01,0,0,1,0.4066666666666667,0.5466666666666666,0.521998924364116,0.791127588920149,0.1653777777777778,0.2988444444444444,-0.005859880503598425,4.613311688924798,0.03601414143481028,1.0044596330113535,2.157466807903768,none,Ret_Vol_20,0,1,0.0,0.09333333333333327,-0.18666666666666665,0.09333333333333327
2017-03-02,1,0,1,0.45666666666666667,0.6166666666666667,0.7838015488280762,0.4834266495778762,0.2952111111111111,0.14694444444444443,0.0005038772720600271,4.716205243677419,0.0375586017691765,0.7873321520214293,2.1339493236081495,none,Ret_Vol_20,0,1,0.0,0.2333333333333334,-0.08666666666666667,0.2333333333333334
2017-03-03,0,0,1,0.37666666666666665,0.5766666666666667,0.47267385780161447,0.8595953881976097,0.14187777777777777,0.3325444444444444,-0.0032772408480052917,5.686257932037002,0.0381202349249334,0.9434282011766124,2.5689677036452645,none,Ret_Vol_20,0,1,0.0,0.15333333333333332,-0.2466666666666667,0.15333333333333332
2017-03-06,0,0,1,0.44666666666666666,0.5966666666666667,0.5917946862996578,0.90799192905946,0.1995111111111111,0.3560111111111111,-0.0029133737680216987,6.656539693807842,0.0417187307015469,1.144202744102427,3.018392319964329,moderate,Ret_Vol_20,1,1,0.0,0.19333333333333336,-0.10666666666666669,0.19333333333333336
2017-03-07,0,0,1,0.45666666666666667,0.6533333333333333,0.6100322738494387,1.0593915755148284,0.20854444444444445,0.4268444444444444,-0.002284215165048731,6.415184484977315,0.0005251579985411261,0.0,2.5662313413904885,none,Ret_Vol_20,0,1,0.0,0.30666666666666664,-0.08666666666666667,0.30666666666666664
2017-03-08,1,0,1,0.49,0.78,0.7133498878774648,0.2484613592984996,0.2601,0.04839999999999999,0.0007998953585612867,6.427233358404404,0.04735368387361588,0.40546510810816444,2.7067389809562963,moderate,Ret_Vol_20,0,1,0.0,0.56,-0.020000000000000018,0.56
2017-03-09,1,0,1,0.41,0.71,0.8915981192837836,0.342490308946776,0.3481000000000001,0.08410000000000002,0.003268670195698986,6.440512762260875,0.04248758733708355,0.6130892137480899,2.772878145229902,moderate,Ret_Vol_20,0,1,0.0,0.41999999999999993,-0.18000000000000005,0.41999999999999993
2017-03-10,1,0,1,0.41,0.6033333333333334,0.8915981192837836,0.5052854433903752,0.3481000000000001,0.1573444444444444,0.0003666328125562224,6.469277079176651,0.04088769886606967,0.6467109421453345,2.793990423974082,moderate,Ret_Vol_20,0,1,0.0,0.20666666666666678,-0.18000000000000005,0.20666666666666678
2017-03-13,0,0,1,0.39,0.55,0.4942963218147801,0.7985076962177717,0.1521,0.30250000000000005,-0.0033790271755046453,6.501820387318329,0.037512980894306346,0.439030522601213,2.7436912059759875,moderate,Ret_Vol_20,1,1,0.0,0.10000000000000009,-0.21999999999999997,0.10000000000000009
2017-03-14,1,0,1,0.38,0.6333333333333333,0.9675840262617056,0.456758402495715,0.3844,0.13444444444444448,0.008374752796581397,6.5154172017571295,0.0005059389928987455,0.0,2.6063186624007217,moderate,Ret_Vol_20,0,1,0.0,0.2666666666666666,-0.24,0.2666666666666666
2017-03-15,0,0,1,0.3933333333333333,0.6033333333333334,0.49977578757940566,0.9246589815446719,0.1547111111111111,0.3640111111111112,-0.0016267102694209612,6.553654702805218,0.001011877985797532,0.23395028952447838,2.69195053137517,moderate,Ret_Vol_20,0,1,0.0,0.20666666666666678,-0.21333333333333337,0.20666666666666678
2017-03-16,0,0,1,0.35333333333333333,0.5333333333333333,0.43592431559287287,0.7621400520468967,0.12484444444444444,0.28444444444444444,-0.0013143147950017697,6.581513111574127,0.001398960087847372,0.2815711962089472,2.7174962915186893,moderate,Ret_Vol_20,0,1,0.0,0.06666666666666665,-0.29333333333333333,0.06666666666666665
2017-03-17,0,0,1,0.44333333333333336,0.5166666666666667,0.585788662239446,0.7270487322356267,0.19654444444444447,0.2669444444444445,-0.0020098935338483948,6.614257877979691,0.002325292700941311,0.29096838636384637,2.733691254911313,moderate,Ret_Vol_20,0,1,0.0,0.03333333333333344,-0.11333333333333329,0.03333333333333344
2017-03-20,0,0,1,0.41333333333333333,0.5133333333333333,0.5332984796180493,0.7201758529478646,0.17084444444444444,0.2635111111111111,-0.012407972940626899,6.653470827688597,0.006200589209736622,0.292987835057556,2.751144858355627,moderate,Ret_Vol_20,1,1,0.0,0.026666666666666616,-0.17333333333333334,0.026666666666666616
2017-03-21,1,1,1,0.5666666666666667,0.6733333333333333,0.5679840376059393,0.3955147772549963,0.1877777777777778,0.1067111111111111,0.0018898864360001877,6.699940460754778,0.0007817400170851909,0.0,2.680210706307037,moderate,Ret_Vol_20,0,1,0.1333333333333333,0.3466666666666667,0.1333333333333333,0.3466666666666667
2017-03-22,0,0,1,0.47,0.5766666666666667,0.6348782724359695,0.8595953881976097,0.22089999999999999,0.3325444444444444,-0.001060269661328106,6.699940460754778,0.001095674110685022,0.23204030547130672,2.749916978176509,moderate,Ret_Vol_20,0,1,0.0,0.15333333333333332,-0.06000000000000005,0.15333333333333332
2017-03-23,0,0,1,0.45,0.6633333333333333,0.5978370007556204,1.0886619578149417,0.2025,0.44001111111111113,-0.0008439958489141475,6.699940460754778,0.002410369291319269,0.5394448888637325,2.8425327617484273,moderate,Ret_Vol_20,0,1,0.0,0.32666666666666666,-0.09999999999999998,0.32666666666666666
2017-03-24,0,0,1,0.49333333333333335,0.63,0.6799019538099248,0.9942522733438669,0.2433777777777778,0.39690000000000003,-0.001019587452981141,6.699940460754778,0.003019700139088205,0.6991910630547458,2.8906394132600615,moderate,Ret_Vol_20,0,1,0.0,0.26,-0.013333333333333308,0.26
2017-03-27,1,1,1,0.53,0.6766666666666666,0.6348782724359695,0.39057649561441377,0.22089999999999999,0.10454444444444447,0.007251474353500598,6.69852989703659,0.005329769609099328,0.35514368283075193,2.7875539945465917,moderate,Ret_Vol_20,1,1,0.06000000000000005,0.3533333333333333,0.06000000000000005,0.3533333333333333
2017-03-28,1,0,0,0.37666666666666665,0.46,0.9763946559438605,0.7765287894989963,0.3885444444444444,0.2916,0.001085324742930105,6.648170242515226,0.0002507324136626313,0.0,2.6593433167301894,moderate,Ret_Vol_20,0,1,0.0,0.0,-0.2466666666666667,-0.07999999999999996
2017-03-29,1,0,0,0.41333333333333333,0.49333333333333335,0.8835009090511642,0.706570200892086,0.3441777777777778,0.25671111111111106,0.002935109936855751,6.648170242515226,0.0007758236918314414,0.034979294303455144,2.669994632404677,moderate,Ret_Vol_20,0,1,0.0,0.0,-0.17333333333333334,-0.013333333333333308
2017-03-30,0,0,0,0.31,0.41333333333333333,0.37106368139083207,0.5332984796180493,0.0961,0.17084444444444444,-0.002255047489714501,6.649268608805571,0.0011351118304651746,0.1738133046884497,2.7121919684779026,moderate,Ret_Vol_20,0,1,0.0,0.0,-0.38,-0.17333333333333334
2017-03-31,0,0,0,0.41333333333333333,0.47333333333333333,0.5332984796180493,0.6411874416292344,0.17084444444444444,0.22404444444444443,-0.0016421255420062675,6.651034360537885,0.0016987796227599663,0.19702209096880685,2.720030005392624,moderate,Ret_Vol_20,0,1,0.0,0.0,-0.17333333333333334,-0.053333333333333344
2017-04-03,1,0,1,0.4033333333333333,0.5866666666666667,0.90799192905946,0.5332984796180493,0.3560111111111111,0.17084444444444444,0.0005595225490382383,6.653470827688597,0.0013394914841262332,0.30190028960204063,2.7523602654012893,moderate,Ret_Vol_20,1,1,0.0,0.17333333333333334,-0.19333333333333336,0.17333333333333334
2017-04-04,0,0,1,0.3566666666666667,0.5166666666666667,0.44109228575131554,0.7270487322356267,0.12721111111111114,0.2669444444444445,-0.0030548611983906016,6.661557571795333,0.0005055114052218593,0.0,2.6647746821397,moderate,Ret_Vol_20,0,1,0.0,0.03333333333333344,-0.2866666666666666,0.03333333333333344
2017-04-05,1,0,1,0.4866666666666667,0.63,0.7201758529478646,0.4620354595965587,0.2635111111111111,0.1369,0.001929509405943275,6.712537969460486,0.0005859544696623164,0.13250663631953408,2.724942965020954,moderate,Ret_Vol_20,0,1,0.0,0.26,-0.026666666666666616,0.26
2017-04-06,0,0,0,0.36666666666666664,0.48333333333333334,0.456758402495715,0.6603573577369546,0.13444444444444442,0.2336111111111111,-0.0008271302020167459,6.727654257017731,0.0008710660379127027,0.08862979510562619,2.717911961150154,moderate,Ret_Vol_20,0,1,0.0,0.0,-0.2666666666666667,-0.033333333333333326
2017-04-07,1,0,1,0.38666666666666666,0.5466666666666666,0.9501922835498364,0.6039160468320027,0.3761777777777777,0.20551111111111114,0.0006876864837839225,6.74429267714636,0.0010060390794172785,0.09805314737390913,2.7274348267945423,moderate,Ret_Vol_20,0,1,0.0,0.09333333333333327,-0.22666666666666668,0.09333333333333327
2017-04-10,0,0,0,0.36333333333333334,0.4166666666666667,0.4515090466095711,0.5389965007326871,0.1320111111111111,0.17361111111111113,-0.001433879303282093,6.762582354176182,0.0010060390794172785,0.15752746606798795,2.7525929932146944,moderate,Ret_Vol_20,1,1,0.0,0.0,-0.2733333333333333,-0.16666666666666663
2017-04-11,0,0,1,0.47,0.6466666666666666,0.6348782724359695,1.0403433805441338,0.22089999999999999,0.4181777777777777,-0.003759951034546627,6.782544144578221,0.0003592881386337149,0.0,2.7131254442728787,moderate,Ret_Vol_20,0,1,0.0,0.2933333333333332,-0.06000000000000005,0.2933333333333332
2017-04-12,0,0,1,0.46,0.66,0.616186139423817,1.07880966137193,0.2116,0.43560000000000004,-0.006814694227374907,6.803522287727995,0.0009452426082960531,0.01923314041389812,2.7274624299978565,moderate,Ret_Vol_20,0,1,0.0,0.32000000000000006,-0.07999999999999996,0.32000000000000006
2017-04-13,1,1,1,0.5366666666666666,0.66,0.6223781096717381,0.4155154439616658,0.21467777777777783,0.11559999999999998,0.008613348940219367,6.826803198209099,0.0019132583229020306,0.4293740513309107,2.8601074721797834,moderate,Ret_Vol_20,0,1,0.07333333333333325,0.32000000000000006,0.07333333333333325,0.32000000000000006
2017-04-17,0,0,0,0.36666666666666664,0.37666666666666665,0.456758402495715,0.47267385780161447,0.13444444444444442,0.14187777777777777,-0.0029033798625895946,6.8520484446747965,0.0036122486908559404,0.7085357794491323,2.9544637863119148,moderate,Ret_Vol_20,1,1,0.0,0.0,-0.2666666666666667,-0.2466666666666667
2017-04-18,0,0,1,0.49666666666666665,0.5866666666666667,0.6865026378412766,0.8835009090511642,0.24667777777777775,0.3441777777777778,-0.0017163507793208632,6.7978308407147985,0.00038499559034834395,0.0,2.7192478349630242,moderate,Ret_Vol_20,0,1,0.0,0.17333333333333334,-0.00666666666666671,0.17333333333333334
2017-04-19,1,1,1,0.52,0.66,0.6539264674066639,0.4155154439616658,0.2304,0.11559999999999998,0.007557263417987681,6.8292114935546095,0.001055173772575101,0.23399273254474923,2.8021989693170415,moderate,Ret_Vol_20,0,1,0.040000000000000036,0.32000000000000006,0.040000000000000036,0.32000000000000006
2017-04-20,0,0,0,0.4266666666666667,0.4866666666666667,0.5562879978427482,0.666829872242572,0.18204444444444448,0.23684444444444447,-0.0030350729326357184,6.865393528548701,0.0032606404257067632,0.2224449353873113,2.8138690841633855,moderate,Ret_Vol_20,0,1,0.0,0.0,-0.1466666666666666,-0.026666666666666616
2017-04-21,1,0,1,0.37333333333333335,0.5633333333333334,0.9852836033611064,0.5738837597331276,0.3927111111111112,0.19067777777777775,0.01084006896297951,6.907975564443241,0.0037506478430034454,0.2834936719013162,2.8493635217005924,moderate,Ret_Vol_20,0,1,0.0,0.1266666666666667,-0.2533333333333333,0.1266666666666667
2017-04-24,1,0,0,0.44666666666666666,0.2833333333333333,0.8059426747052897,1.2611312181658847,0.30617777777777777,0.5136111111111111,0.006090687476747014,6.960021057546822,0.0047669333704399635,0.5009589775350018,2.9357261962903616,moderate,Ret_Vol_20,1,1,0.0,0.0,-0.10666666666666669,-0.43333333333333335
2017-04-25,0,0,0,0.46,0.30333333333333334,0.616186139423817,0.3614482226913901,0.2116,0.09201111111111111,-0.00048570348354270987,6.995766752705984,0.0043152310862766,0.0,2.799601270408277,moderate,Ret_Vol_20,0,1,0.0,0.0,-0.07999999999999996,-0.3933333333333333
2017-04-26,1,0,0,0.4633333333333333,0.37666666666666665,0.7693085415255093,0.9763946559438605,0.28801111111111105,0.3885444444444444,0.0005529198041311911,7.063553185334266,0.004866096536532336,0.3074732166262353,2.9191230680825364,moderate,Ret_Vol_20,0,1,0.0,0.0,-0.07333333333333336,-0.2466666666666667
2017-04-27,0,0,0,0.35,0.3233333333333333,0.4307829160924542,0.3905764956144136,0.12249999999999998,0.10454444444444443,-0.0019131470681601481,7.165667135532713,0.0084405623630639,0.1855632958021411,2.9244680116626474,moderate,Ret_Vol_20,0,1,0.0,0.0,-0.30000000000000004,-0.3533333333333334
2017-04-28,1,0,0,0.38333333333333336,0.44,0.958850346292951,0.8209805520698302,0.3802777777777778,0.31360000000000005,0.0017322905115801923,8.135636440394777,0.014330041189012046,0.30554049131405087,3.35021573590883,high,Ret_Vol_20,0,1,0.0,0.0,-0.23333333333333328,-0.12
2017-05-01,1,0,0,0.37,0.35333333333333333,0.9942522733438669,1.040343380544134,0.39690000000000003,0.41817777777777787,0.0011890499458222514,8.238248108020535,0.011713800470189367,0.6279352104854592,3.487193946494909,high,Ret_Vol_20,1,1,0.0,0.0,-0.26,-0.29333333333333333
2017-05-02,0,0,0,0.42333333333333334,0.47333333333333333,0.5504908801584221,0.6411874416292344,0.17921111111111113,0.22404444444444443,-0.0012713605313821041,9.15117871201377,0.008885782303714916,0.0,3.663137219496623,high,Ret_Vol_20,0,1,0.0,0.0,-0.15333333333333332,-0.053333333333333344
2017-05-03,1,0,1,0.36333333333333334,0.5366666666666666,1.0124345924270572,0.6223781096717381,0.4053444444444445,0.21467777777777783,0.0005821026438950216,9.153233137924728,0.0089695501751572,0.009404665978748117,3.6668055200160627,high,Ret_Vol_20,0,1,0.0,0.07333333333333325,-0.2733333333333333,0.07333333333333325
2017-05-04,1,0,0,0.41,0.48333333333333334,0.8915981192837836,0.7270487322356266,0.3481000000000001,0.2669444444444444,0.0040886954080285864,9.153233137924728,0.008217320838665665,0.06351063772342691,3.682811642738519,high,Ret_Vol_20,0,1,0.0,0.0,-0.18000000000000005,-0.033333333333333326
2017-05-05,1,0,0,0.32666666666666666,0.4066666666666667,1.118814995985629,0.8997614299229445,0.45337777777777777,0.3520444444444444,3.744597299082386e-05,9.153233137924728,0.0087880548342558,0.24067813928148551,3.7361331134046134,high,Ret_Vol_20,0,1,0.0,0.0,-0.3466666666666667,-0.18666666666666665
2017-05-08,0,0,0,0.41,0.47333333333333333,0.5276327420823718,0.6411874416292344,0.16809999999999997,0.22404444444444443,-0.0010252486299153762,9.153233137924728,0.008704286962813515,0.17555294989296433,3.7165704262266246,high,Ret_Vol_20,1,1,0.0,0.0,-0.18000000000000005,-0.053333333333333344
2017-05-09,1,0,1,0.3933333333333333,0.66,0.9330978501905364,0.4155154439616658,0.36804444444444445,0.11559999999999998,0.0011306013658478609,9.153233137924728,0.0003012277189060491,0.0,3.661383623485563,high,Ret_Vol_20,0,1,0.0,0.32000000000000006,-0.21333333333333337,0.32000000000000006
2017-05-10,0,0,1,0.4266666666666667,0.5466666666666666,0.5562879978427482,0.791127588920149,0.18204444444444448,0.2988444444444444,-0.002162809124616749,9.153233137924728,0.0039594614163798725,0.18780607247924164,3.7188229153385772,high,Ret_Vol_20,0,1,0.0,0.09333333333333327,-0.1466666666666666,0.09333333333333327
2017-05-11,0,0,1,0.43,0.6166666666666667,0.5621189181535411,0.9588503462929511,0.18489999999999998,0.3802777777777778,-0.0014784413679722608,9.153233137924728,0.004299102961694353,0.42482529238060407,3.790030573772581,high,Ret_Vol_20,0,1,0.0,0.2333333333333334,-0.14,0.2333333333333334
2017-05-12,1,0,0,0.39666666666666667,0.4633333333333333,0.9246589815446716,0.7693085415255093,0.36401111111111106,0.28801111111111105,0.004776513648450997,9.15117871201377,0.0043571633814220075,0.46043335373104455,3.7999086399392485,high,Ret_Vol_20,0,1,0.0,0.0,-0.20666666666666667,-0.07333333333333336
2017-05-15,0,0,1,0.39666666666666667,0.6033333333333334,0.5052854433903754,0.9246589815446719,0.15734444444444445,0.3640111111111112,-0.0006868970151433507,9.149664646689088,0.004488371809599675,0.613200154826727,3.8451724166665335,high,Ret_Vol_20,1,1,0.0,0.20666666666666678,-0.20666666666666667,0.20666666666666678
2017-05-16,0,0,1,0.39,0.57,0.4942963218147801,0.8439700702945289,0.1521,0.32489999999999997,-0.018178214414433458,9.15117871201377,0.00047746030652907065,0.0,3.660614722897467,high,Ret_Vol_20,0,1,0.0,0.1399999999999999,-0.21999999999999997,0.1399999999999999
2017-05-17,1,1,1,0.5566666666666666,0.6366666666666667,0.585788662239446,0.4515090466095711,0.19654444444444447,0.13201111111111108,0.003686818283279214,9.126540701754596,0.0008624558968774068,0.19623051184247892,3.709744171023645,high,Ret_Vol_20,0,1,0.11333333333333329,0.27333333333333343,0.11333333333333329,0.27333333333333343
2017-05-18,1,1,1,0.5133333333333333,0.5,0.666829872242572,0.6931471805599453,0.23684444444444447,0.25,0.006767499942466504,9.104155665819238,0.0007699847854512171,0.1659587637705487,3.691680890894496,high,Ret_Vol_20,0,1,0.026666666666666616,0.0,0.026666666666666616,0.0
2017-05-19,1,0,0,0.33666666666666667,0.42,1.0886619578149417,0.8675005677047231,0.44001111111111113,0.3364000000000001,0.005160131149745784,9.083764405655721,0.001154980375799542,0.1837405994844612,3.688974436220367,high,Ret_Vol_20,0,1,0.0,0.0,-0.32666666666666666,-0.16000000000000003
2017-05-22,1,0,0,0.29,0.38,1.2378743560016174,0.9675840262617056,0.5041,0.3844,0.001837871992654172,9.065165223626515,0.0019367203928847363,0.386582447460072,3.742621839806493,high,Ret_Vol_20,1,1,0.0,0.0,-0.42000000000000004,-0.24
2017-05-23,1,0,0,0.33666666666666667,0.31,1.0886619578149417,1.171182981502945,0.44001111111111113,0.4760999999999999,0.002489126548973042,9.065165223626515,0.0009685878354244691,0.0,3.6263566658012336,high,Ret_Vol_20,0,1,0.0,0.0,-0.32666666666666666,-0.38
2017-05-24,1,0,0,0.42333333333333334,0.38,0.8595953881976097,0.9675840262617056,0.3325444444444444,0.3844,0.00444194837709877,9.083764405655721,0.0014740992406463219,0.1017994776206198,3.664487835320668,high,Ret_Vol_20,0,1,0.0,0.0,-0.15333333333333332,-0.24
2017-05-25,1,0,0,0.38,0.48333333333333334,0.9675840262617056,0.7270487322356266,0.3844,0.2669444444444444,0.00031054999597146526,9.065165223626515,0.0019484570469106557,0.33002265871841896,3.725657424180205,high,Ret_Vol_20,0,1,0.0,0.0,-0.24,-0.033333333333333326
2017-05-26,0,0,0,0.38333333333333336,0.44,0.4834266495778762,0.579818495252942,0.14694444444444446,0.1936,-0.0012046245861250249,9.048197954702465,0.0028292989609358986,0.6116127222787817,3.8036117882529012,high,Ret_Vol_20,0,1,0.0,0.0,-0.23333333333333328,-0.12
2017-05-30,0,0,0,0.3933333333333333,0.37,0.49977578757940566,0.4620354595965587,0.1547111111111111,0.1369,-0.000459968801852062,9.048197954702465,0.00478599145903262,0.9311112016521786,3.9000483398143495,high,Ret_Vol_20,1,1,0.0,0.0,-0.21333333333333337,-0.26
2017-05-31,1,0,1,0.35333333333333333,0.6133333333333333,1.040343380544134,0.4888467170472155,0.41817777777777787,0.14951111111111115,0.007571112611303388,9.048197954702465,0.00042008460975494384,0.0,3.6194052072639122,high,Ret_Vol_20,0,1,0.0,0.22666666666666657,-0.29333333333333333,0.22666666666666657
2017-06-01,1,0,0,0.36333333333333334,0.44666666666666666,1.0124345924270572,0.8059426747052897,0.4053444444444445,0.30617777777777777,0.0037077313104922904,9.048197954702465,0.0006956048769463678,0.15854797882903704,3.667052256992781,high,Ret_Vol_20,0,1,0.0,0.0,-0.2733333333333333,-0.10666666666666669
2017-06-02,0,0,1,0.3233333333333333,0.5133333333333333,0.3905764956144136,0.7201758529478646,0.10454444444444443,0.2635111111111111,-0.001217665183814387,9.032733323525916,0.0008614747368537617,0.20706875021011162,3.6754723968944565,high,Ret_Vol_20,0,1,0.0,0.026666666666666616,-0.3533333333333334,0.026666666666666616
2017-06-05,0,0,0,0.42,0.3933333333333333,0.5447271754416719,0.49977578757940566,0.17639999999999997,0.1547111111111111,-0.0027790399654609166,9.018665614350112,0.0013323247103459116,0.12890947049053825,3.6465387843003105,high,Ret_Vol_20,1,1,0.0,0.0,-0.16000000000000003,-0.21333333333333337
2017-06-06,1,0,1,0.3933333333333333,0.51,0.9330978501905364,0.6733445532637656,0.36804444444444445,0.24009999999999998,0.0015682572275503848,9.005907481557577,0.0004451425217775148,0.0,3.602496535379564,high,Ret_Vol_20,0,1,0.0,0.020000000000000018,-0.21333333333333337,0.020000000000000018
2017-06-07,1,0,1,0.32,0.5533333333333333,1.1394342831883648,0.5917946862996578,0.4623999999999999,0.1995111111111111,0.00026720472849017796,8.994386189043801,0.0007787232086966479,0.040774933482053854,3.610220572624746,high,Ret_Vol_20,0,1,0.0,0.10666666666666669,-0.36,0.10666666666666669
2017-06-08,0,0,1,0.37333333333333335,0.5566666666666666,0.4673405118262518,0.8134333464344472,0.1393777777777778,0.30987777777777775,-0.0008299892344156845,8.984040830846595,0.0010638347769469777,0.12057581776849036,3.6301082281022694,high,Ret_Vol_20,0,1,0.0,0.11333333333333329,-0.2533333333333333,0.11333333333333329
2017-06-09,0,0,1,0.38333333333333336,0.7033333333333334,0.4834266495778762,1.2151461049240613,0.14694444444444446,0.4946777777777778,-0.000978763178264619,8.973782757709737,0.004821952496518751,0.5122922499620687,3.7446473638214712,high,Ret_Vol_20,0,1,0.0,0.40666666666666673,-0.23333333333333328,0.40666666666666673
2017-06-12,1,0,1,0.37666666666666665,0.65,0.9763946559438605,0.4307829160924542,0.3885444444444444,0.12249999999999998,0.004511505177332342,8.964576913539556,0.005242037106273676,0.314117405310423,3.6816385981408315,high,Ret_Vol_20,1,1,0.0,0.30000000000000004,-0.2466666666666667,0.30000000000000004
2017-06-13,0,0,0,0.2833333333333333,0.37666666666666665,0.33314444652853825,0.47267385780161447,0.08027777777777777,0.14187777777777777,-0.0009958307964025304,8.956385388052826,0.00034667946602828293,0.0,3.582658159060939,high,Ret_Vol_20,0,1,0.0,0.0,-0.43333333333333335,-0.2466666666666667
2017-06-14,0,0,1,0.41333333333333333,0.5266666666666666,0.5332984796180493,0.7479554170549402,0.17084444444444444,0.2773777777777777,-0.0022395981461527104,8.949176078162127,0.0008526184589269818,0.13764077962666288,3.6212184506905283,high,Ret_Vol_20,0,1,0.0,0.05333333333333323,-0.17333333333333334,0.05333333333333323
2017-06-15,1,0,0,0.36,0.39,1.0216512475319814,0.941608539858445,0.4096,0.3721,0.0002836393681004967,8.949176078162127,0.0006829962043409267,0.3585033812467746,3.687426344500186,high,Ret_Vol_20,0,1,0.0,0.0,-0.28,-0.21999999999999997
2017-06-16,1,0,0,0.4066666666666667,0.41,0.8997614299229445,0.8915981192837836,0.3520444444444444,0.3481000000000001,0.008347228657875183,8.949176078162127,0.0010679917946892486,0.48664251703086236,3.725983583912517,high,Ret_Vol_20,0,1,0.0,0.0,-0.18666666666666665,-0.18000000000000005
2017-06-19,0,0,0,0.3566666666666667,0.3933333333333333,0.44109228575131554,0.49977578757940566,0.12721111111111114,0.1547111111111111,-0.0066966373620162,8.949176078162127,0.001103080814095862,0.27569596029463017,3.6627101435974687,high,Ret_Vol_20,1,1,0.0,0.0,-0.2866666666666666,-0.21333333333333337
2017-06-20,0,0,1,0.43333333333333335,0.5,0.5679840376059393,0.6931471805599453,0.1877777777777778,0.25,-0.0005826443900691647,8.942921927638507,0.00027552026719142786,0.0,3.57725142713556,high,Ret_Vol_20,0,1,0.0,0.0,-0.1333333333333333,0.0
2017-06-21,0,0,0,0.38,0.4666666666666667,0.4780358009429998,0.6286086594223742,0.1444,0.2177777777777778,-0.00045578207221763645,8.942690195442804,0.000622199733219698,0.03226926056878554,3.5869435162677235,high,Ret_Vol_20,0,1,0.0,0.0,-0.24,-0.06666666666666665
2017-06-22,1,0,0,0.4,0.36,0.916290731874155,1.0216512475319814,0.36,0.4096,0.0015609155178168965,8.942690195442804,0.001042284342974639,0.24051555169388117,3.6495434289881783,high,Ret_Vol_20,0,1,0.0,0.0,-0.19999999999999996,-0.28
2017-06-23,1,0,1,0.4266666666666667,0.5033333333333333,0.8517522107365838,0.6865026378412769,0.328711111111111,0.2466777777777778,0.000315801794623205,8.943123171487724,0.001042284342974639,0.16954075819626357,3.628424181356861,high,Ret_Vol_20,0,1,0.0,0.006666666666666599,-0.1466666666666666,0.006666666666666599
2017-06-26,0,0,0,0.38333333333333336,0.49333333333333335,0.4834266495778762,0.6799019538099248,0.14694444444444446,0.2433777777777778,-0.00807282488613359,8.943123171487724,0.001042284342974639,0.13303517552079336,3.6174725065542197,high,Ret_Vol_20,1,1,0.0,0.0,-0.23333333333333328,-0.013333333333333308
2017-06-27,1,0,1,0.47,0.5766666666666667,0.7550225842780328,0.5504908801584221,0.28090000000000004,0.17921111111111113,0.008808066374833778,8.937600327735883,0.00027552026719143956,0.0,3.5751227871745104,high,Ret_Vol_20,0,1,0.0,0.15333333333333332,-0.06000000000000005,0.15333333333333332
2017-06-28,0,0,0,0.3466666666666667,0.35,0.4256678154256838,0.4307829160924542,0.12017777777777779,0.12249999999999998,-0.008600023246820632,8.938851965994266,0.0013526022657491667,0.05985398203298392,3.593902761687326,high,Ret_Vol_20,0,1,0.0,0.0,-0.30666666666666664,-0.30000000000000004
2017-06-29,1,0,1,0.45,0.6433333333333333,0.7985076962177716,0.44109228575131554,0.30250000000000005,0.12721111111111114,0.0015332318107057485,8.940783263430525,0.001413398736870384,0.09288372361573233,3.6046024420779905,high,Ret_Vol_20,0,1,0.0,0.2866666666666666,-0.09999999999999998,0.2866666666666666
2017-06-30,1,0,1,0.37333333333333335,0.53,0.9852836033611064,0.6348782724359695,0.3927111111111112,0.22089999999999999,0.002310833849555216,8.943398356368343,0.0019523402374742064,0.12056718382642917,3.614115199766508,high,Ret_Vol_20,0,1,0.0,0.06000000000000005,-0.2533333333333333,0.06000000000000005
2017-07-03,1,0,1,0.4266666666666667,0.51,0.8517522107365838,0.6733445532637656,0.328711111111111,0.24009999999999998,0.001453279024245635,8.946702842441873,0.002704164567043947,0.24779395554980943,3.6538305730118052,high,Ret_Vol_20,1,1,0.0,0.020000000000000018,-0.1466666666666666,0.020000000000000018
2017-07-05,0,0,1,0.39666666666666667,0.65,0.5052854433903754,1.0498221244986778,0.15734444444444445,0.42250000000000004,-0.009368823820586791,7.97834600416933,0.0004708499734921499,0.0,3.1914796566597796,moderate,Ret_Vol_20,0,1,0.0,0.30000000000000004,-0.20666666666666667,0.30000000000000004
2017-07-06,1,1,1,0.5033333333333333,0.7566666666666667,0.6865026378412769,0.2788324571747983,0.2466777777777778,0.05921111111111109,0.006403125486305727,7.982060200994882,0.0015986973357870987,0.3854948336619398,3.308952139697271,high,Ret_Vol_20,0,1,0.006666666666666599,0.5133333333333334,0.006666666666666599,0.5133333333333334
2017-07-07,1,0,0,0.38666666666666666,0.37333333333333335,0.9501922835498364,0.9852836033611064,0.3761777777777777,0.3927111111111112,0.0009277662125786179,7.9796300179822595,0.001993074493827421,0.21397087501624557,3.2566411920459255,high,Ret_Vol_20,0,1,0.0,0.0,-0.22666666666666668,-0.2533333333333333
2017-07-10,0,0,0,0.36,0.4066666666666667,0.4462871026284195,0.521998924364116,0.1296,0.1653777777777778,-0.0007826806116978391,7.978175708227928,0.0018338149669569308,0.3585093116312529,3.2993732212706344,high,Ret_Vol_20,1,1,0.0,0.0,-0.28,-0.18666666666666665
2017-07-11,1,0,1,0.36,0.61,1.0216512475319814,0.4942963218147801,0.4096,0.1521,0.007305607635895495,7.888795316465753,0.0003592265767958904,0.0,3.15562589455934,moderate,Ret_Vol_20,0,1,0.0,0.21999999999999997,-0.28,0.21999999999999997
2017-07-12,1,0,0,0.31,0.25333333333333335,1.171182981502945,1.3730491343698699,0.4760999999999999,0.557511111111111,0.0018745843139260643,7.888288357414423,0.01838971451692208,0.43937640627754493,3.2926451792041096,high,Ret_Vol_20,0,1,0.0,0.0,-0.38,-0.4933333333333333
2017-07-13,1,0,0,0.3466666666666667,0.31333333333333335,1.0593915755148284,1.160487692386197,0.4268444444444444,0.4715111111111111,0.004673503078699293,7.888795316465753,0.01931816695011013,0.5905863824734596,3.3384894914133723,high,Ret_Vol_20,0,1,0.0,0.0,-0.30666666666666664,-0.3733333333333333
2017-07-14,0,0,0,0.4266666666666667,0.3466666666666667,0.5562879978427482,0.4256678154256838,0.18204444444444448,0.12017777777777779,-5.291283677333336e-05,7.890318340395831,0.015708269785339155,0.43770742557344894,3.2921520447659693,high,Ret_Vol_20,0,1,0.0,0.0,-0.1466666666666666,-0.30666666666666664
2017-07-17,1,0,0,0.35333333333333333,0.26,1.040343380544134,1.3470736479666092,0.41817777777777787,0.5476,0.0005978573436131729,7.892863917682973,0.01505127239653635,0.5398376824739919,3.323612253534348,high,Ret_Vol_20,1,1,0.0,0.0,-0.29333333333333333,-0.48
2017-07-18,1,0,0,0.36,0.41,1.0216512475319814,0.8915981192837836,0.4096,0.3481000000000001,0.005372639356088893,7.896443025498655,0.0003592881386337136,0.0,3.1586849966410524,moderate,Ret_Vol_20,0,1,0.0,0.0,-0.28,-0.18000000000000005
2017-07-19,0,0,0,0.29,0.43666666666666665,0.342490308946776,0.5738837597331276,0.0841,0.19067777777777775,-0.00015365928181010347,7.905351468209082,0.0008647995438555859,0.1588571797753281,3.210057181079388,moderate,Ret_Vol_20,0,1,0.0,0.0,-0.42000000000000004,-0.1266666666666667
2017-07-20,0,0,0,0.34,0.4166666666666667,0.41551544396166595,0.5389965007326871,0.11560000000000002,0.17361111111111113,-0.00036787164783502746,7.9151920398787645,0.002319734551556096,0.2880201389591738,3.2531787780047248,high,Ret_Vol_20,0,1,0.0,0.0,-0.31999999999999995,-0.16666666666666663
2017-07-21,0,0,0,0.35,0.3,0.4307829160924542,0.35667494393873245,0.12249999999999998,0.09,-0.0010637348279797232,7.925999524200824,0.003852855059602618,0.5216335259425241,3.3280457239809675,high,Ret_Vol_20,0,1,0.0,0.0,-0.30000000000000004,-0.4
2017-07-24,1,0,0,0.4166666666666667,0.2833333333333333,0.8754687373538999,1.2611312181658847,0.3402777777777777,0.5136111111111111,0.002923171678338221,7.937814305821329,0.005240955383963507,0.5366743097950415,3.3377003018822333,high,Ret_Vol_20,1,1,0.0,0.0,-0.16666666666666663,-0.43333333333333335
2017-07-25,1,0,0,0.41,0.45,0.8915981192837836,0.7985076962177716,0.3481000000000001,0.30250000000000005,0.0002826639480466575,7.945356695230368,0.0003943771580403061,0.0,3.178260991239559,moderate,Ret_Vol_20,0,1,0.0,0.0,-0.18000000000000005,-0.09999999999999998
2017-07-26,0,0,0,0.47,0.2633333333333333,0.6348782724359695,0.30561977313844824,0.22089999999999999,0.06934444444444443,-0.0009726882691745153,7.945356695230368,0.0011253518113882826,0.24644396153966164,3.252413472097462,high,Ret_Vol_20,0,1,0.0,0.0,-0.06000000000000005,-0.4733333333333334
2017-07-27,0,0,0,0.4533333333333333,0.3433333333333333,0.6039160468320027,0.4205787459182124,0.2055111111111111,0.11787777777777778,-0.001341115577770502,7.9327395066211945,0.002033664433173445,0.33410062071292657,3.2739360881923076,high,Ret_Vol_20,0,1,0.0,0.0,-0.09333333333333338,-0.31333333333333335
2017-07-28,0,0,0,0.39666666666666667,0.34,0.5052854433903754,0.41551544396166595,0.15734444444444445,0.11560000000000002,-0.0007281456077897763,7.921182894682195,0.003085798224310668,0.4036405915602851,3.2904910748082568,high,Ret_Vol_20,0,1,0.0,0.0,-0.20666666666666667,-0.31999999999999995
2017-07-31,1,0,0,0.43666666666666665,0.35333333333333333,0.8285851514550495,1.040343380544134,0.3173444444444445,0.41817777777777787,0.0024491149692504877,7.910640201756907,0.02931739434203445,0.4442303725880876,3.3063204107817996,high,Ret_Vol_20,1,1,0.0,0.0,-0.1266666666666667,-0.29333333333333333
2017-08-01,1,0,0,0.43333333333333335,0.23,0.8362480242006186,1.4696759700589417,0.32111111111111107,0.5929,0.0004926487188865458,7.910640201756907,0.01327370221931581,0.0,3.168238191368558,moderate,Ret_Vol_20,0,1,0.0,0.0,-0.1333333333333333,-0.54
2017-08-02,0,0,0,0.39666666666666667,0.21,0.5052854433903754,0.23572233352106983,0.15734444444444445,0.04409999999999999,-0.002183654185644257,7.901071383403904,0.008842806698413107,0.6169768182689359,3.3481744408517664,high,Ret_Vol_20,0,1,0.0,0.0,-0.20666666666666667,-0.5800000000000001
2017-08-03,1,0,0,0.46,0.33,0.7765287894989963,1.1086626245216111,0.2916,0.4488999999999999,0.0018891035295691694,7.89244202253599,0.007073510009435872,0.4463345031145324,3.292999212951587,high,Ret_Vol_20,0,1,0.0,0.0,-0.07999999999999996,-0.33999999999999997
2017-08-04,1,0,0,0.41333333333333333,0.24666666666666667,0.8835009090511642,1.3997173814520312,0.3441777777777778,0.5675111111111111,0.001647199789928111,7.884722548613086,0.006942729168935069,0.5169151192180211,3.311046373961321,high,Ret_Vol_20,0,1,0.0,0.0,-0.17333333333333334,-0.5066666666666666
2017-08-07,0,0,0,0.37333333333333335,0.28,0.4673405118262518,0.3285040669720361,0.1393777777777778,0.07840000000000001,-0.0024144327873969473,7.877887614836444,0.0067176935084858605,0.6800141073840168,3.357174586202329,high,Ret_Vol_20,1,1,0.0,0.0,-0.2533333333333333,-0.43999999999999995
2017-08-08,0,0,1,0.49,0.55,0.6733445532637656,0.7985076962177717,0.24009999999999998,0.30250000000000005,-0.00036360867105078576,7.818333507168861,0.0003943771580402957,0.0,3.1274517160149564,moderate,Ret_Vol_20,0,1,0.0,0.10000000000000009,-0.020000000000000018,0.10000000000000009
2017-08-09,0,0,1,0.37666666666666665,0.5166666666666667,0.47267385780161447,0.7270487322356267,0.14187777777777777,0.2669444444444445,-0.014474441722801767,7.811802148139741,0.0003943771580402957,0.03572948199107251,3.1355580170006303,moderate,Ret_Vol_20,0,1,0.0,0.03333333333333344,-0.2466666666666667,0.03333333333333344
2017-08-10,1,1,1,0.5633333333333334,0.73,0.5738837597331276,0.31471074483970024,0.19067777777777775,0.0729,0.0012755699762128092,7.806142827057283,0.001793817308720851,0.33444112824907185,3.223327614490251,moderate,Ret_Vol_20,0,1,0.1266666666666667,0.45999999999999996,0.1266666666666667,0.45999999999999996
2017-08-11,1,0,0,0.47333333333333333,0.46,0.7479554170549403,0.7765287894989963,0.2773777777777777,0.2916,0.010043754544535322,7.80133779352605,0.002092247414395498,0.21211132944809935,3.184796190469169,moderate,Ret_Vol_20,0,1,0.0,0.0,-0.053333333333333344,-0.07999999999999996
2017-08-14,0,0,1,0.35,0.5266666666666666,0.4307829160924542,0.7479554170549402,0.12249999999999998,0.2773777777777777,-0.0004988078808476626,7.803818399148023,0.0018206546260099267,0.19733493988650563,3.181274038012964,moderate,Ret_Vol_20,1,1,0.0,0.05333333333333323,-0.30000000000000004,0.05333333333333323
2017-08-15,1,0,1,0.3566666666666667,0.56,1.030953640194295,0.579818495252942,0.41387777777777773,0.19359999999999997,0.0014201029158569245,7.7090330769764766,0.0003849955903483254,0.0,3.0837287294676954,moderate,Ret_Vol_20,0,1,0.0,0.1200000000000001,-0.2866666666666666,0.1200000000000001
2017-08-16,0,0,1,0.39666666666666667,0.5566666666666666,0.5052854433903754,0.8134333464344472,0.15734444444444445,0.30987777777777775,-0.015436952160958639,7.711263671906705,0.0011875852836552847,0.11680742559075252,3.1199039720250044,moderate,Ret_Vol_20,0,1,0.0,0.11333333333333329,-0.20666666666666667,0.11333333333333329
2017-08-17,0,1,1,0.5133333333333333,0.7566666666666667,0.7201758529478646,1.4133230335078102,0.2635111111111111,0.5725444444444445,-0.0018353673110713675,7.679469845784032,0.0051567090247221226,0.5946055007001628,3.2517166012310783,high,Ret_Vol_20,0,1,0.026666666666666616,0.5133333333333334,0.026666666666666616,0.5133333333333334
2017-08-18,1,0,1,0.49,0.7433333333333333,0.7133498878774648,0.29661070319608235,0.2601,0.0658777777777778,0.001162651069903653,7.6526375106751825,0.00648395131612394,0.4791856914017382,3.206755897085432,moderate,Ret_Vol_20,0,1,0.0,0.4866666666666666,-0.020000000000000018,0.4866666666666666
2017-08-21,1,0,1,0.44,0.5966666666666667,0.8209805520698302,0.516396668815446,0.31360000000000005,0.16267777777777775,0.00994077978775465,7.6526375106751825,0.006929093837901454,0.686705472027638,3.269145374029735,high,Ret_Vol_20,1,1,0.0,0.19333333333333336,-0.12,0.19333333333333336
2017-08-22,0,0,1,0.38666666666666666,0.5566666666666666,0.4888467170472155,0.8134333464344472,0.1495111111111111,0.30987777777777775,-0.0034535927149730306,7.623385175966442,0.00031393409359983544,0.0,3.049448250614657,moderate,Ret_Vol_20,0,1,0.0,0.11333333333333329,-0.22666666666666668,0.11333333333333329
2017-08-23,0,0,1,0.41,0.6133333333333333,0.5276327420823718,0.9501922835498363,0.16809999999999997,0.3761777777777777,-0.0020744620703185834,7.600470079319056,0.0006886646583208864,0.0683794685576945,3.0609084716924273,moderate,Ret_Vol_20,0,1,0.0,0.22666666666666657,-0.18000000000000005,0.22666666666666657
2017-08-24,1,0,1,0.39,0.5266666666666666,0.941608539858445,0.6411874416292344,0.3721,0.2240444444444445,0.0016728693563305974,7.580294517426244,0.0012138226568619952,0.1604169155752716,3.0806070284401383,moderate,Ret_Vol_20,0,1,0.0,0.05333333333333323,-0.21999999999999997,0.05333333333333323
2017-08-25,1,0,1,0.35333333333333333,0.5533333333333333,1.040343380544134,0.5917946862996578,0.41817777777777787,0.1995111111111111,0.00048707205438569545,7.562523226644538,0.0014565929198981304,0.31777416875390774,3.1207785191599573,moderate,Ret_Vol_20,0,1,0.0,0.10666666666666669,-0.29333333333333333,0.10666666666666669
2017-08-28,1,0,1,0.38,0.5466666666666666,0.9675840262617056,0.6039160468320027,0.3844,0.20551111111111114,0.000842821736810162,7.546904632054801,0.0024474370218304704,0.43396288287094076,3.149684948789752,moderate,Ret_Vol_20,1,1,0.0,0.09333333333333327,-0.24,0.09333333333333327
2017-08-29,1,0,0,0.38333333333333336,0.43,0.958850346292951,0.843970070294529,0.3802777777777778,0.3249000000000001,0.004615148933961866,7.533245865635287,0.00039437715804031,0.0,3.013416659401527,moderate,Ret_Vol_20,0,1,0.0,0.0,-0.23333333333333328,-0.14
2017-08-30,1,0,0,0.32666666666666666,0.36,1.118814995985629,1.0216512475319814,0.45337777777777777,0.4096,0.005720976220730423,6.56957999424789,0.0006802601529473503,0.08884058861872624,2.6546882523306583,moderate,Ret_Vol_20,0,1,0.0,0.0,-0.3466666666666667,-0.28
2017-08-31,1,0,0,0.3433333333333333,0.44333333333333336,1.0690534864265653,0.8134333464344472,0.4312111111111112,0.30987777777777775,0.001982540682532896,6.473981770032488,0.0014824060076458973,0.07958487498587197,2.613912892311051,moderate,Ret_Vol_20,0,1,0.0,0.0,-0.31333333333333335,-0.11333333333333329
2017-09-01,0,0,1,0.35,0.5066666666666667,0.4307829160924542,0.7065702008920861,0.12249999999999998,0.25671111111111117,-0.007550806889900619,6.4129380495728565,0.002152584189872646,0.2194208903820467,2.6316472622007185,moderate,Ret_Vol_20,0,1,0.0,0.01333333333333342,-0.30000000000000004,0.01333333333333342
2017-09-05,1,0,1,0.4866666666666667,0.6333333333333333,0.7201758529478646,0.456758402495715,0.2635111111111111,0.13444444444444448,0.0031287267736885838,6.367606775007479,0.0018767831656862017,0.5311391414160834,2.7069474873775228,moderate,Ret_Vol_20,1,1,0.0,0.2666666666666666,-0.026666666666666616,0.2666666666666666
2017-09-06,0,0,1,0.31666666666666665,0.6066666666666667,0.38077249551779285,0.9330978501905364,0.10027777777777777,0.36804444444444445,-0.00017843612323464875,6.366990110132383,0.00047084997349213994,0.0,2.546937299045001,none,Ret_Vol_20,0,1,0.0,0.21333333333333337,-0.3666666666666667,0.21333333333333337
2017-09-07,0,0,1,0.37666666666666665,0.55,0.47267385780161447,0.7985076962177717,0.14187777777777777,0.30250000000000005,-0.001488850703918465,6.33054510023749,0.0007567329683991257,0.06729507698638226,2.5526335830814304,none,Ret_Vol_20,0,1,0.0,0.10000000000000009,-0.2466666666666667,0.10000000000000009
2017-09-08,1,0,1,0.35,0.5733333333333334,1.0498221244986778,0.556287997842748,0.42250000000000004,0.18204444444444443,0.01083929931877714,6.320153411932276,0.0007567329683991257,0.273638260560653,2.610379862831626,moderate,Ret_Vol_20,0,1,0.0,0.14666666666666672,-0.30000000000000004,0.14666666666666672
2017-09-11,1,0,0,0.43333333333333335,0.4266666666666667,0.8362480242006186,0.8517522107365838,0.32111111111111107,0.328711111111111,0.0033639480109453057,6.311522450922521,0.0019342362813338475,0.20679748857097913,2.587228497824702,none,Ret_Vol_20,0,1,0.0,0.0,-0.1333333333333333,-0.1466666666666666
2017-09-12,1,0,0,0.36333333333333334,0.49666666666666665,1.0124345924270572,0.699836168710742,0.4053444444444445,0.25334444444444454,0.0007571207193879381,6.303894265875607,0.0019342362813338475,0.27485770459991354,2.6045952886146173,moderate,Ret_Vol_20,1,1,0.0,0.0,-0.2733333333333333,-0.00666666666666671
2017-09-13,0,0,0,0.38666666666666666,0.4633333333333333,0.4888467170472155,0.6223781096717381,0.1495111111111111,0.21467777777777777,-0.0011007176162897148,6.273012109573289,0.000285882994907084,0.0,2.5092906087277878,none,Ret_Vol_20,0,1,0.0,0.0,-0.22666666666666668,-0.07333333333333336
2017-09-14,1,0,1,0.43,0.53,0.843970070294529,0.6348782724359695,0.3249000000000001,0.22089999999999999,0.0018471814878802117,6.267550580904558,0.0009560611771338237,0.006250081382115691,2.509182075129598,none,Ret_Vol_20,0,1,0.0,0.06000000000000005,-0.14,0.06000000000000005
2017-09-15,1,0,0,0.37333333333333335,0.49,0.9852836033611064,0.7133498878774648,0.3927111111111112,0.2601,0.0014559207541648966,6.267550580904558,0.0014615725823556888,0.0627312125978563,2.526278067915887,none,Ret_Vol_20,0,1,0.0,0.0,-0.2533333333333333,-0.020000000000000018
2017-09-18,1,0,0,0.39,0.4166666666666667,0.941608539858445,0.8754687373538999,0.3721,0.3402777777777777,0.0011101954279371107,6.267550580904558,0.0018208607209893508,0.22668119811698806,2.5755708500132166,none,Ret_Vol_20,0,1,0.0,0.0,-0.21999999999999997,-0.16666666666666663
2017-09-19,1,0,0,0.38666666666666666,0.42333333333333334,0.9501922835498364,0.8595953881976097,0.3761777777777777,0.3325444444444444,0.0006343478158390425,6.267550580904558,0.0026390758952903135,0.34514250720726136,2.611354707292589,moderate,Ret_Vol_20,1,1,0.0,0.0,-0.22666666666666668,-0.15333333333333332
2017-09-20,0,0,1,0.38666666666666666,0.5133333333333333,0.4888467170472155,0.7201758529478646,0.1495111111111111,0.2635111111111111,-0.0030459176984141134,6.248533502373077,0.0003396415453144906,0.0,2.4995152934128253,none,Ret_Vol_20,0,1,0.0,0.026666666666666616,-0.22666666666666668,0.026666666666666616
2017-09-21,1,0,1,0.43333333333333335,0.51,0.8362480242006186,0.6733445532637656,0.32111111111111107,0.24009999999999998,0.0006477937229520947,6.250523230938757,0.0006380716509891496,0.02341564984204947,2.507425408823415,none,Ret_Vol_20,0,1,0.0,0.020000000000000018,-0.1333333333333333,0.020000000000000018
2017-09-22,0,0,0,0.38333333333333336,0.45,0.4834266495778762,0.5978370007556204,0.14694444444444446,0.2025,-0.002222050282888466,6.25377622991302,0.0006123641992745435,0.08936445140884597,2.5285035366476443,none,Ret_Vol_20,0,1,0.0,0.0,-0.23333333333333328,-0.09999999999999998
2017-09-25,1,0,0,0.4766666666666667,0.48,0.7409378443962937,0.7339691750802004,0.2738777777777778,0.27040000000000003,7.216672978804795e-05,6.258312272241852,0.0002984301056746995,0.05263752956833767,2.5192056967989447,none,Ret_Vol_20,0,1,0.0,0.0,-0.046666666666666634,-0.040000000000000036
2017-09-26,1,0,1,0.43,0.5166666666666667,0.843970070294529,0.6603573577369544,0.3249000000000001,0.23361111111111105,0.004085143947080816,6.264159887394204,0.0006123641992745435,0.05350635206043497,2.521899569835594,none,Ret_Vol_20,0,1,0.0,0.03333333333333344,-0.14,0.03333333333333344
2017-09-27,1,0,1,0.38666666666666666,0.53,0.9501922835498364,0.6348782724359695,0.3761777777777777,0.22089999999999999,0.001204615596159142,6.27135734174059,0.001169068555910464,0.0887217816611946,2.535510191761367,none,Ret_Vol_20,0,1,0.0,0.06000000000000005,-0.22666666666666668,0.06000000000000005
2017-09-28,1,0,0,0.41333333333333333,0.4266666666666667,0.8835009090511642,0.8517522107365838,0.3441777777777778,0.328711111111111,0.0037051100814438076,6.279954029351744,0.0015718697724738128,0.15634996291895542,2.5593581615481265,none,Ret_Vol_20,0,1,0.0,0.0,-0.17333333333333334,-0.1466666666666666
2017-09-29,1,0,0,0.3433333333333333,0.44,1.0690534864265653,0.8209805520698302,0.4312111111111112,0.31360000000000005,0.003874003457017716,6.29001239741128,0.002242047954700504,0.26566864311043714,2.596378166284053,moderate,Ret_Vol_20,1,1,0.0,0.0,-0.31333333333333335,-0.12
2017-10-02,1,0,1,0.38666666666666666,0.6333333333333333,0.9501922835498364,0.456758402495715,0.3761777777777777,0.13444444444444448,0.0021588381272976687,5.196215157026847,0.0004900074172966805,0.0,2.078633065035928,none,Ret_Vol_20,0,1,0.0,0.2666666666666666,-0.22666666666666668,0.2666666666666666
2017-10-03,1,0,1,0.42,0.57,0.8675005677047231,0.5621189181535413,0.3364000000000001,0.18490000000000004,0.0012467201713795006,5.2078133538676035,0.0010408728675524036,0.05268025782891317,2.099241680755981,none,Ret_Vol_20,0,1,0.0,0.1399999999999999,-0.16000000000000003,0.1399999999999999
2017-10-04,1,0,0,0.42,0.46,0.8675005677047231,0.7765287894989963,0.3364000000000001,0.2916,0.005646787369921524,5.221048886657865,0.0010408728675524036,0.23074034394515863,2.157953919706959,none,Ret_Vol_20,0,1,0.0,0.0,-0.16000000000000003,-0.07999999999999996
2017-10-05,0,0,1,0.4166666666666667,0.5233333333333333,0.5389965007326871,0.7409378443962937,0.17361111111111113,0.2738777777777778,-0.0010736344069645076,5.221048886657865,0.0018047025979308975,0.33759219970531584,2.19023862535412,none,Ret_Vol_20,0,1,0.0,0.046666666666666634,-0.16666666666666663,0.046666666666666634
2017-10-06,0,0,0,0.4033333333333333,0.47333333333333333,0.516396668815446,0.6411874416292344,0.16267777777777775,0.22404444444444443,-0.0018044339160793177,5.221048886657865,0.0016388327380234885,0.3432733620997941,2.1918932131144917,none,Ret_Vol_20,0,1,0.0,0.0,-0.19333333333333336,-0.053333333333333344
2017-10-09,1,0,1,0.42333333333333334,0.5,0.8595953881976097,0.6931471805599453,0.3325444444444444,0.25,0.002322412261707374,5.221048886657865,0.00139955773438942,0.39130744653745175,2.2062316559446984,none,Ret_Vol_20,0,1,0.0,0.0,-0.15333333333333332,0.0
2017-10-10,1,0,1,0.38333333333333336,0.5133333333333333,0.958850346292951,0.666829872242572,0.3802777777777778,0.23684444444444447,0.0018035072962026,5.231319837820703,0.0016165460606559472,0.4099218260691241,2.215989446767215,none,Ret_Vol_20,0,1,0.0,0.026666666666666616,-0.23333333333333328,0.026666666666666616
2017-10-11,0,0,1,0.36333333333333334,0.51,0.4515090466095711,0.7133498878774648,0.1320111111111111,0.2601,-0.0016867529508860502,5.242988741312697,0.0018827824622437445,0.46691442183986864,2.2378346578157124,none,Ret_Vol_20,0,1,0.0,0.020000000000000018,-0.2733333333333333,0.020000000000000018
2017-10-12,1,0,1,0.45666666666666667,0.6133333333333333,0.7838015488280762,0.4888467170472155,0.2952111111111111,0.14951111111111115,0.0008781073155288421,5.256138268683239,0.001465632197893512,0.3180161328980866,2.1982998370020894,none,Ret_Vol_20,0,1,0.0,0.22666666666666657,-0.08666666666666667,0.22666666666666657
2017-10-13,1,0,1,0.42333333333333334,0.6,0.8595953881976097,0.5108256237659907,0.3325444444444444,0.16000000000000003,0.0017507533144689447,5.260900525438085,0.0017765222414865625,0.2631257329424882,2.183830886730427,none,Ret_Vol_20,0,1,0.0,0.19999999999999996,-0.15333333333333332,0.19999999999999996
2017-10-16,1,0,0,0.4,0.48,0.916290731874155,0.7339691750802004,0.36,0.27040000000000003,0.0006725789853143649,5.266565094306424,0.0030799486194291927,0.30280333190965636,2.1983910218812954,none,Ret_Vol_20,0,1,0.0,0.0,-0.19999999999999996,-0.040000000000000036
2017-10-17,1,0,0,0.4066666666666667,0.44,0.8997614299229445,0.8209805520698302,0.3520444444444444,0.31360000000000005,0.0007423349056041584,5.273151323389225,0.0027028548545805203,0.4733271835780699,2.2520695408854854,none,Ret_Vol_20,0,1,0.0,0.0,-0.18666666666666665,-0.12
2017-10-18,1,0,1,0.47333333333333333,0.5,0.7479554170549403,0.6931471805599453,0.2773777777777777,0.25,0.00032799789456050554,5.280682473233378,0.0028917920821542476,0.512733780647481,2.266960661112242,none,Ret_Vol_20,0,1,0.0,0.0,-0.053333333333333344,0.0
2017-10-19,1,0,0,0.38666666666666666,0.47333333333333333,0.9501922835498364,0.7479554170549403,0.3761777777777777,0.2773777777777777,0.0051168427389869375,5.289186196147952,0.0036085273923173768,0.6002189832430009,2.296822731649777,none,Ret_Vol_20,0,1,0.0,0.0,-0.22666666666666668,-0.053333333333333344
2017-10-20,0,0,1,0.43333333333333335,0.5666666666666667,0.5679840376059393,0.8362480242006186,0.1877777777777778,0.32111111111111107,-0.003972484039719171,5.2986951416678725,0.0041593928425730994,0.764278272334786,2.350009356220357,none,Ret_Vol_20,0,1,0.0,0.1333333333333333,-0.1333333333333333,0.1333333333333333
2017-10-23,1,0,1,0.49,0.59,0.7133498878774648,0.527632742082372,0.2601,0.16810000000000003,0.001617908278173541,5.309247722178631,0.005231173227029573,0.6287570288724782,2.3138955495013045,none,Ret_Vol_20,0,1,0.0,0.17999999999999994,-0.020000000000000018,0.17999999999999994
2017-10-24,0,0,1,0.4533333333333333,0.61,0.6039160468320027,0.941608539858445,0.2055111111111111,0.3721,-0.004663049754275228,5.320889085441914,0.00470259445414139,0.8908319035207278,2.3970159835692266,none,Ret_Vol_20,0,1,0.0,0.21999999999999997,-0.09333333333333338,0.21999999999999997
2017-10-25,1,1,1,0.5266666666666666,0.6266666666666667,0.6411874416292344,0.4673405118262518,0.2240444444444445,0.13937777777777774,0.001270946219078306,5.333672359037255,0.006602671983619427,0.6904272586581145,2.3425779228074224,none,Ret_Vol_20,0,1,0.05333333333333323,0.2533333333333334,0.05333333333333323,0.2533333333333334
2017-10-26,1,0,1,0.44666666666666666,0.72,0.8059426747052897,0.3285040669720361,0.30617777777777777,0.07840000000000001,0.008073022498049642,5.347660258521776,0.007116086189882362,0.5217909403838199,2.2977362113808213,none,Ret_Vol_20,0,1,0.0,0.43999999999999995,-0.10666666666666669,0.43999999999999995
2017-10-27,0,0,0,0.47333333333333333,0.49666666666666665,0.6411874416292344,0.6865026378412766,0.22404444444444443,0.24667777777777775,-0.003192470570786421,5.365399500928056,0.007877231762017243,0.4870092788031875,2.294625753540784,none,Ret_Vol_20,0,1,0.0,0.0,-0.053333333333333344,-0.00666666666666671
2017-10-30,1,0,1,0.35333333333333333,0.6166666666666667,1.040343380544134,0.4834266495778762,0.41817777777777787,0.14694444444444443,0.0009444586571358826,5.384761433933592,0.008817803718296024,0.6472895899296334,2.350736791667816,none,Ret_Vol_20,0,1,0.0,0.2333333333333334,-0.29333333333333333,0.2333333333333334
2017-10-31,1,0,1,0.4033333333333333,0.5466666666666666,0.90799192905946,0.6039160468320027,0.3560111111111111,0.20551111111111114,0.0015921101716727115,5.405907716417717,0.007194526921499826,0.6852718258986654,2.3701029924131363,none,Ret_Vol_20,0,1,0.0,0.09333333333333327,-0.19333333333333336,0.09333333333333327
2017-11-01,1,0,1,0.3333333333333333,0.5466666666666666,1.0986122886681098,0.6039160468320027,0.44444444444444453,0.20551111111111114,0.00018996581088659426,5.421929499253656,0.007618957511055932,0.7216026603038264,2.387538285045927,none,Ret_Vol_20,0,1,0.0,0.09333333333333327,-0.33333333333333337,0.09333333333333327
2017-11-02,1,0,1,0.36,0.52,1.0216512475319814,0.6539264674066639,0.4096,0.2304,0.0030970753849743904,5.43930119649368,0.010639034374484407,0.7084930568913888,2.391460105977234,none,Ret_Vol_20,0,1,0.0,0.040000000000000036,-0.28,0.040000000000000036
2017-11-03,1,0,1,0.2866666666666667,0.5366666666666666,1.2494351784026934,0.6223781096717381,0.5088444444444445,0.21467777777777783,0.0012712512404724485,5.458130780636207,0.010639034374484407,0.7261942610409775,2.404302300879121,none,Ret_Vol_20,0,1,0.0,0.07333333333333325,-0.42666666666666664,0.07333333333333325
2017-11-06,0,0,1,0.35333333333333333,0.5166666666666667,0.43592431559287287,0.7270487322356267,0.12484444444444444,0.2669444444444445,-0.00018910292286977715,5.478549627217815,0.0158385133044247,0.6425698202579968,2.388942350955852,none,Ret_Vol_20,0,1,0.0,0.03333333333333344,-0.29333333333333333,0.03333333333333344
2017-11-07,1,0,0,0.37,0.3933333333333333,0.9942522733438669,0.9330978501905364,0.39690000000000003,0.36804444444444445,0.001443655000098465,5.478549627217815,0.011644408675105196,0.5272069916769959,2.3530752709927563,none,Ret_Vol_20,0,1,0.0,0.0,-0.26,-0.21333333333333337
2017-11-08,0,0,0,0.3566666666666667,0.4766666666666667,0.44109228575131554,0.647536669307893,0.12721111111111114,0.2272111111111111,-0.003761887644002093,5.478549627217815,0.01711143562310185,0.5208270146539166,2.3528013859702313,none,Ret_Vol_20,0,1,0.0,0.0,-0.2866666666666666,-0.046666666666666634
2017-11-09,0,0,1,0.38,0.55,0.4780358009429998,0.7985076962177717,0.1444,0.30250000000000005,-0.0008976438525517549,5.478549627217815,0.016643714883172674,0.6604321662687573,2.394542615232705,none,Ret_Vol_20,0,1,0.0,0.10000000000000009,-0.24,0.10000000000000009
2017-11-10,1,0,1,0.41,0.58,0.8915981192837836,0.5447271754416722,0.3481000000000001,0.17640000000000003,0.0009836343625724275,5.478549627217815,0.017135414532886584,0.5500626427462072,2.361579268070854,none,Ret_Vol_20,0,1,0.0,0.15999999999999992,-0.18000000000000005,0.15999999999999992
2017-11-13,0,0,1,0.38,0.55,0.4780358009429998,0.7985076962177717,0.1444,0.30250000000000005,-0.0023096092988857952,5.478549627217815,0.017899244263265078,0.6888474787980292,2.403443867805514,none,Ret_Vol_20,0,1,0.0,0.10000000000000009,-0.24,0.10000000000000009
2017-11-14,0,0,1,0.44,0.5766666666666667,0.579818495252942,0.8595953881976097,0.1936,0.3325444444444444,-0.005525675723266343,5.478549627217815,0.019345809985139177,0.8824739903286999,2.4619657909812775,none,Ret_Vol_20,0,1,0.0,0.15333333333333332,-0.12,0.15333333333333332
2017-11-15,1,0,1,0.47,0.6566666666666666,0.7550225842780328,0.42057874591821265,0.28090000000000004,0.1178777777777778,0.008196058063241196,5.478549627217815,0.018627954563377333,0.6445199241481168,2.390364214500574,none,Ret_Vol_20,0,1,0.0,0.31333333333333324,-0.06000000000000005,0.31333333333333324
2017-11-16,0,0,0,0.3433333333333333,0.45666666666666667,0.4205787459182124,0.6100322738494387,0.11787777777777778,0.20854444444444445,-0.0026259630899742037,5.478549627217815,0.017855724396194216,0.5974458723178584,2.3760103299013418,none,Ret_Vol_20,0,1,0.0,0.0,-0.31333333333333335,-0.08666666666666667
2017-11-17,1,0,1,0.36666666666666664,0.58,1.0033021088637848,0.5447271754416722,0.4011111111111111,0.17640000000000003,0.0012756828808564435,5.478549627217815,0.020655745261630998,0.488277554943777,2.3440998409487483,none,Ret_Vol_20,0,1,0.0,0.15999999999999992,-0.2666666666666667,0.15999999999999992
2017-11-20,1,0,0,0.33,0.46,1.1086626245216111,0.7765287894989963,0.4488999999999999,0.2916,0.006541139295859866,5.499335931421003,0.021313929482404792,0.6075043711635963,2.3883798627622017,none,Ret_Vol_20,0,1,0.0,0.0,-0.33999999999999997,-0.07999999999999996
2017-11-21,0,0,1,0.3433333333333333,0.54,0.4205787459182124,0.7765287894989964,0.11787777777777778,0.2916,-0.0007502611166068096,5.521874370449673,0.02112413027203671,0.7235088409990964,2.4321396395612096,none,Ret_Vol_20,0,1,0.0,0.08000000000000007,-0.31333333333333335,0.08000000000000007
2017-11-22,1,0,0,0.36666666666666664,0.48333333333333334,1.0033021088637848,0.7270487322356266,0.4011111111111111,0.2669444444444444,0.0020560951489239088,5.5463697250330775,0.022753879657869486,0.788282611135118,2.4618588372511274,none,Ret_Vol_20,0,1,0.0,0.0,-0.2666666666666667,-0.033333333333333326
2017-11-24,0,0,0,0.37333333333333335,0.44,0.4673405118262518,0.579818495252942,0.1393777777777778,0.1936,-0.0003842577408796899,5.573084481374474,0.023436584498386905,0.7079404126691387,2.4486468917000472,none,Ret_Vol_20,0,1,0.0,0.0,-0.2533333333333333,-0.12
2017-11-27,1,0,1,0.4,0.5133333333333333,0.916290731874155,0.666829872242572,0.36,0.23684444444444447,0.00984851271879017,5.602363922839617,0.0243208323415506,0.714442861729698,2.4625746773572215,none,Ret_Vol_20,0,1,0.0,0.026666666666666616,-0.19999999999999996,0.026666666666666616
2017-11-28,0,0,1,0.45666666666666667,0.58,0.6100322738494387,0.867500567704723,0.20854444444444445,0.3364,-0.000369225702197995,5.6255865095734485,0.0281449358994318,0.916563002727464,2.533646985417448,none,Ret_Vol_20,0,1,0.0,0.15999999999999992,-0.08666666666666667,0.15999999999999992
2017-11-29,1,0,1,0.38,0.5466666666666666,0.9675840262617056,0.6039160468320027,0.3844,0.20551111111111114,0.008190950433802913,5.65074277354292,0.02955434174113659,0.8565620604685803,2.5261320300800825,none,Ret_Vol_20,0,1,0.0,0.09333333333333327,-0.24,0.09333333333333327
2017-11-30,0,0,1,0.4633333333333333,0.5133333333333333,0.6223781096717381,0.7201758529478646,0.21467777777777777,0.2635111111111111,-0.002024530803113933,5.6482206473054095,0.030080967328643717,0.9115125786544659,2.541766322717097,none,Ret_Vol_20,0,1,0.0,0.026666666666666616,-0.07333333333333336,0.026666666666666616
2017-12-01,0,0,1,0.43333333333333335,0.6133333333333333,0.5679840376059393,0.9501922835498363,0.1877777777777778,0.3761777777777777,-0.0010521566439205543,5.650405889424944,0.03060612532718484,1.1900030058789628,2.626345095131822,moderate,Ret_Vol_20,1,1,0.0,0.22666666666666657,-0.1333333333333333,0.22666666666666657
2017-12-04,0,0,1,0.4633333333333333,0.6966666666666667,0.6223781096717381,1.192922968139351,0.21467777777777777,0.4853444444444444,-0.0037393815604747083,5.52217234822891,0.004315231086276596,0.0,2.210163508617447,none,Ret_Vol_20,0,1,0.0,0.3933333333333333,-0.07333333333333336,0.3933333333333333
2017-12-05,0,0,1,0.3466666666666667,0.6033333333333334,0.4256678154256838,0.9246589815446719,0.12017777777777779,0.3640111111111112,-0.00011410565998426492,5.532173266492931,0.004965762675184102,0.1341319932973396,2.2545986333889294,none,Ret_Vol_20,0,1,0.0,0.20666666666666678,-0.30666666666666664,0.20666666666666678
2017-12-06,1,0,1,0.33666666666666667,0.5433333333333333,1.0886619578149417,0.6100322738494387,0.44001111111111113,0.20854444444444445,0.0029323579853828274,5.545466303280043,0.005561764287027494,0.4333044606257215,2.349846388785842,none,Ret_Vol_20,0,1,0.0,0.08666666666666667,-0.32666666666666666,0.08666666666666667
2017-12-07,1,0,0,0.33,0.4033333333333333,1.1086626245216111,0.90799192905946,0.4488999999999999,0.3560111111111111,0.005506306319651655,5.562453908824811,0.005561764287027494,0.43421406971449183,2.35691431373038,none,Ret_Vol_20,0,1,0.0,0.0,-0.33999999999999997,-0.19333333333333336
2017-12-08,1,0,0,0.37,0.27666666666666667,0.9942522733438669,1.284941866859603,0.39690000000000003,0.5232111111111112,0.003201957471006933,5.588236518530876,0.0062319424692542464,0.30083226296909815,2.3274138690438564,none,Ret_Vol_20,0,1,0.0,0.0,-0.26,-0.44666666666666666
2017-12-11,1,0,0,0.35333333333333333,0.2833333333333333,1.040343380544134,1.2611312181658847,0.41817777777777787,0.5136111111111111,0.001548922064604108,5.620868841840895,0.007655131813021736,0.5316836081985813,2.4101491587398396,none,Ret_Vol_20,0,1,0.0,0.0,-0.29333333333333333,-0.43333333333333335
2017-12-12,0,0,0,0.36333333333333334,0.43,0.4515090466095711,0.5621189181535411,0.1320111111111111,0.18489999999999998,-0.0004729570906678582,5.6631904246029405,0.01357031809068451,0.40128081838530893,2.3897315107839745,none,Ret_Vol_20,0,1,0.0,0.0,-0.2733333333333333,-0.14
2017-12-13,0,0,1,0.32666666666666666,0.68,0.3955147772549963,1.139434283188365,0.1067111111111111,0.4624000000000001,-0.004070859227173984,5.721359338643152,0.015840451464297394,0.28443301813159805,2.37862577633603,none,Ret_Vol_20,0,1,0.0,0.3600000000000001,-0.3466666666666667,0.3600000000000001
2017-12-14,1,0,1,0.4266666666666667,0.6533333333333333,0.8517522107365838,0.4256678154256838,0.328711111111111,0.12017777777777779,0.008974343513216354,5.814176076211553,0.0168567369917339,0.7447939140175216,2.554165625787398,none,Ret_Vol_20,0,1,0.0,0.30666666666666664,-0.1466666666666666,0.30666666666666664
2017-12-15,1,0,0,0.41333333333333333,0.24333333333333335,0.8835009090511642,1.41332303350781,0.3441777777777778,0.5725444444444443,0.005362807225250732,6.773830754754853,0.0168567369917339,0.4411007047184291,2.84691953441499,moderate,Ret_Vol_20,1,1,0.0,0.0,-0.17333333333333334,-0.5133333333333333
2017-12-18,0,0,0,0.36333333333333334,0.38666666666666666,0.4515090466095711,0.4888467170472155,0.1320111111111111,0.1495111111111111,-0.0032302694598687065,6.773830754754853,0.0013528830227441699,0.0,2.7099381668087643,moderate,Ret_Vol_20,0,1,0.0,0.0,-0.2733333333333333,-0.22666666666666668
2017-12-19,0,0,0,0.38,0.4166666666666667,0.4780358009429998,0.5389965007326871,0.1444,0.17361111111111113,-0.0008278931807477186,6.773830754754853,0.003693322717380394,0.025074891842735814,2.718162766269976,moderate,Ret_Vol_20,0,1,0.0,0.0,-0.24,-0.16666666666666663
2017-12-20,1,0,0,0.37333333333333335,0.4866666666666667,0.9852836033611064,0.7201758529478646,0.3927111111111112,0.2635111111111111,0.0019856558213586784,6.764051960379934,0.004689961651497638,0.16257772121467795,2.7558010890118263,moderate,Ret_Vol_20,1,1,0.0,0.0,-0.2533333333333333,-0.026666666666666616
2017-12-21,0,0,0,0.3433333333333333,0.38333333333333336,0.4205787459182124,0.4834266495778762,0.11787777777777778,0.14694444444444446,-0.0004581666477052604,6.755025282388221,0.0013528830227441664,0.0,2.702415977862112,moderate,Ret_Vol_20,0,1,0.0,0.0,-0.31333333333333335,-0.23333333333333328
2017-12-22,0,0,0,0.38,0.46,0.4780358009429998,0.616186139423817,0.1444,0.2116,-0.0010584151831672939,6.746730479005377,0.030846828163114674,0.06637974492297039,2.7278601635279767,moderate,Ret_Vol_20,0,1,0.0,0.0,-0.24,-0.07999999999999996
2017-12-26,1,0,1,0.37,0.51,0.9942522733438669,0.6733445532637656,0.39690000000000003,0.24009999999999998,0.0007909409391904099,6.739149672472022,0.028431955363311112,0.14873851743158306,2.748811010827277,moderate,Ret_Vol_20,1,1,0.0,0.020000000000000018,-0.26,0.020000000000000018
2017-12-27,1,0,0,0.4033333333333333,0.37333333333333335,0.90799192905946,0.9852836033611064,0.3560111111111111,0.3927111111111112,0.0018339987251561052,6.739149672472022,0.001207862839058618,0.0,2.6960222278405266,moderate,Ret_Vol_20,0,1,0.0,0.0,-0.19333333333333336,-0.2533333333333333
2017-12-28,0,0,0,0.36,0.37,0.4462871026284195,0.4620354595965587,0.1296,0.1369,-0.005183153157965359,6.739149672472022,0.002560745861802787,0.2616240718822739,2.774915314312032,moderate,Ret_Vol_20,0,1,0.0,0.0,-0.28,-0.26
2017-12-29,1,0,1,0.44333333333333336,0.5333333333333333,0.8134333464344472,0.6286086594223742,0.30987777777777775,0.2177777777777778,0.008303361477520088,6.739149672472022,0.002560745861802787,0.3249913199199128,2.793925488723324,moderate,Ret_Vol_20,0,1,0.0,0.06666666666666665,-0.11333333333333329,0.06666666666666665
2018-01-02,1,0,0,0.38666666666666666,0.38666666666666666,0.9501922835498364,0.9501922835498364,0.3761777777777777,0.3761777777777777,0.006398818768781567,6.732267103459705,0.0035519598916868844,0.19366228206736746,2.7520711139715983,moderate,Ret_Vol_20,1,1,0.0,0.0,-0.22666666666666668,-0.22666666666666668
2018-01-03,1,0,0,0.41,0.26,0.8915981192837836,1.3470736479666092,0.3481000000000001,0.5476,0.004028636080503967,5.66106482701635,0.0016989903679540197,0.0,2.2649356279169264,none,Ret_Vol_20,0,1,0.0,0.0,-0.18000000000000005,-0.48
2018-01-04,1,0,0,0.36666666666666664,0.25,1.0033021088637848,1.3862943611198906,0.4011111111111111,0.5625,0.007033767443369587,5.66106482701635,0.0036128796529400135,0.019610356576640564,2.271392901675414,none,Ret_Vol_20,0,1,0.0,0.0,-0.2666666666666667,-0.5
2018-01-05,1,0,0,0.44666666666666666,0.27,0.8059426747052897,1.3093333199837622,0.30617777777777777,0.5328999999999999,0.0016623439316436617,5.66106482701635,0.00420249148059434,0.03823378970632518,2.277156815162616,none,Ret_Vol_20,0,1,0.0,0.0,-0.10666666666666669,-0.45999999999999996
2018-01-08,1,0,0,0.42333333333333334,0.28,0.8595953881976097,1.2729656758128873,0.3325444444444444,0.5184,0.0013029315960912946,5.7574668890124325,0.005564884353240639,0.09418486511422519,2.332911680445213,none,Ret_Vol_20,0,1,0.0,0.0,-0.15333333333333332,-0.43999999999999995
2018-01-09,0,0,0,0.43,0.3,0.5621189181535411,0.35667494393873245,0.18489999999999998,0.09,-0.0011122268282528491,6.720543036423111,0.009580565222243872,0.8719783109398691,2.952684877417878,moderate,Ret_Vol_20,1,1,0.0,0.0,-0.14,-0.4
2018-01-10,1,0,1,0.3433333333333333,0.6333333333333333,1.0690534864265653,0.456758402495715,0.4312111111111112,0.13444444444444448,0.007033646478779465,6.720543036423111,0.011793391417017867,0.0,2.6917552319943496,moderate,Ret_Vol_20,0,1,0.0,0.2666666666666666,-0.31333333333333335,0.2666666666666666
2018-01-11,1,0,1,0.36666666666666664,0.58,1.0033021088637848,0.5447271754416722,0.4011111111111111,0.17640000000000003,0.006749602987881076,6.748994602410397,0.025702142157514492,0.04398438647297864,2.720503799553307,moderate,Ret_Vol_20,0,1,0.0,0.15999999999999992,-0.2666666666666667,0.15999999999999992
2018-01-12,0,0,1,0.35333333333333333,0.5466666666666666,0.43592431559287287,0.791127588920149,0.12484444444444444,0.2988444444444444,-0.003524487622672101,6.78233498262178,0.027878603530498744,0.2375742531072823,2.7925698500400467,moderate,Ret_Vol_20,0,1,0.0,0.09333333333333327,-0.29333333333333333,0.09333333333333327
2018-01-16,1,0,0,0.45,0.4266666666666667,0.7985076962177716,0.8517522107365838,0.30250000000000005,0.328711111111111,0.009415051560751175,6.822155127487505,0.02762669623254086,0.4282351194453361,2.865620595698365,moderate,Ret_Vol_20,1,1,0.0,0.0,-0.09999999999999998,-0.1466666666666666
2018-01-17,0,0,0,0.44666666666666666,0.4,0.5917946862996578,0.5108256237659907,0.1995111111111111,0.16000000000000003,-0.0016163897301626484,6.837968528814548,0.0004708499734921395,0.0,2.735328666517867,moderate,Ret_Vol_20,0,1,0.0,0.0,-0.10666666666666669,-0.19999999999999996
2018-01-18,1,0,1,0.43,0.5333333333333333,0.843970070294529,0.6286086594223742,0.3249000000000001,0.2177777777777778,0.004385235112838837,6.861599225654794,0.0006571006461273581,0.0588915178281918,2.762504275804214,moderate,Ret_Vol_20,0,1,0.0,0.06666666666666665,-0.14,0.06666666666666665
2018-01-19,1,0,0,0.32666666666666666,0.4766666666666667,1.118814995985629,0.7409378443962937,0.45337777777777777,0.2738777777777778,0.008066726499347698,6.88840402969749,0.0010670925866604502,0.1730386530295993,2.807593335563874,moderate,Ret_Vol_20,0,1,0.0,0.0,-0.3466666666666667,-0.046666666666666634
2018-01-22,1,0,0,0.41,0.43,0.8915981192837836,0.843970070294529,0.3481000000000001,0.3249000000000001,0.0021743654797181655,6.919040085668454,0.0011280123479135615,0.33592317385433135,2.8687313901280556,moderate,Ret_Vol_20,1,1,0.0,0.0,-0.18000000000000005,-0.14
2018-01-23,0,0,1,0.38333333333333336,0.5733333333333334,0.4834266495778762,0.8517522107365839,0.14694444444444446,0.3287111111111111,-0.0005599757022828333,6.959554501956218,0.0004254959284583098,0.0,2.7839494495610246,moderate,Ret_Vol_20,0,1,0.0,0.14666666666666672,-0.23333333333333328,0.14666666666666672
2018-01-24,1,0,1,0.37,0.6533333333333333,0.9942522733438669,0.4256678154256838,0.39690000000000003,0.12017777777777779,0.0006026209018938911,7.001408002939373,0.004394619669525129,0.21304219765545002,2.8657942463732415,moderate,Ret_Vol_20,0,1,0.0,0.30666666666666664,-0.26,0.30666666666666664
2018-01-25,1,0,1,0.30666666666666664,0.5766666666666667,1.181993897607161,0.5504908801584221,0.48071111111111114,0.17921111111111113,0.011841196508761032,7.05255067759445,0.00535062998332232,0.27185495293725787,2.904181945913954,moderate,Ret_Vol_20,0,1,0.0,0.15333333333333332,-0.3866666666666667,0.15333333333333332
2018-01-26,0,0,0,0.49,0.3433333333333333,0.6733445532637656,0.4205787459182124,0.24009999999999998,0.11787777777777778,-0.006731974332887192,6.152279885210731,0.001993624004754606,0.413398620078771,2.5855296273093504,none,Ret_Vol_20,0,1,0.0,0.0,-0.020000000000000018,-0.31333333333333335
2018-01-29,0,0,1,0.4633333333333333,0.62,0.6223781096717381,0.9675840262617056,0.21467777777777777,0.3844,-0.010898815620283941,6.21047475720453,0.002544489455010337,0.32436929056158403,2.5822640368867904,none,Ret_Vol_20,0,1,0.0,0.24,-0.07333333333333336,0.24
2018-01-30,1,1,1,0.53,0.6766666666666666,0.6348782724359695,0.39057649561441377,0.22089999999999999,0.10454444444444447,0.0004889853730833948,6.176049483477039,0.0032014868438131373,0.2995611962552767,2.561248598320543,none,Ret_Vol_20,0,1,0.06000000000000005,0.3533333333333333,0.06000000000000005,0.3533333333333333
2018-01-31,0,0,1,0.47,0.6466666666666666,0.6348782724359695,1.0403433805441338,0.22089999999999999,0.4181777777777777,-0.0006480882520516484,6.239713113238224,0.002935732961807749,0.4903245822734631,2.6438633398658706,moderate,Ret_Vol_20,1,1,0.0,0.2933333333333332,-0.06000000000000005,0.2933333333333332
2018-02-01,0,0,1,0.44666666666666666,0.6466666666666666,0.5917946862996578,1.0403433805441338,0.1995111111111111,0.4181777777777777,-0.02120854792396809,7.068294766700808,0.0005059389928987745,0.0,2.827469688378193,moderate,Ret_Vol_20,0,1,0.0,0.2933333333333332,-0.10666666666666669,0.2933333333333332
2018-02-02,0,1,1,0.5566666666666666,0.5933333333333334,0.8134333464344472,0.8997614299229446,0.30987777777777775,0.3520444444444445,-0.04097922480422822,6.168023974317089,0.0008652271315325042,0.07029097531059458,2.4885564504594737,none,Ret_Vol_20,0,1,0.11333333333333329,0.18666666666666676,0.11333333333333329,0.18666666666666676
2018-02-05,1,1,1,0.54,0.5066666666666667,0.616186139423817,0.6799019538099246,0.21159999999999995,0.24337777777777775,0.017440920592313836,5.236187204800231,0.0011664548504385407,0.26372460959300437,2.1739422012531255,none,Ret_Vol_20,0,1,0.08000000000000007,0.01333333333333342,0.08000000000000007,0.01333333333333342
2018-02-06,0,1,1,0.53,0.61,0.7550225842780328,0.941608539858445,0.28090000000000004,0.3721,-0.005001588416939429,5.1863484209331245,0.0014905924078278407,0.21251989576842145,2.1387425148261245,none,Ret_Vol_20,0,1,0.06000000000000005,0.21999999999999997,0.06000000000000005,0.21999999999999997
2018-02-07,0,1,1,0.5533333333333333,0.65,0.8059426747052897,1.0498221244986778,0.30617777777777777,0.42250000000000004,-0.03753641975808808,5.185947315835346,0.0019489867466573924,0.17873935259643559,2.1285854281370664,none,Ret_Vol_20,0,1,0.10666666666666669,0.30000000000000004,0.10666666666666669,0.30000000000000004
2018-02-08,1,1,1,0.53,0.5766666666666667,0.6348782724359695,0.5504908801584221,0.22089999999999999,0.17921111111111113,0.014936090208494734,5.234848941900228,0.002366137011007623,0.3948157616369047,2.213094146354465,none,Ret_Vol_20,0,1,0.06000000000000005,0.15333333333333332,0.06000000000000005,0.15333333333333332
2018-02-09,1,1,1,0.5733333333333334,0.6066666666666667,0.556287997842748,0.49977578757940566,0.18204444444444443,0.1547111111111111,0.013914584754042503,5.192435670406987,0.003440319492700163,0.7038548449677781,2.289162817500938,none,Ret_Vol_20,0,1,0.14666666666666672,0.21333333333333337,0.14666666666666672,0.21333333333333337
2018-02-12,1,1,1,0.54,0.5033333333333333,0.616186139423817,0.6865026378412769,0.21159999999999995,0.2466777777777778,0.0026129297463290957,5.156457296269577,0.003825315083048485,0.810878048903155,2.306993927703692,none,Ret_Vol_20,0,1,0.08000000000000007,0.006666666666666599,0.08000000000000007,0.006666666666666599
2018-02-13,1,0,1,0.48333333333333334,0.5433333333333333,0.7270487322356266,0.6100322738494387,0.2669444444444444,0.20854444444444445,0.013402458257245842,5.1253076879797135,0.0036165584755686203,0.973983442616235,2.343403075519426,none,Ret_Vol_20,0,1,0.0,0.08666666666666667,-0.033333333333333326,0.08666666666666667
2018-02-14,1,0,1,0.48,0.5733333333333334,0.7339691750802004,0.556287997842748,0.27040000000000003,0.18204444444444443,0.012069112762299383,5.095303938901336,0.003928148922190291,1.1691481453640287,2.3900444638464,none,Ret_Vol_20,0,1,0.0,0.14666666666666672,-0.040000000000000036,0.14666666666666672
2018-02-15,1,1,1,0.5766666666666667,0.51,0.5504908801584221,0.6733445532637656,0.17921111111111113,0.24009999999999998,0.0003734693722488025,5.06839979866397,0.004087408449060772,1.240155552024734,2.400632807607727,none,Ret_Vol_20,0,1,0.15333333333333332,0.020000000000000018,0.15333333333333332,0.020000000000000018
2018-02-16,0,1,1,0.55,0.5,0.7985076962177717,0.6931471805599453,0.30250000000000005,0.25,-0.005841389459353419,5.0441265134789735,0.004319975248307464,1.2870932664422159,2.4050745778987466,none,Ret_Vol_20,0,1,0.10000000000000009,0.0,0.10000000000000009,0.0
2018-02-20,0,1,1,0.5433333333333333,0.5466666666666666,0.7838015488280762,0.791127588920149,0.2952111111111111,0.2988444444444444,-0.0054965031281792864,5.022139998648441,0.004531681672831145,1.2399769335720112,2.3822085840328295,none,Ret_Vol_20,0,1,0.08666666666666667,0.09333333333333327,0.08666666666666667,0.09333333333333327
2018-02-21,1,1,1,0.5133333333333333,0.6033333333333334,0.666829872242572,0.5052854433903752,0.23684444444444447,0.1573444444444444,0.0009735510790762625,5.002179551295238,0.005232496105893466,1.4616509024701827,2.4409368400909184,none,Ret_Vol_20,0,1,0.026666666666666616,0.20666666666666678,0.026666666666666616,0.20666666666666678
2018-02-22,1,1,1,0.5233333333333333,0.5466666666666666,0.647536669307893,0.6039160468320027,0.2272111111111111,0.20551111111111114,0.01602837635051313,4.985374223700492,0.006976622635435054,1.5764913768962903,2.4691900893397145,none,Ret_Vol_20,0,1,0.046666666666666634,0.09333333333333327,0.046666666666666634,0.09333333333333327
2018-02-23,1,0,0,0.47,0.45,0.7550225842780328,0.7985076962177716,0.28090000000000004,0.30250000000000005,0.011757015343810906,4.968605972669503,0.006976622635435054,1.5017246503716077,2.4400527709699142,none,Ret_Vol_20,0,1,0.0,0.0,-0.06000000000000005,-0.09999999999999998
2018-02-26,0,1,0,0.5033333333333333,0.41,0.6998361687107418,0.5276327420823718,0.2533444444444444,0.16809999999999997,-0.012706888443829278,4.9533630129546875,0.0069258572716977655,1.686297099887577,2.4893120923296577,none,Ret_Vol_20,0,1,0.006666666666666599,0.0,0.006666666666666599,-0.18000000000000005
2018-02-27,0,0,0,0.4766666666666667,0.49,0.647536669307893,0.6733445532637656,0.2272111111111111,0.24009999999999998,-0.011095788639207016,4.939539548802946,0.00690014981998315,1.7229988138702317,2.494785508628243,none,Ret_Vol_20,0,1,0.0,0.0,-0.046666666666666634,-0.020000000000000018
2018-02-28,0,1,1,0.54,0.5,0.7765287894989964,0.6931471805599453,0.2916,0.25,-0.013324399541987275,4.9270484003964174,0.008133778952021813,1.7390084749416288,2.4949620363266622,none,Ret_Vol_20,0,1,0.08000000000000007,0.0,0.08000000000000007,0.0
2018-03-01,1,1,1,0.5566666666666666,0.6233333333333333,0.585788662239446,0.47267385780161447,0.19654444444444447,0.1418777777777778,0.005071602744632031,4.915817212305165,0.009532074861065339,1.9636673095798705,2.558286700254347,none,Ret_Vol_20,0,1,0.11333333333333329,0.2466666666666666,0.11333333333333329,0.2466666666666666
2018-03-02,1,0,1,0.48333333333333334,0.5833333333333334,0.7270487322356266,0.5389965007326869,0.2669444444444444,0.17361111111111108,0.011032026532745043,4.905785655085789,0.011252541798756108,2.1144636826343173,2.6000291293642377,moderate,Ret_Vol_20,1,1,0.0,0.16666666666666674,-0.033333333333333326,0.16666666666666674
2018-03-05,1,0,1,0.44333333333333336,0.5733333333333334,0.8134333464344472,0.556287997842748,0.30987777777777775,0.18204444444444443,0.002638858606169414,4.9403837029319755,0.00033964154531445365,0.0,1.9762553736363846,none,Ret_Vol_20,0,1,0.0,0.14666666666666672,-0.11333333333333329,0.14666666666666672
2018-03-06,0,0,1,0.43,0.52,0.5621189181535411,0.7339691750802004,0.18489999999999998,0.27040000000000003,-0.00048387472056610203,4.931855826579071,0.00033964154531445365,0.08884058861872624,1.9994963996808404,none,Ret_Vol_20,0,1,0.0,0.040000000000000036,-0.14,0.040000000000000036
2018-03-07,1,0,1,0.44666666666666666,0.5133333333333333,0.8059426747052897,0.666829872242572,0.30617777777777777,0.23684444444444447,0.004463078207817217,4.924447494167988,0.00033964154531445365,0.10330811247279137,2.000873323872627,none,Ret_Vol_20,0,1,0.0,0.026666666666666616,-0.10666666666666669,0.026666666666666616
2018-03-08,1,1,1,0.5133333333333333,0.51,0.666829872242572,0.6733445532637656,0.23684444444444447,0.24009999999999998,0.01737883151892694,4.918124614707285,0.0006029210697447028,0.11904476612923542,2.003144152042608,none,Ret_Vol_20,0,1,0.026666666666666616,0.020000000000000018,0.026666666666666616,0.020000000000000018
2018-03-09,0,1,0,0.5066666666666667,0.3933333333333333,0.7065702008920861,0.49977578757940566,0.25671111111111117,0.1547111111111111,-0.001273985129042532,3.9545340117991845,0.0009622092083784047,0.12626568962233276,1.6199819743688872,none,Ret_Vol_20,0,1,0.01333333333333342,0.0,0.01333333333333342,-0.21333333333333337
2018-03-12,0,0,1,0.49666666666666665,0.5,0.6865026378412766,0.6931471805599453,0.24667777777777775,0.25,-0.006363576551088879,3.857600218954021,0.0010426522728188836,0.07034427015716038,1.564456164310602,none,Ret_Vol_20,0,1,0.0,0.0,-0.00666666666666671,0.0
2018-03-13,0,1,0,0.5066666666666667,0.42333333333333334,0.7065702008920861,0.5504908801584221,0.25671111111111117,0.17921111111111113,-0.005724521948562322,3.7951159696507215,0.001679372106218433,0.14468845381688966,1.5619567356372213,none,Ret_Vol_20,0,1,0.01333333333333342,0.0,0.01333333333333342,-0.15333333333333332
2018-03-14,0,1,0,0.5,0.43666666666666665,0.6931471805599453,0.5738837597331276,0.25,0.19067777777777775,-0.000781930531963182,3.748261133185448,0.0014681482012771502,0.18927084489128543,1.5565261512019481,none,Ret_Vol_20,0,1,0.0,0.0,0.0,-0.1266666666666667
2018-03-15,1,1,0,0.52,0.43,0.6539264674066639,0.843970070294529,0.2304,0.3249000000000001,0.001703447167811456,2.786412887009826,0.0029757605634472386,0.20044792843289394,1.1755922615028327,none,Ret_Vol_20,0,1,0.040000000000000036,0.0,0.040000000000000036,-0.14
2018-03-16,0,0,1,0.47333333333333333,0.58,0.6411874416292344,0.867500567704723,0.22404444444444443,0.3364,-0.014204195388793028,2.6912958333603507,0.0026164724248135367,0.4020285116916731,1.1979118285790864,none,Ret_Vol_20,0,1,0.0,0.15999999999999992,-0.053333333333333344,0.15999999999999992
2018-03-19,1,1,0,0.5133333333333333,0.44333333333333336,0.666829872242572,0.8134333464344472,0.23684444444444447,0.30987777777777775,0.0014818054520648882,2.6548803939109558,0.00306161494659101,0.536131568044858,1.2237101124618173,none,Ret_Vol_20,0,1,0.026666666666666616,0.0,0.026666666666666616,-0.11333333333333329
2018-03-20,0,0,1,0.43,0.6333333333333333,0.5621189181535411,1.0033021088637848,0.18489999999999998,0.4011111111111111,-0.0018439898833508828,2.6250956382090607,0.003765031719329895,0.8331057352621702,1.3010994853780744,none,Ret_Vol_20,0,1,0.0,0.2666666666666666,-0.14,0.2666666666666666
2018-03-21,0,0,1,0.49,0.6166666666666667,0.6733445532637656,0.9588503462929511,0.24009999999999998,0.3802777777777778,-0.025162888405856454,2.5655996462111927,0.00306161494659101,1.0662033395512274,1.3470193448338228,none,Ret_Vol_20,0,1,0.0,0.2333333333333334,-0.020000000000000018,0.2333333333333334
2018-03-22,0,1,1,0.5433333333333333,0.6266666666666667,0.7838015488280762,0.9852836033611067,0.2952111111111111,0.3927111111111112,-0.02096688071186603,2.541457082865408,0.03202761607242609,1.307196282240068,1.4183500026399114,none,Ret_Vol_20,0,1,0.08666666666666667,0.2533333333333334,0.08666666666666667,0.2533333333333334
2018-03-23,1,1,1,0.5133333333333333,0.76,0.666829872242572,0.2744368457017603,0.23684444444444447,0.0576,0.02715725576151251,2.5214343385136306,0.036297078521533396,0.8686660549342624,1.280062675442191,none,Ret_Vol_20,0,1,0.026666666666666616,0.52,0.026666666666666616,0.52
2018-03-26,0,1,1,0.54,0.7566666666666667,0.7765287894989964,1.4133230335078102,0.2916,0.5725444444444445,-0.017276308813847896,2.5218650395429516,0.035614373681015964,1.5252497679032415,1.4770052582924578,none,Ret_Vol_20,0,1,0.08000000000000007,0.5133333333333334,0.08000000000000007,0.5133333333333334
2018-03-27,0,1,1,0.5566666666666666,0.7533333333333333,0.8134333464344472,1.3997173814520312,0.30987777777777775,0.5675111111111111,-0.00291665716625622,2.5236232909064507,0.03520688574135273,2.1304055899391945,1.6591330590667446,none,Ret_Vol_20,0,1,0.11333333333333329,0.5066666666666666,0.11333333333333329,0.5066666666666666
2018-03-28,1,1,1,0.5366666666666666,0.69,0.6223781096717381,0.37106368139083207,0.21467777777777783,0.09610000000000003,0.013769718690019195,2.5267223419416642,0.031334025941698596,1.7304353718042398,1.5392197561004473,none,Ret_Vol_20,0,1,0.07333333333333325,0.3799999999999999,0.07333333333333325,0.3799999999999999
2018-03-29,0,1,1,0.5066666666666667,0.8166666666666667,0.7065702008920861,1.69644928942373,0.25671111111111117,0.6669444444444445,-0.022337423560165104,2.5311849956899968,0.05645266862411451,2.60714468854966,1.811553205428131,none,Ret_Vol_20,0,1,0.01333333333333342,0.6333333333333333,0.01333333333333342,0.6333333333333333
2018-04-02,1,1,1,0.52,0.73,0.6539264674066639,0.31471074483970024,0.2304,0.0729,0.012614865848792123,2.537044442845769,0.046834077658350716,2.1273669221029805,1.6670780770667069,none,Ret_Vol_20,0,1,0.040000000000000036,0.45999999999999996,0.040000000000000036,0.45999999999999996
2018-04-03,1,1,1,0.5366666666666666,0.77,0.6223781096717381,0.2613647641344075,0.21467777777777783,0.05289999999999999,0.01156648273982852,2.544345530770484,0.044968030598518366,1.6196300200534832,1.517117627503794,none,Ret_Vol_20,0,1,0.07333333333333325,0.54,0.07333333333333325,0.54
2018-04-04,1,1,1,0.53,0.7566666666666667,0.6348782724359695,0.2788324571747983,0.22089999999999999,0.05921111111111109,0.0068628636575538415,2.5531465846941193,0.04206174951232443,1.4554989134594143,1.4705268327691694,none,Ret_Vol_20,0,1,0.06000000000000005,0.5133333333333334,0.06000000000000005,0.5133333333333334
2018-04-05,0,1,1,0.5533333333333333,0.5766666666666667,0.8059426747052897,0.8595953881976097,0.30617777777777777,0.3325444444444444,-0.021920248779842444,2.5635219631011466,0.041488597384701155,1.3476236485328656,1.4421424590157286,none,Ret_Vol_20,0,1,0.10666666666666669,0.15333333333333332,0.10666666666666669,0.15333333333333332
2018-04-06,1,1,1,0.5066666666666667,0.7033333333333334,0.6799019538099246,0.3519243411801345,0.24337777777777775,0.0880111111111111,0.0033365488963206236,2.5755656286748345,0.037999771904690664,1.7307612730366704,1.5608545649523422,none,Ret_Vol_20,0,1,0.01333333333333342,0.40666666666666673,0.01333333333333342,0.40666666666666673
2018-04-09,1,1,1,0.51,0.6966666666666667,0.6733445532637656,0.3614482226913901,0.24009999999999998,0.09201111111111111,0.0167269537832615,2.589396175222134,0.03485258514428326,2.0894304663095173,1.6730433855249938,none,Ret_Vol_20,0,1,0.020000000000000018,0.3933333333333333,0.020000000000000018,0.3933333333333333
2018-04-10,0,1,1,0.5433333333333333,0.56,0.7838015488280762,0.8209805520698303,0.2952111111111111,0.31360000000000005,-0.005525364482924067,2.6051640161510843,0.03547417662413238,1.9924466815926007,1.6504418639254537,none,Ret_Vol_20,0,1,0.08666666666666667,0.1200000000000001,0.08666666666666667,0.1200000000000001
2018-04-11,1,0,1,0.45,0.62,0.7985076962177716,0.4780358009429998,0.30250000000000005,0.1444,0.008250750063987677,2.6230619011173064,0.034913443177242307,2.2292979825799257,1.7284881881740732,none,Ret_Vol_20,0,1,0.0,0.24,-0.09999999999999998,0.24
2018-04-12,0,1,1,0.51,0.5,0.7133498878774648,0.6931471805599453,0.2601,0.25,-0.0028866254882486952,2.643340767349697,0.03726955921620917,2.2502614781870767,1.7435956181608647,none,Ret_Vol_20,0,1,0.020000000000000018,0.0,0.020000000000000018,0.0
2018-04-13,1,1,1,0.55,0.55,0.5978370007556204,0.5978370007556204,0.20249999999999996,0.20249999999999996,0.008109038386684864,2.666334546703917,0.03775956663350588,2.3625257165153988,1.7866194036262382,none,Ret_Vol_20,0,1,0.10000000000000009,0.10000000000000009,0.10000000000000009,0.10000000000000009
2018-04-16,1,1,0,0.5466666666666666,0.4666666666666667,0.6039160468320027,0.7621400520468967,0.20551111111111114,0.28444444444444444,0.010661504701720004,2.665557779115607,0.03682693269781526,2.3122215306512093,1.7709376506509502,none,Ret_Vol_20,0,1,0.09333333333333327,0.0,0.09333333333333327,-0.06666666666666665
2018-04-17,1,0,1,0.48333333333333334,0.5433333333333333,0.7270487322356266,0.6100322738494387,0.2669444444444444,0.20854444444444445,0.0008313658006817715,2.6920681046757684,0.037554497275317414,2.4107411361350177,1.8113159318934078,none,Ret_Vol_20,0,1,0.0,0.08666666666666667,-0.033333333333333326,0.08666666666666667
2018-04-18,0,1,1,0.5333333333333333,0.5366666666666666,0.7621400520468967,0.7693085415255092,0.28444444444444444,0.28801111111111105,-0.005726124690152989,2.722392159432224,0.037554497275317414,2.351883119636264,1.8057881488463643,none,Ret_Vol_20,0,1,0.06666666666666665,0.07333333333333325,0.06666666666666665,0.07333333333333325
2018-04-19,0,0,0,0.44,0.49333333333333335,0.579818495252942,0.6799019538099248,0.1936,0.2433777777777778,-0.00853653230061302,2.722947775988837,0.037554497275317414,2.3815059765737967,1.8148972525502691,none,Ret_Vol_20,0,1,0.0,0.0,-0.12,-0.013333333333333308
2018-04-20,1,0,0,0.45666666666666667,0.48333333333333334,0.7838015488280762,0.7270487322356266,0.2952111111111111,0.2669444444444444,5.623169212687351e-05,2.7583791228013443,0.038296940037195165,2.364497464541162,1.824189970494045,none,Ret_Vol_20,0,1,0.0,0.0,-0.08666666666666667,-0.033333333333333326
2018-04-23,0,0,1,0.46,0.5566666666666666,0.616186139423817,0.8134333464344472,0.2116,0.30987777777777775,-0.01338056164164636,2.800180991331854,0.03807777811166571,2.264058427630605,1.8107132582554228,none,Ret_Vol_20,0,1,0.0,0.11333333333333329,-0.07999999999999996,0.11333333333333329
2018-04-24,1,1,1,0.5666666666666667,0.6333333333333333,0.5679840376059393,0.456758402495715,0.1877777777777778,0.13444444444444448,0.001837059563023713,2.8512126104054376,0.03823281870423415,2.5131766705746648,1.9059078909458447,none,Ret_Vol_20,0,1,0.1333333333333333,0.2666666666666666,0.1333333333333333,0.2666666666666666
2018-04-25,1,1,1,0.5333333333333333,0.6366666666666667,0.6286086594223742,0.4515090466095711,0.2177777777777778,0.13201111111111108,0.010434204774367295,2.827589104014461,0.03845198062976361,2.7606694694364844,1.970772076625659,none,Ret_Vol_20,0,1,0.06666666666666665,0.27333333333333343,0.06666666666666665,0.27333333333333343
2018-04-26,1,1,1,0.5433333333333333,0.6933333333333334,0.6100322738494387,0.36624439495488303,0.20854444444444445,0.09404444444444443,0.0011136248915897262,2.8300427323504986,0.036206982587046826,3.0846701449394,2.0682802311981336,none,Ret_Vol_20,0,1,0.08666666666666667,0.3866666666666667,0.08666666666666667,0.3866666666666667
2018-04-27,0,0,1,0.41,0.6833333333333333,0.5276327420823718,1.1499055830556604,0.16809999999999997,0.46694444444444444,-0.008187490964434607,2.809498422497449,0.03787970533014336,2.6367957993312268,1.9262020203973904,none,Ret_Vol_20,0,1,0.0,0.3666666666666667,-0.18000000000000005,0.3666666666666667
2018-04-30,1,1,1,0.53,0.6233333333333333,0.6348782724359695,0.47267385780161447,0.22089999999999999,0.1418777777777778,0.0025490454770622506,2.791342389311345,0.040092486628700505,2.8604192444859526,1.9866904750589343,none,Ret_Vol_20,0,1,0.06000000000000005,0.2466666666666666,0.06000000000000005,0.2466666666666666
2018-05-01,0,0,1,0.38,0.6833333333333333,0.4780358009429998,1.1499055830556604,0.1444,0.46694444444444444,-0.007205863568357729,2.775322262042813,0.04250870552490125,2.417874580974421,1.8482438907669216,none,Ret_Vol_20,0,1,0.0,0.3666666666666667,-0.24,0.3666666666666667
2018-05-02,0,1,1,0.52,0.67,0.7339691750802004,1.1086626245216114,0.27040000000000003,0.4489000000000001,-0.0022536742393085563,2.7277025466022007,0.04110977593320135,2.026127678496402,1.7112522549697613,none,Ret_Vol_20,0,1,0.040000000000000036,0.3400000000000001,0.040000000000000036,0.3400000000000001
2018-05-03,1,1,1,0.5533333333333333,0.7033333333333334,0.5917946862996578,0.3519243411801345,0.1995111111111111,0.0880111111111111,0.012811178963797909,2.6894953565999162,0.03848402536447658,2.3826308877118727,1.8021326165628713,none,Ret_Vol_20,0,1,0.10666666666666669,0.40666666666666673,0.10666666666666669,0.40666666666666673
2018-05-04,1,0,1,0.4533333333333333,0.62,0.7911275889201491,0.4780358009429998,0.2988444444444444,0.1444,0.0034579455015175675,2.6578318160958845,0.04004707781097008,2.6077864610405554,1.8574827880938116,none,Ret_Vol_20,0,1,0.0,0.24,-0.09333333333333338,0.24
2018-05-07,0,0,1,0.43,0.58,0.5621189181535411,0.867500567704723,0.18489999999999998,0.3364,-0.0002656413228280252,2.6311260378666104,0.041756897446262986,2.447128583017138,1.7991160592856645,none,Ret_Vol_20,0,1,0.0,0.15999999999999992,-0.14,0.15999999999999992
2018-05-08,1,0,1,0.4,0.5366666666666666,0.916290731874155,0.6223781096717381,0.36,0.21467777777777783,0.009682220255068819,2.5361175520487906,0.041601856853694566,2.529756976504758,1.785854670827052,none,Ret_Vol_20,0,1,0.0,0.07333333333333325,-0.19999999999999996,0.07333333333333325
2018-05-09,1,1,1,0.5266666666666666,0.5,0.6411874416292344,0.6931471805599453,0.2240444444444445,0.25,0.009370643723504823,2.4756404374624568,0.044505666010700246,2.5413639730914177,1.766017066715618,none,Ret_Vol_20,0,1,0.05333333333333323,0.0,0.05333333333333323,0.0
2018-05-10,1,1,1,0.5566666666666666,0.5133333333333333,0.585788662239446,0.666829872242572,0.19654444444444447,0.23684444444444447,0.0017075955546570487,2.43088182883077,0.046059636194968515,2.5784981883099496,1.7597200788837835,none,Ret_Vol_20,0,1,0.11333333333333329,0.026666666666666616,0.11333333333333329,0.026666666666666616
2018-05-11,1,0,0,0.48,0.44,0.7339691750802004,0.8209805520698302,0.27040000000000003,0.31360000000000005,0.0008834895573073265,2.395669275936695,0.05289177356753532,2.4638698148156877,1.7132961868896448,none,Ret_Vol_20,0,1,0.0,0.0,-0.040000000000000036,-0.12
2018-05-14,0,0,1,0.4866666666666667,0.52,0.666829872242572,0.7339691750802004,0.23684444444444447,0.27040000000000003,-0.006842140279927467,2.3671464035833667,0.050957050857259066,2.436805158241148,1.6931872241628687,none,Ret_Vol_20,0,1,0.0,0.040000000000000036,-0.026666666666666616,0.040000000000000036
2018-05-15,1,0,1,0.38333333333333336,0.51,0.958850346292951,0.6733445532637656,0.3802777777777778,0.24009999999999998,0.004060561678767671,2.3437416110345426,0.05139211140831599,2.469707084948888,1.6938264033209782,none,Ret_Vol_20,0,1,0.0,0.020000000000000018,-0.23333333333333328,0.020000000000000018
2018-05-16,0,0,1,0.33666666666666667,0.57,0.41047764993170865,0.8439700702945289,0.11334444444444444,0.32489999999999997,-0.0008558723207806596,2.324495547269304,0.04991033908332644,2.334632025209,1.6451609281954194,none,Ret_Vol_20,0,1,0.0,0.1399999999999999,-0.32666666666666666,0.1399999999999999
2018-05-17,0,0,1,0.32666666666666666,0.5933333333333334,0.3955147772549963,0.8997614299229446,0.1067111111111111,0.3520444444444445,-0.00263219493841671,2.308782411561454,0.04483900871080697,2.1473668590363246,1.5811747249487211,none,Ret_Vol_20,0,1,0.0,0.18666666666666676,-0.3466666666666667,0.18666666666666676
2018-05-18,1,0,1,0.34,0.57,1.0788096613719298,0.5621189181535413,0.4355999999999999,0.18490000000000004,0.007386752997235124,1.359853956690953,0.04675389770428835,2.2949594389738537,1.246455583679824,none,Ret_Vol_20,0,1,0.0,0.1399999999999999,-0.31999999999999995,0.1399999999999999
2018-05-21,0,0,1,0.43333333333333335,0.51,0.5679840376059393,0.7133498878774648,0.1877777777777778,0.2601,-0.0031357617896576873,1.2712118892886248,0.04675389770428835,2.29138720172903,1.2099270855454454,none,Ret_Vol_20,0,1,0.0,0.020000000000000018,-0.1333333333333333,0.020000000000000018
2018-05-22,1,0,1,0.41333333333333333,0.5166666666666667,0.8835009090511642,0.6603573577369544,0.3441777777777778,0.23361111111111105,0.0032484098921563564,1.1828047929055454,0.04600370404529801,2.339924989394437,1.1889005251941387,none,Ret_Vol_20,0,1,0.0,0.03333333333333344,-0.17333333333333334,0.03333333333333344
2018-05-23,0,0,1,0.36666666666666664,0.5966666666666667,0.456758402495715,0.90799192905946,0.13444444444444442,0.3560111111111111,-0.002023213496498033,1.1824030579063467,0.04287238729865482,2.14432113176641,1.129119278882058,none,Ret_Vol_20,0,1,0.0,0.19333333333333336,-0.2666666666666667,0.19333333333333336
2018-05-24,0,0,1,0.35333333333333333,0.5533333333333333,0.43592431559287287,0.8059426747052897,0.12484444444444444,0.30617777777777777,-0.0023572204364039617,1.387718865332491,0.04287238729865482,2.052379538893827,1.183663123990741,none,HL_Range,0,1,0.0,0.10666666666666669,-0.29333333333333333,0.10666666666666669
2018-05-25,0,0,1,0.3933333333333333,0.6033333333333334,0.49977578757940566,0.9246589815446719,0.1547111111111111,0.3640111111111112,-0.011564187290653005,2.139043159031104,0.04453485164555637,1.8452921120583357,1.422565352723609,none,Ret_Vol_20,0,1,0.0,0.20666666666666678,-0.21333333333333337,0.20666666666666678
2018-05-29,1,1,1,0.6166666666666667,0.6566666666666666,0.4834266495778762,0.42057874591821265,0.14694444444444443,0.1178777777777778,0.012695791223314323,2.109766405754407,0.0425405192961299,2.137335040702787,1.497869230301438,none,Ret_Vol_20,0,1,0.2333333333333334,0.31333333333333324,0.2333333333333334,0.31333333333333324
2018-05-30,0,0,1,0.44333333333333336,0.61,0.585788662239446,0.941608539858445,0.19654444444444447,0.3721,-0.006879559974886984,2.0577371625553305,0.0409510891538436,1.9121020584446424,1.409010809301678,none,Ret_Vol_20,0,1,0.0,0.21999999999999997,-0.11333333333333329,0.21999999999999997
2018-05-31,1,1,1,0.5666666666666667,0.65,0.5679840376059393,0.4307829160924542,0.1877777777777778,0.12249999999999998,0.010849230370481022,2.021912956304022,0.057841349340408243,2.1930883670249424,1.4840440974312141,none,Ret_Vol_20,0,1,0.1333333333333333,0.30000000000000004,0.1333333333333333,0.30000000000000004
2018-06-01,1,0,1,0.3933333333333333,0.5866666666666667,0.9330978501905364,0.5332984796180493,0.36804444444444445,0.17084444444444444,0.004479598435997323,2.015268907285921,0.06073148979068618,2.368726243110525,1.5349448827847318,none,Ret_Vol_20,0,1,0.0,0.17333333333333334,-0.21333333333333337,0.17333333333333334
2018-06-04,1,0,1,0.38666666666666666,0.5433333333333333,0.9501922835498364,0.6100322738494387,0.3761777777777777,0.20854444444444445,0.0007025929724704394,1.9909698797914355,0.08524793929276647,2.466084948685747,1.5617878183101281,none,Ret_Vol_20,0,1,0.0,0.08666666666666667,-0.22666666666666668,0.08666666666666667
2018-06-05,1,0,1,0.43666666666666665,0.5133333333333333,0.8285851514550495,0.666829872242572,0.3173444444444445,0.23684444444444447,0.008567392465728796,1.974269142345024,0.0887587905824685,2.5060220388342644,1.5681419057630297,none,Ret_Vol_20,0,1,0.0,0.026666666666666616,-0.1266666666666667,0.026666666666666616
2018-06-06,0,0,0,0.4166666666666667,0.48333333333333334,0.5389965007326871,0.6603573577369546,0.17361111111111113,0.2336111111111111,-0.0007141884679080501,1.9637807110040248,0.08898551847533494,2.5517284676603063,1.5777264802423023,none,Ret_Vol_20,0,1,0.0,0.0,-0.16666666666666663,-0.033333333333333326
2018-06-07,1,0,1,0.45,0.5166666666666667,0.7985076962177716,0.6603573577369544,0.30250000000000005,0.23361111111111105,0.0031259043893263616,1.9587804444769947,0.08898551847533498,2.596752710981482,1.589233646627843,none,Ret_Vol_20,0,1,0.0,0.03333333333333344,-0.09999999999999998,0.03333333333333344
2018-06-08,1,0,1,0.3933333333333333,0.54,0.9330978501905364,0.616186139423817,0.36804444444444445,0.21159999999999995,0.001068707668436586,1.9479602500960995,0.08737075181994544,2.6846364746505853,1.610786267979599,none,Ret_Vol_20,0,1,0.0,0.08000000000000007,-0.21333333333333337,0.08000000000000007
2018-06-11,1,0,0,0.31,0.49333333333333335,1.171182981502945,0.706570200892086,0.4760999999999999,0.25671111111111106,0.0017433852107295866,1.9444632130043318,0.08662055816095507,2.682172413051407,1.6084231765654413,none,Ret_Vol_20,0,1,0.0,0.0,-0.38,-0.013333333333333308
2018-06-12,0,0,0,0.31,0.46,0.37106368139083207,0.616186139423817,0.0961,0.2116,-0.004026127868587581,1.9479602500960995,0.08697196712026611,2.7688364129223677,1.6359266140512299,none,Ret_Vol_20,0,1,0.0,0.0,-0.38,-0.07999999999999996
2018-06-13,1,0,1,0.49,0.5833333333333334,0.7133498878774648,0.5389965007326869,0.2601,0.17361111111111108,0.002471549778432225,1.9587804444769947,0.08674523922739966,2.9303822537582325,1.6886504256864876,none,Ret_Vol_20,0,1,0.0,0.16666666666666674,-0.020000000000000018,0.16666666666666674
2018-06-14,0,0,1,0.37,0.55,0.4620354595965587,0.7985076962177717,0.1369,0.30250000000000005,-0.001017102715529128,1.9780562794896706,0.08513047257201012,2.8337775290346956,1.66689491227788,none,Ret_Vol_20,0,1,0.0,0.10000000000000009,-0.26,0.10000000000000009
2018-06-15,0,0,1,0.44666666666666666,0.5666666666666667,0.5917946862996578,0.8362480242006186,0.1995111111111111,0.32111111111111107,-0.0021261277624751163,2.008325313415383,0.08513047257201012,2.7012728195160705,1.6392511129925773,none,Ret_Vol_20,0,1,0.0,0.1333333333333333,-0.10666666666666669,0.1333333333333333
2018-06-18,0,0,1,0.4066666666666667,0.5333333333333333,0.521998924364116,0.7621400520468967,0.1653777777777778,0.28444444444444444,-0.004023402292699374,2.055520873625522,0.08978703064737711,2.6436652272506933,1.64224402681963,none,Ret_Vol_20,0,1,0.0,0.06666666666666665,-0.18666666666666665,0.06666666666666665
2018-06-19,1,0,0,0.47,0.47,0.7550225842780328,0.7550225842780328,0.28090000000000004,0.28090000000000004,0.0017121542893689945,2.1382716935325488,0.08912884642660333,2.5938483044141334,1.6602018226652406,none,Ret_Vol_20,0,1,0.0,0.0,-0.06000000000000005,-0.06000000000000005
2018-06-20,0,0,1,0.36,0.61,0.4462871026284195,0.941608539858445,0.1296,0.3721,-0.006345510515579966,3.0886337032125506,0.13754762512696536,2.3605559901868585,1.9848845658791676,none,Ret_Vol_20,0,1,0.0,0.21999999999999997,-0.28,0.21999999999999997
2018-06-21,1,1,1,0.51,0.5966666666666667,0.6733445532637656,0.516396668815446,0.24009999999999998,0.16267777777777775,0.0018619345065358228,4.040222523585105,0.13760848315992444,2.549983085225755,2.422366479949746,none,Ret_Vol_20,0,1,0.020000000000000018,0.19333333333333336,0.020000000000000018,0.19333333333333336
2018-06-22,0,1,1,0.5,0.5866666666666667,0.6931471805599453,0.8835009090511642,0.25,0.3441777777777778,-0.013724668973416176,4.077467862197033,0.1396744305493099,2.3745838521468414,2.3852646296876587,none,Ret_Vol_20,0,1,0.0,0.17333333333333334,0.0,0.17333333333333334
2018-06-25,1,1,1,0.5733333333333334,0.5566666666666666,0.556287997842748,0.585788662239446,0.18204444444444443,0.19654444444444447,0.0022045770199778936,4.066300639410944,0.1429125796375288,2.495348599883028,2.4179986096205446,none,Ret_Vol_20,0,1,0.14666666666666672,0.11333333333333329,0.14666666666666672,0.11333333333333329
2018-06-26,0,1,1,0.5466666666666666,0.5866666666666667,0.791127588920149,0.8835009090511642,0.2988444444444444,0.3441777777777778,-0.008604355128821406,4.118731617609219,0.145742516190481,2.3206129445459407,2.3873992852646144,none,Ret_Vol_20,0,1,0.09333333333333327,0.17333333333333334,0.09333333333333327,0.17333333333333334
2018-06-27,1,1,1,0.56,0.58,0.579818495252942,0.5447271754416722,0.19359999999999997,0.17640000000000003,0.00617868985946779,4.206203242879715,0.1469216501739951,2.482625861358192,2.4713455506115425,none,Ret_Vol_20,0,1,0.1200000000000001,0.15999999999999992,0.1200000000000001,0.15999999999999992
2018-06-28,1,0,1,0.44666666666666666,0.64,0.8059426747052897,0.4462871026284195,0.30617777777777777,0.1296,0.0007584033300001014,4.217139632256321,0.14221071056406553,2.7399025950126537,2.5514898445755443,none,Ret_Vol_20,0,1,0.0,0.28,-0.10666666666666669,0.28
2018-06-29,1,1,1,0.5166666666666667,0.6633333333333333,0.6603573577369544,0.41047764993170865,0.23361111111111105,0.11334444444444444,0.003067957412152822,4.116303503033239,0.13775996914350536,3.029457622492125,2.596686678703985,moderate,Ret_Vol_20,1,1,0.03333333333333344,0.32666666666666666,0.03333333333333344,0.32666666666666666
2018-07-02,0,0,1,0.43666666666666665,0.53,0.5738837597331276,0.7550225842780328,0.19067777777777775,0.28090000000000004,-0.00494735062681062,2.989176772591507,0.0006367198333995512,0.0,1.1958617249866226,none,Ret_Vol_20,0,1,0.0,0.06000000000000005,-0.1266666666666667,0.06000000000000005
2018-07-03,1,0,1,0.49,0.5566666666666666,0.7133498878774648,0.585788662239446,0.2601,0.19654444444444447,0.008620803683929923,2.9535209295020515,0.0008541796808633111,0.08461696101929339,1.2070497140108676,none,Ret_Vol_20,0,1,0.0,0.11333333333333329,-0.020000000000000018,0.11333333333333329
2018-07-05,1,0,1,0.49666666666666665,0.6033333333333334,0.699836168710742,0.5052854433903752,0.25334444444444454,0.1573444444444444,0.008481281595267509,2.9226719732438005,0.0011681137744631409,0.19469708093153626,1.2278283477093201,none,Ret_Vol_20,0,1,0.0,0.20666666666666678,-0.00666666666666671,0.20666666666666678
2018-07-06,1,0,0,0.43,0.4633333333333333,0.843970070294529,0.7693085415255093,0.3249000000000001,0.28801111111111105,0.008822985887663393,2.895642834899437,0.0016022506039273109,0.11545723366716842,1.1933749792411035,none,Ret_Vol_20,0,1,0.0,0.0,-0.14,-0.07333333333333336
2018-07-09,1,1,0,0.5333333333333333,0.4866666666666667,0.6286086594223742,0.7201758529478646,0.2177777777777778,0.2635111111111111,0.003473267180873929,2.88200363557696,0.0017211074947761943,0.16851686973878732,1.203872847400853,none,Ret_Vol_20,0,1,0.06666666666666665,0.0,0.06666666666666665,-0.026666666666666616
2018-07-10,0,1,0,0.5266666666666666,0.47,0.7479554170549402,0.6348782724359695,0.2773777777777777,0.22089999999999999,-0.007094202866256172,2.869821400801081,0.0029725412412027787,0.1416519160385572,1.1913158975043605,none,Ret_Vol_20,0,1,0.05333333333333323,0.0,0.05333333333333323,-0.06000000000000005
2018-07-11,1,1,0,0.5433333333333333,0.49666666666666665,0.6100322738494387,0.699836168710742,0.20854444444444445,0.25334444444444454,0.008749042674663476,2.8590119525768776,0.00381912389542369,0.17430300967387924,1.197041421101542,none,Ret_Vol_20,0,1,0.08666666666666667,0.0,0.08666666666666667,-0.00666666666666671
2018-07-12,1,1,0,0.5266666666666666,0.43333333333333335,0.6411874416292344,0.8362480242006186,0.2240444444444445,0.32111111111111107,0.0010792374947172778,2.8407326087857894,0.004736751574552082,0.32223309015842805,1.2343839960342098,none,Ret_Vol_20,0,1,0.05333333333333323,0.0,0.05333333333333323,-0.1333333333333333
2018-07-13,0,0,1,0.41333333333333333,0.53,0.5332984796180493,0.7550225842780328,0.17084444444444444,0.28090000000000004,-0.001028135726814483,2.824569018934791,0.005584267725216021,0.38152610399128406,1.2459607190888664,none,Ret_Vol_20,0,1,0.0,0.06000000000000005,-0.17333333333333334,0.06000000000000005
2018-07-16,1,0,1,0.44,0.5166666666666667,0.8209805520698302,0.6603573577369544,0.31360000000000005,0.23361111111111105,0.00397369863071062,2.8103273638915796,0.00502288413471459,0.34969111255388385,1.2305451445632116,none,Ret_Vol_20,0,1,0.0,0.03333333333333344,-0.12,0.03333333333333344
2018-07-17,1,0,0,0.43666666666666665,0.47333333333333333,0.8285851514550495,0.7479554170549403,0.3173444444444445,0.2773777777777777,0.0021605126279586884,2.7978560396131233,0.0066897560237551505,0.4003848106271436,1.241264785840519,none,Ret_Vol_20,0,1,0.0,0.0,-0.1266666666666667,-0.053333333333333344
2018-07-18,0,0,0,0.39,0.4533333333333333,0.4942963218147801,0.6039160468320027,0.1521,0.2055111111111111,-0.003952993120479142,2.7899661701342087,0.0066897560237551505,0.31481794448993894,1.2124387782077917,none,Ret_Vol_20,0,1,0.0,0.0,-0.21999999999999997,-0.09333333333333338
2018-07-19,0,0,1,0.38666666666666666,0.5633333333333334,0.4888467170472155,0.8285851514550495,0.1495111111111111,0.3173444444444445,-0.0009484477101494582,2.7795907917271814,0.007192807502302471,0.4432200107845624,1.2469601621769322,none,Ret_Vol_20,0,1,0.0,0.1266666666666667,-0.22666666666666668,0.1266666666666667
2018-07-20,1,0,1,0.42,0.5366666666666666,0.8675005677047231,0.6223781096717381,0.3364000000000001,0.21467777777777783,0.0018380494891383492,2.7734765803042647,0.00764798113146401,0.37097253354506643,1.222976786524665,none,Ret_Vol_20,0,1,0.0,0.07333333333333325,-0.16000000000000003,0.07333333333333325
2018-07-23,1,0,0,0.36,0.4,1.0216512475319814,0.916290731874155,0.4096,0.36,0.004780911145920941,2.768652507337818,0.007212725787848241,0.577860002177126,1.2829828213246195,none,Ret_Vol_20,0,1,0.0,0.0,-0.28,-0.19999999999999996
2018-07-24,1,0,0,0.3933333333333333,0.44666666666666666,0.9330978501905364,0.8059426747052897,0.36804444444444445,0.30617777777777777,0.009101605057599604,2.749374941846306,0.00804102293286975,0.6683657004238706,1.3026719937455444,none,Ret_Vol_20,0,1,0.0,0.0,-0.21333333333333337,-0.10666666666666669
2018-07-25,0,0,0,0.44333333333333336,0.47,0.585788662239446,0.6348782724359695,0.19654444444444447,0.22089999999999999,-0.0030322960242857855,2.7329880659756722,0.009953125011621,0.5925457436967406,1.2739448870027772,none,Ret_Vol_20,0,1,0.0,0.0,-0.11333333333333329,-0.06000000000000005
2018-07-26,0,0,1,0.3933333333333333,0.5933333333333334,0.49977578757940566,0.8997614299229446,0.1547111111111111,0.3520444444444445,-0.00656220869212365,2.639692117024665,0.010720198097844472,0.7711054333032611,1.2904245362301976,none,Ret_Vol_20,0,1,0.0,0.18666666666666676,-0.21333333333333337,0.18666666666666676
2018-07-27,0,1,0,0.5133333333333333,0.46,0.7201758529478646,0.616186139423817,0.2635111111111111,0.2116,-0.005754170294581917,2.6264664477922595,0.013112123801699953,0.6716169692997385,1.2560053070473354,none,Ret_Vol_20,0,1,0.026666666666666616,0.0,0.026666666666666616,-0.07999999999999996
2018-07-30,1,0,0,0.49333333333333335,0.44666666666666666,0.706570200892086,0.8059426747052897,0.25671111111111106,0.30617777777777777,0.004884728797982518,2.615607452955488,0.01466921405168135,0.7573716370137911,1.277855236501837,none,Ret_Vol_20,0,1,0.0,0.0,-0.013333333333333308,-0.10666666666666669
2018-07-31,0,0,0,0.44666666666666666,0.44333333333333336,0.5917946862996578,0.585788662239446,0.1995111111111111,0.19654444444444447,-0.0010403515262938923,2.606943513553604,0.016807404777708077,0.6293722610597043,1.2366313051726652,none,Ret_Vol_20,0,1,0.0,0.0,-0.10666666666666669,-0.11333333333333329
2018-08-01,1,0,1,0.4666666666666667,0.5,0.7621400520468967,0.6931471805599453,0.28444444444444444,0.25,0.004926444803381669,2.6003488791783846,0.03273856563658587,0.6096696242276436,1.2328620086306228,none,Ret_Vol_20,0,1,0.0,0.0,-0.06666666666666665,0.0
2018-08-02,1,0,0,0.42333333333333334,0.35333333333333333,0.8595953881976097,1.040343380544134,0.3325444444444444,0.41817777777777787,0.004644183009877123,2.6134057485840656,0.04123295955894914,0.92292433680794,1.334609488343693,none,Ret_Vol_20,0,1,0.0,0.0,-0.15333333333333332,-0.29333333333333333
2018-08-03,1,0,0,0.36333333333333334,0.44666666666666666,1.0124345924270572,0.8059426747052897,0.4053444444444445,0.30617777777777777,0.003538227451535869,2.567951075072005,0.04057653429096485,0.9984927599351648,1.338901218296641,none,Ret_Vol_20,0,1,0.0,0.0,-0.2733333333333333,-0.10666666666666669
2018-08-06,1,0,1,0.43,0.51,0.843970070294529,0.6733445532637656,0.3249000000000001,0.24009999999999998,0.0028241822564987196,2.5396895463801714,0.041142375682522575,0.9437442495534376,1.3113418061228568,none,Ret_Vol_20,0,1,0.0,0.020000000000000018,-0.14,0.020000000000000018
2018-08-07,0,0,0,0.41333333333333333,0.48333333333333334,0.5332984796180493,0.6603573577369546,0.17084444444444444,0.2336111111111111,-0.0002623799656497061,2.522770358778002,0.03778090952781127,0.87861376310292,1.2840265453004203,none,Ret_Vol_20,0,1,0.0,0.0,-0.17333333333333334,-0.033333333333333326
2018-08-08,0,0,0,0.44,0.4766666666666667,0.579818495252942,0.647536669307893,0.1936,0.2272111111111111,-0.0014416744645237012,1.5842384078111285,0.03560387415913964,0.8035496687744365,0.8854414260045242,none,Ret_Vol_20,0,1,0.0,0.0,-0.12,-0.046666666666666634
2018-08-09,0,0,0,0.4,0.49666666666666665,0.5108256237659907,0.6865026378412766,0.16000000000000003,0.24667777777777775,-0.007113887913551609,1.515450747591449,0.03721806869371065,0.7687407617577329,0.8479679481720127,none,Ret_Vol_20,0,1,0.0,0.0,-0.19999999999999996,-0.00666666666666671
2018-08-10,0,0,0,0.41,0.48333333333333334,0.5276327420823718,0.6603573577369546,0.16809999999999997,0.2336111111111111,-0.004005992185342366,1.515450747591449,0.03527417411997312,0.7098884431581219,0.8297290842200082,none,Ret_Vol_20,0,1,0.0,0.0,-0.18000000000000005,-0.033333333333333326
2018-08-13,1,0,0,0.45666666666666667,0.49666666666666665,0.7838015488280762,0.699836168710742,0.2952111111111111,0.25334444444444454,0.006389254777276809,1.5260435358173303,0.03674153474537241,0.6911607191198258,0.8287880904864917,none,Ret_Vol_20,0,1,0.0,0.0,-0.08666666666666667,-0.00666666666666671
2018-08-14,0,0,0,0.38666666666666666,0.33,0.4888467170472155,0.4004775665971254,0.1495111111111111,0.10890000000000001,-0.007602164835758152,1.5491190548141371,0.05798406994981109,0.6151575177365448,0.8215900982315616,none,Ret_Vol_20,0,1,0.0,0.0,-0.22666666666666668,-0.33999999999999997
2018-08-15,1,1,1,0.5366666666666666,0.6133333333333333,0.6223781096717381,0.4888467170472155,0.21467777777777783,0.14951111111111115,0.007919408484583057,1.555445454190425,0.059578723527096006,0.8277558340054382,0.8883785489359303,none,Ret_Vol_20,0,1,0.07333333333333325,0.22666666666666657,0.07333333333333325,0.22666666666666657
2018-08-16,1,0,0,0.35333333333333333,0.32666666666666666,1.040343380544134,1.118814995985629,0.41817777777777787,0.45337777777777777,0.0033231157222237684,1.5776061059019204,0.04932606211479702,0.5754593139728977,0.8184780551870766,none,Ret_Vol_20,0,1,0.0,0.0,-0.29333333333333333,-0.3466666666666667
2018-08-17,1,0,0,0.3433333333333333,0.3333333333333333,1.0690534864265653,1.0986122886681098,0.4312111111111112,0.44444444444444453,0.0024280177746833775,1.5751210493445118,0.05378631338525926,0.9486695923242656,0.9307851914506622,none,Ret_Vol_20,0,1,0.0,0.0,-0.31333333333333335,-0.33333333333333337
2018-08-20,1,0,0,0.3466666666666667,0.37666666666666665,1.0593915755148284,0.9763946559438605,0.4268444444444444,0.3885444444444444,0.0020685364303643095,1.5743778392425163,0.05094503700598736,1.192491019504895,1.0027819526502713,none,Ret_Vol_20,0,1,0.0,0.0,-0.30666666666666664,-0.2466666666666667
2018-08-21,0,0,0,0.31333333333333335,0.38,0.37590630586662,0.4780358009429998,0.0981777777777778,0.1444,-0.0003981517707819515,1.5635659015131187,0.08599975517187325,0.9450240757907814,0.9347335098940438,none,Ret_Vol_20,0,1,0.0,0.0,-0.3733333333333333,-0.24
2018-08-22,0,0,1,0.3566666666666667,0.5033333333333333,0.44109228575131554,0.6998361687107418,0.12721111111111114,0.2533444444444444,-0.0016912621251551352,1.5556996932739309,0.08301904154366989,0.9200511910862036,0.9232009470985343,none,Ret_Vol_20,0,1,0.0,0.006666666666666599,-0.2866666666666666,0.006666666666666599
2018-08-23,1,0,0,0.33666666666666667,0.49666666666666665,1.0886619578149417,0.699836168710742,0.44001111111111113,0.25334444444444454,0.006198839704363079,1.550594588813302,0.054520120836100104,0.8957354875580621,0.9053145180435695,none,Ret_Vol_20,0,1,0.0,0.0,-0.32666666666666666,-0.00666666666666671
2018-08-24,1,0,0,0.36,0.42333333333333334,1.0216512475319814,0.8595953881976097,0.4096,0.3325444444444444,0.007670409427647185,1.5481376935373397,0.11269110538815938,1.0277060928511799,0.9613742368867376,none,Ret_Vol_20,0,1,0.0,0.0,-0.28,-0.15333333333333332
2018-08-27,1,0,0,0.3566666666666667,0.42333333333333334,1.030953640194295,0.8595953881976097,0.41387777777777773,0.3325444444444444,0.00026927832649970007,1.5482756078996498,0.10428737110747258,1.1563774330119698,0.9975096843956925,none,Ret_Vol_20,0,1,0.0,0.0,-0.2866666666666666,-0.15333333333333332
2018-08-28,1,0,0,0.3933333333333333,0.41333333333333333,0.9330978501905364,0.8835009090511642,0.36804444444444445,0.3441777777777778,0.005701434129840033,1.5510089829207665,0.09203389253806218,1.305232907172306,1.039583633081417,none,Ret_Vol_20,0,1,0.0,0.0,-0.21333333333333337,-0.17333333333333334
2018-08-29,0,0,0,0.45666666666666667,0.37333333333333335,0.6100322738494387,0.4673405118262518,0.20854444444444445,0.1393777777777778,-0.004430329054144866,1.5563925642027745,0.08892652429034409,1.0442923870378387,0.9625226990795646,none,Ret_Vol_20,0,1,0.0,0.0,-0.08666666666666667,-0.2533333333333333
2018-08-30,1,0,0,0.46,0.45666666666666667,0.7765287894989963,0.7838015488280762,0.2916,0.2952111111111111,0.00013447750859452157,1.564540732109643,0.08845547501101379,1.0985217290943268,0.9819094540754594,none,Ret_Vol_20,0,1,0.0,0.0,-0.07999999999999996,-0.08666666666666667
2018-08-31,0,0,0,0.4066666666666667,0.4266666666666667,0.521998924364116,0.5562879978427482,0.1653777777777778,0.18204444444444448,-0.0016543221469484948,1.5756398591555514,0.08043778417193498,0.9291757976411424,0.9331400182061438,none,Ret_Vol_20,0,1,0.0,0.0,-0.18666666666666665,-0.1466666666666666
2018-09-04,0,0,1,0.38,0.5,0.4780358009429998,0.6931471805599453,0.1444,0.25,-0.002803126684318036,1.5899707070588889,0.08043778417193498,0.8974109766548438,0.9293429110715892,none,Ret_Vol_20,0,1,0.0,0.0,-0.24,0.0
2018-09-05,0,0,1,0.4166666666666667,0.5033333333333333,0.5389965007326871,0.6998361687107418,0.17361111111111113,0.2533444444444444,-0.0036523050860121087,1.6079475979351556,0.08066677789901022,0.8728802706201135,0.9292431537297994,none,Ret_Vol_20,0,1,0.0,0.006666666666666599,-0.16666666666666663,0.006666666666666599
2018-09-06,0,0,1,0.42,0.5533333333333333,0.5447271754416719,0.8059426747052897,0.17639999999999997,0.30617777777777777,-0.002213344827027508,1.6301886237975476,0.08289099298587754,0.9527204152616371,0.9627588719932734,none,Ret_Vol_20,0,1,0.0,0.10666666666666669,-0.16000000000000003,0.10666666666666669
2018-09-07,1,0,0,0.38666666666666666,0.45,0.9501922835498364,0.7985076962177716,0.3761777777777777,0.30250000000000005,0.0018978268127400888,1.6576493860346881,0.0836077282960407,1.0236171404541008,0.9952272150389179,none,Ret_Vol_20,0,1,0.0,0.0,-0.22666666666666668,-0.09999999999999998
2018-09-10,1,0,0,0.38666666666666666,0.41,0.9501922835498364,0.8915981192837836,0.3761777777777777,0.3481000000000001,0.003739841510076891,1.6919032573267159,0.07942327804976486,1.1842576122175057,1.0558655700108677,none,Ret_Vol_20,0,1,0.0,0.0,-0.22666666666666668,-0.18000000000000005
2018-09-11,1,0,0,0.42,0.39666666666666667,0.8675005677047231,0.9246589815446716,0.3364000000000001,0.36401111111111106,0.00035667194221011833,1.6770251699901264,0.07907886293697233,1.3740849195613125,1.1067592027455362,none,Ret_Vol_20,0,1,0.0,0.0,-0.16000000000000003,-0.20666666666666667
2018-09-12,1,0,0,0.43,0.44333333333333336,0.843970070294529,0.8134333464344472,0.3249000000000001,0.30987777777777775,0.005282254329749936,1.6926119146742526,0.08294248570207613,1.451145382535413,1.1372711263409478,none,Ret_Vol_20,0,1,0.0,0.0,-0.14,-0.11333333333333329
2018-09-13,1,0,0,0.37666666666666665,0.45666666666666667,0.9763946559438605,0.7838015488280762,0.3885444444444444,0.2952111111111111,0.00027548183892078804,1.5841940753143633,0.08311419446836375,1.4976619581845323,1.107910475921614,none,Mom_Sum_20,0,1,0.0,0.0,-0.2466666666666667,-0.08666666666666667
2018-09-14,0,0,1,0.3933333333333333,0.51,0.49977578757940566,0.7133498878774648,0.1547111111111111,0.2601,-0.005569722252617426,1.7086616732543014,0.08091678151552403,1.4741784782660872,1.1499932472362038,none,Ret_Vol_20,0,1,0.0,0.020000000000000018,-0.21333333333333337,0.020000000000000018
2018-09-17,1,0,0,0.43666666666666665,0.44666666666666666,0.8285851514550495,0.8059426747052897,0.3173444444444445,0.30617777777777777,0.005369014643958003,1.684892074987994,0.0793020148601345,1.5420079831956635,1.160349829411937,none,Ret_Vol_20,0,1,0.0,0.0,-0.1266666666666667,-0.10666666666666669
2018-09-18,1,0,0,0.3,0.49333333333333335,1.2039728043259361,0.706570200892086,0.48999999999999994,0.25671111111111106,0.0012532727238796504,1.6938777686671518,0.07612476787907,1.511038522837193,1.1537000946817395,none,Ret_Vol_20,0,1,0.0,0.0,-0.4,-0.013333333333333308
2018-09-19,1,0,0,0.3466666666666667,0.49,1.0593915755148284,0.7133498878774648,0.4268444444444444,0.2601,0.007840591898404803,1.7241480951539319,0.0708905942090074,1.4872807097029064,1.157110629235147,none,Ret_Vol_20,0,1,0.0,0.0,-0.30666666666666664,-0.020000000000000018
2018-09-20,0,0,1,0.3933333333333333,0.5,0.49977578757940566,0.6931471805599453,0.1547111111111111,0.25,-0.00036853301202766087,1.7929357553736116,0.06981607777315735,1.4440914264520093,1.1713465534169947,none,Ret_Vol_20,0,1,0.0,0.0,-0.21333333333333337,0.0
2018-09-21,0,0,1,0.4033333333333333,0.6,0.516396668815446,0.916290731874155,0.16267777777777775,0.36,-0.0035156877607932513,2.731467706340485,0.06695998992988207,1.6209430347211269,1.5989579899314967,none,Ret_Vol_20,0,1,0.0,0.19999999999999996,-0.19333333333333336,0.19999999999999996
2018-09-24,0,0,0,0.31666666666666665,0.38666666666666666,0.38077249551779285,0.4888467170472155,0.10027777777777777,0.1495111111111111,-0.0013050961134796202,2.772558227208161,0.06299086618881525,1.3745979570880138,1.5402999378663131,none,Ret_Vol_20,0,1,0.0,0.0,-0.3666666666666667,-0.22666666666666668
2018-09-25,0,0,0,0.36,0.49,0.4462871026284195,0.6733445532637656,0.1296,0.24009999999999998,-0.003289278113945082,2.8220755876739805,0.08883041340509662,1.3137815030283937,1.5496138099996393,none,Ret_Vol_20,0,1,0.0,0.0,-0.28,-0.020000000000000018
2018-09-26,1,0,0,0.3466666666666667,0.47,1.0593915755148284,0.7550225842780328,0.4268444444444444,0.28090000000000004,0.0027632870875580196,3.765793548335881,0.09101883906952875,1.3343010869182104,1.9339133971306741,none,Ret_Vol_20,0,1,0.0,0.0,-0.30666666666666664,-0.06000000000000005
2018-09-27,0,0,0,0.33,0.4266666666666667,0.4004775665971254,0.5562879978427482,0.10890000000000001,0.18204444444444448,-6.870120538793323e-06,3.746774633741948,0.08381572361220721,1.1589605198976694,1.8715427265497422,none,Ret_Vol_20,0,1,0.0,0.0,-0.33999999999999997,-0.1466666666666666
2018-09-28,1,0,0,0.36,0.48333333333333334,1.0216512475319814,0.7270487322356266,0.4096,0.2669444444444444,0.003641105118425747,3.7361789356380006,0.08289804567366155,1.1544533830260013,1.865677002865099,none,Ret_Vol_20,0,1,0.0,0.0,-0.28,-0.033333333333333326
2018-10-01,0,0,0,0.33,0.4066666666666667,0.4004775665971254,0.521998924364116,0.10890000000000001,0.1653777777777778,-0.0003966902079042267,3.7328840192259074,0.08077481332348847,0.948170765544435,1.80183728135074,none,Ret_Vol_20,0,1,0.0,0.0,-0.33999999999999997,-0.18666666666666665
2018-10-02,1,0,0,0.32666666666666666,0.43666666666666665,1.118814995985629,0.8285851514550495,0.45337777777777777,0.3173444444444445,0.0007115197468861023,3.736566799485672,0.08082557868722563,1.0469312426982733,1.8329537662099185,none,Ret_Vol_20,0,1,0.0,0.0,-0.3466666666666667,-0.1266666666666667
2018-10-03,0,0,1,0.36333333333333334,0.54,0.4515090466095711,0.7765287894989964,0.1320111111111111,0.2916,-0.008169482334351885,3.7475602284110785,0.08161204819759357,1.0929277197870013,1.8513860217598102,none,Ret_Vol_20,0,1,0.0,0.08000000000000007,-0.2733333333333333,0.08000000000000007
2018-10-04,0,0,1,0.45666666666666667,0.55,0.6100322738494387,0.7985076962177717,0.20854444444444445,0.30250000000000005,-0.005527978766503461,3.7688435686576334,0.08317552823176395,1.1598885456272283,1.880456649620751,none,Ret_Vol_20,0,1,0.0,0.10000000000000009,-0.08666666666666667,0.10000000000000009
2018-10-05,0,0,1,0.49,0.61,0.6733445532637656,0.941608539858445,0.24009999999999998,0.3721,-0.00039511662920677093,3.8008534892814243,0.08564984758960438,1.3668610729098802,1.9560946718624153,none,Ret_Vol_20,0,1,0.0,0.21999999999999997,-0.020000000000000018,0.21999999999999997
2018-10-08,0,0,0,0.44333333333333336,0.45666666666666667,0.585788662239446,0.6100322738494387,0.19654444444444447,0.20854444444444445,-0.0014179036575431292,3.8495807704601583,0.08651576045591741,1.244063185469415,1.9390059919616631,none,Ret_Vol_20,0,1,0.0,0.0,-0.11333333333333329,-0.08666666666666667
2018-10-09,0,0,1,0.47333333333333333,0.53,0.6411874416292344,0.7550225842780328,0.22404444444444443,0.28090000000000004,-0.0328642290012785,3.933695526484734,0.08509314323296843,1.2659385738434277,1.9787877257168125,none,Ret_Vol_20,0,1,0.0,0.06000000000000005,-0.053333333333333344,0.06000000000000005
2018-10-10,0,1,0,0.5766666666666667,0.4033333333333333,0.8595953881976097,0.516396668815446,0.3325444444444444,0.16267777777777775,-0.02057300761734404,3.933695526484734,0.08687214907768595,1.0522408710800448,1.915212116641213,none,Ret_Vol_20,0,1,0.15333333333333332,0.0,0.15333333333333332,-0.19333333333333336
2018-10-11,1,1,1,0.53,0.5233333333333333,0.6348782724359695,0.647536669307893,0.22089999999999999,0.2272111111111111,0.014206197825152422,3.8482194783320454,0.0857694263477859,0.9708298035628717,1.8562675603060155,none,Ret_Vol_20,0,1,0.06000000000000005,0.046666666666666634,0.06000000000000005,0.046666666666666634
2018-10-12,0,1,0,0.5366666666666666,0.4633333333333333,0.7693085415255092,0.6223781096717381,0.28801111111111105,0.21467777777777777,-0.005904978964482943,2.897718924388313,0.08473279654457383,0.8657200343157538,1.4442234190134235,none,Ret_Vol_20,0,1,0.07333333333333325,0.0,0.07333333333333325,-0.07333333333333336
2018-10-15,1,1,1,0.5066666666666667,0.5266666666666666,0.6799019538099246,0.6411874416292344,0.24337777777777775,0.2240444444444445,0.02149560016316343,2.807642449467175,0.08098870846345617,0.8403572155694593,1.3994607569967448,none,Ret_Vol_20,0,1,0.01333333333333342,0.05333333333333323,0.01333333333333342,0.05333333333333323
2018-10-16,0,1,0,0.5233333333333333,0.45,0.7409378443962937,0.5978370007556204,0.2738777777777778,0.2025,-0.00025266233815879335,2.7523936853392525,0.07981231053133567,0.9671287428599902,1.4150397901530987,none,Ret_Vol_20,0,1,0.046666666666666634,0.0,0.046666666666666634,-0.09999999999999998
2018-10-17,0,1,1,0.5133333333333333,0.52,0.7201758529478646,0.7339691750802004,0.2635111111111111,0.27040000000000003,-0.014391922356395415,2.713195767270814,0.07657416144311681,0.9578912622342838,1.3956179340115458,none,Ret_Vol_20,0,1,0.026666666666666616,0.040000000000000036,0.026666666666666616,0.040000000000000036
2018-10-18,0,1,1,0.54,0.5033333333333333,0.7765287894989964,0.6998361687107418,0.2916,0.2533444444444444,-0.00036116989772350117,2.6839190139941165,0.07563178645985322,0.9824634694618833,1.3909961823741677,none,Ret_Vol_20,0,1,0.08000000000000007,0.006666666666666599,0.08000000000000007,0.006666666666666599
2018-10-19,0,1,1,0.5766666666666667,0.5,0.8595953881976097,0.6931471805599453,0.3325444444444444,0.25,-0.004299527548581317,2.6598057828261097,0.07315746710201279,1.0133238802841462,1.3898667173462915,none,Ret_Vol_20,0,1,0.15333333333333332,0.0,0.15333333333333332,0.0
2018-10-22,0,1,1,0.5233333333333333,0.5633333333333334,0.7409378443962937,0.8285851514550495,0.2738777777777778,0.3173444444444445,-0.005511829997012829,2.645699365026327,0.07025061389500031,0.9100700867945054,1.3523759562173827,none,Ret_Vol_20,0,1,0.046666666666666634,0.1266666666666667,0.046666666666666634,0.1266666666666667
2018-10-23,0,1,1,0.56,0.6433333333333333,0.8209805520698303,1.030953640194295,0.31360000000000005,0.41387777777777773,-0.030864433977743855,2.636616170204051,0.07108784876910551,1.0126749516276465,1.3797753082006459,none,Ret_Vol_20,0,1,0.1200000000000001,0.2866666666666666,0.1200000000000001,0.2866666666666666
2018-10-24,1,1,1,0.5333333333333333,0.6666666666666666,0.6286086594223742,0.40546510810816444,0.2177777777777778,0.11111111111111113,0.018625040052811848,1.683340675662491,0.0861557158293478,0.9279584814985224,0.9775705294633574,none,Ret_Vol_20,0,1,0.06666666666666665,0.33333333333333326,0.06666666666666665,0.33333333333333326
2018-10-25,0,1,1,0.5733333333333334,0.64,0.8517522107365839,1.0216512475319814,0.3287111111111111,0.4096,-0.017327264039978307,1.6050769955328272,0.08848322489973486,0.985864492521638,0.9643351134395427,none,Ret_Vol_20,0,1,0.14666666666666672,0.28,0.14666666666666672,0.28
2018-10-26,0,1,1,0.5866666666666667,0.75,0.8835009090511642,1.3862943611198906,0.3441777777777778,0.5625,-0.0065595995737004476,1.5634121350228627,0.04152450388252546,1.6354655809159668,1.1284618794486927,none,Ret_Vol_20,0,1,0.17333333333333334,0.5,0.17333333333333334,0.5
2018-10-29,1,1,1,0.6,0.7866666666666666,0.5108256237659907,0.23995066963059103,0.16000000000000003,0.04551111111111113,0.015666780052058682,1.5398433206083006,0.04698036066041004,1.1446365802387934,0.9734224105130813,none,Ret_Vol_20,0,1,0.19999999999999996,0.5733333333333333,0.19999999999999996,0.5733333333333333
2018-10-30,1,1,1,0.5533333333333333,0.5533333333333333,0.5917946862996578,0.5917946862996578,0.1995111111111111,0.1995111111111111,0.010851331974038647,1.5287921211854223,0.04698036066041004,1.0072867136896058,0.9277969707791737,none,Ret_Vol_20,0,1,0.10666666666666669,0.10666666666666669,0.10666666666666669,0.10666666666666669
2018-10-31,1,1,1,0.56,0.5766666666666667,0.579818495252942,0.5504908801584221,0.19359999999999997,0.17921111111111113,0.010557843693063784,1.5053904947544727,0.04503951013667931,0.8307104092862803,0.8648811737286769,none,Ret_Vol_20,0,1,0.1200000000000001,0.15333333333333332,0.1200000000000001,0.15333333333333332
2018-11-01,0,0,1,0.48333333333333334,0.6233333333333333,0.6603573577369546,0.9763946559438604,0.2336111111111111,0.3885444444444444,-0.0063166863793988615,1.4875221472693303,0.04555479690969383,1.077172047664001,0.9318269122798406,none,Ret_Vol_20,0,1,0.0,0.2466666666666666,-0.033333333333333326,0.2466666666666666
2018-11-02,1,1,1,0.5266666666666666,0.64,0.6411874416292344,0.4462871026284195,0.2240444444444445,0.1296,0.005600317169601965,1.4742801645970733,0.045303516505250996,0.8387161991563028,0.8549179805372955,none,Ret_Vol_20,0,1,0.05333333333333323,0.28,0.05333333333333323,0.28
2018-11-05,1,1,1,0.5933333333333334,0.5,0.5219989243641159,0.6931471805599453,0.16537777777777773,0.25,0.006259295774170726,1.4651068635253752,0.04724436702898179,0.8719016793990824,0.8617865593385693,none,Ret_Vol_20,0,1,0.18666666666666676,0.0,0.18666666666666676,0.0
2018-11-06,1,1,0,0.55,0.46,0.5978370007556204,0.7765287894989963,0.20249999999999996,0.2916,0.021208856064105275,1.4596640129555194,0.04803716510356458,0.8222632854661028,0.8449557403531079,none,Ret_Vol_20,0,1,0.10000000000000009,0.0,0.10000000000000009,-0.07999999999999996
2018-11-07,0,1,0,0.51,0.38333333333333336,0.7133498878774648,0.4834266495778762,0.2601,0.14694444444444446,-0.0025089163835961825,1.4577683713807148,0.0496304992634126,1.063051605674154,0.9169119800335559,none,Ret_Vol_20,0,1,0.020000000000000018,0.0,0.020000000000000018,-0.23333333333333328
2018-11-08,0,1,0,0.5233333333333333,0.4666666666666667,0.7409378443962937,0.6286086594223742,0.2738777777777778,0.2177777777777778,-0.00919901370610332,1.4593610947849214,0.0496304992634126,1.1576187170120162,0.9459192027965972,none,Ret_Vol_20,0,1,0.046666666666666634,0.0,0.046666666666666634,-0.06666666666666665
2018-11-09,0,0,0,0.49,0.43,0.6733445532637656,0.5621189181535411,0.24009999999999998,0.18489999999999998,-0.01970148934024063,1.464498579474459,0.049961795144619,1.3169437755046611,0.9958711029845675,none,Ret_Vol_20,0,1,0.0,0.0,-0.020000000000000018,-0.14
2018-11-12,0,0,0,0.44333333333333336,0.43,0.585788662239446,0.5621189181535411,0.19654444444444447,0.18489999999999998,-0.0014819196931705747,1.4620209042101564,0.05064344143537554,1.474573886566533,1.042373560084635,none,Ret_Vol_20,0,1,0.0,0.0,-0.11333333333333329,-0.14
2018-11-13,0,1,0,0.5,0.4166666666666667,0.6931471805599453,0.5389965007326871,0.25,0.17361111111111113,-0.007567410690302756,1.4721145597971779,0.05248745198701513,1.653423756854704,1.100619186571387,none,Ret_Vol_20,0,1,0.0,0.0,0.0,-0.16666666666666663
2018-11-14,1,1,1,0.5733333333333334,0.56,0.556287997842748,0.579818495252942,0.18204444444444443,0.19359999999999997,0.010593753366266334,1.4861540658847907,0.05248745198701513,1.7900138422500378,1.1472120146250322,none,Ret_Vol_20,0,1,0.14666666666666672,0.1200000000000001,0.14666666666666672,0.1200000000000001
2018-11-15,1,1,1,0.53,0.67,0.6348782724359695,0.40047756659712525,0.22089999999999999,0.10889999999999997,0.0022233054237545957,1.508980124872312,0.05141509948174015,2.102687835537774,1.249822930454779,none,Ret_Vol_20,0,1,0.06000000000000005,0.3400000000000001,0.06000000000000005,0.3400000000000001
2018-11-16,0,0,1,0.45666666666666667,0.5366666666666666,0.6100322738494387,0.7693085415255092,0.20854444444444445,0.28801111111111105,-0.01664310858849427,1.528475109388504,0.052442724835496335,2.047103884322031,1.2412540265026597,none,Ret_Vol_20,0,1,0.0,0.07333333333333325,-0.08666666666666667,0.07333333333333325
2018-11-19,0,1,1,0.51,0.6366666666666667,0.7133498878774648,1.0124345924270575,0.2601,0.4053444444444445,-0.01815124083246611,1.5322838491564508,0.052442724835496335,1.7514111549533993,1.1540697035992489,none,Ret_Vol_20,0,1,0.020000000000000018,0.27333333333333343,0.020000000000000018,0.27333333333333343
2018-11-20,1,1,1,0.5733333333333334,0.5433333333333333,0.556287997842748,0.6100322738494387,0.18204444444444443,0.20854444444444445,0.0030432907461763747,1.538125774959779,0.05395013789182823,1.8570536482702964,1.188551445832549,none,Ret_Vol_20,0,1,0.14666666666666672,0.08666666666666667,0.14666666666666672,0.08666666666666667
2018-11-21,0,0,1,0.49333333333333335,0.5566666666666666,0.6799019538099248,0.8134333464344472,0.2433777777777778,0.30987777777777775,-0.006554842390161242,1.5366427125910707,0.054688842989811845,1.7602629757276118,1.1591426306516555,none,Ret_Vol_20,0,1,0.0,0.11333333333333329,-0.013333333333333308,0.11333333333333329
2018-11-23,1,1,1,0.5066666666666667,0.62,0.6799019538099246,0.4780358009429998,0.24337777777777775,0.1444,0.0155323683669224,1.5290059522800112,0.05599692783740917,1.9965305656082495,1.2273606289457022,none,Ret_Vol_20,0,1,0.01333333333333342,0.24,0.01333333333333342,0.24
2018-11-26,1,1,1,0.5333333333333333,0.5766666666666667,0.6286086594223742,0.5504908801584221,0.2177777777777778,0.17921111111111113,0.003261692144003847,1.525257560348054,0.054688842989811845,2.15875266354856,1.2741354761007333,none,Ret_Vol_20,0,1,0.06666666666666665,0.15333333333333332,0.06666666666666665,0.15333333333333332
2018-11-27,1,1,1,0.5,0.5633333333333334,0.6931471805599453,0.5738837597331276,0.25,0.19067777777777775,0.022973979644221654,1.5252575603480543,0.05437583261780479,2.296246985583726,1.315289869599681,none,Ret_Vol_20,0,1,0.0,0.1266666666666667,0.0,0.1266666666666667
2018-11-28,0,1,1,0.5033333333333333,0.5266666666666666,0.6998361687107418,0.7479554170549402,0.2533444444444444,0.2773777777777777,-0.0021831080910337253,1.5523784544418924,0.05089981511623794,2.2600180058712387,1.314226728073,none,Ret_Vol_20,0,1,0.006666666666666599,0.05333333333333323,0.006666666666666599,0.05333333333333323
2018-11-29,1,1,0,0.5233333333333333,0.44333333333333336,0.647536669307893,0.8134333464344472,0.2272111111111111,0.30987777777777775,0.008170747552017188,1.586261676223297,0.04912700955352517,2.1592705959216216,1.297023952131863,none,Ret_Vol_20,0,1,0.046666666666666634,0.0,0.046666666666666634,-0.11333333333333329
2018-11-30,1,1,0,0.5466666666666666,0.4866666666666667,0.6039160468320027,0.7201758529478646,0.20551111111111114,0.2635111111111111,0.010941426132194287,1.6297563793814154,0.04975176266708996,2.1518506786778673,1.3123832841560534,none,Ret_Vol_20,0,1,0.09333333333333327,0.0,0.09333333333333327,-0.026666666666666616
2018-12-03,0,1,0,0.53,0.4266666666666667,0.7550225842780328,0.5562879978427482,0.28090000000000004,0.18204444444444448,-0.03236490314939877,1.664600535919881,0.04975176266708996,2.30686983933681,1.3728266949691226,none,Ret_Vol_20,0,1,0.06000000000000005,0.0,0.06000000000000005,-0.1466666666666666
2018-12-04,0,1,0,0.52,0.4666666666666667,0.7339691750802004,0.6286086594223742,0.27040000000000003,0.2177777777777778,-0.0015222281477752508,1.7089407583311684,0.053227780168656785,2.388809636589711,1.4161875283599779,none,Ret_Vol_20,0,1,0.040000000000000036,0.0,0.040000000000000036,-0.06666666666666665
2018-12-06,0,1,1,0.5233333333333333,0.5066666666666667,0.7409378443962937,0.7065702008920861,0.2738777777777778,0.25671111111111117,-0.023320118765389863,1.768907109691157,0.056466649820195794,2.392751726411234,1.4423283567458918,none,Ret_Vol_20,0,1,0.046666666666666634,0.01333333333333342,0.046666666666666634,0.01333333333333342
2018-12-07,1,1,1,0.5266666666666666,0.65,0.6411874416292344,0.4307829160924542,0.2240444444444445,0.12249999999999998,0.0017621539947350051,1.8631774221248556,0.052701712062856385,2.6699610165763428,1.562069787441702,none,Ret_Vol_20,0,1,0.05333333333333323,0.30000000000000004,0.05333333333333323,0.30000000000000004
2018-12-10,0,1,1,0.5433333333333333,0.6766666666666666,0.7838015488280762,1.129071496152818,0.2952111111111111,0.4578777777777777,-0.00035634616892232795,1.9245403976756945,0.04947291075525326,2.25264136319801,1.4604504412562567,none,Ret_Vol_20,0,1,0.08666666666666667,0.3533333333333333,0.08666666666666667,0.3533333333333333
2018-12-11,1,1,1,0.5566666666666666,0.6266666666666667,0.585788662239446,0.4673405118262518,0.19654444444444447,0.13937777777777774,0.005419503676349802,2.8792438041847728,0.05092784576295381,2.494889762013958,1.9154428040069824,none,Ret_Vol_20,0,1,0.11333333333333329,0.2533333333333334,0.11333333333333329,0.2533333333333334
2018-12-12,0,1,1,0.54,0.6233333333333333,0.7765287894989964,0.9763946559438604,0.2916,0.3885444444444444,-0.00019993032368359476,2.9755407700467673,0.05175614290797539,2.2304244179868733,1.8748704762871617,none,Ret_Vol_20,0,1,0.08000000000000007,0.2466666666666666,0.08000000000000007,0.2466666666666666
2018-12-13,0,1,1,0.5133333333333333,0.5866666666666667,0.7201758529478646,0.8835009090511642,0.2635111111111111,0.3441777777777778,-0.019086709555430348,3.938512648268956,0.048133126511618274,2.060344747784088,2.2079484215962943,none,Ret_Vol_20,0,1,0.026666666666666616,0.17333333333333334,0.026666666666666616,0.17333333333333334
2018-12-14,0,1,1,0.53,0.73,0.7550225842780328,1.3093333199837622,0.28090000000000004,0.5328999999999999,-0.020773480559224233,3.9581776743251558,0.03849626598929022,1.4695698397619412,2.035690901455432,none,Ret_Vol_20,0,1,0.06000000000000005,0.45999999999999996,0.06000000000000005,0.45999999999999996
2018-12-17,1,1,1,0.5533333333333333,0.7833333333333333,0.5917946862996578,0.2441969605120421,0.1995111111111111,0.04694444444444445,8.640058610476231e-05,3.98059509671391,0.03780989020525095,1.9398769198316033,2.1855440816966203,none,Ret_Vol_20,0,1,0.10666666666666669,0.5666666666666667,0.10666666666666669,0.5666666666666667
2018-12-18,0,1,1,0.58,0.7333333333333333,0.867500567704723,1.3217558399823193,0.3364,0.5377777777777777,-0.01539571453679811,3.9869772764468125,0.03591038479659144,1.3377713221208243,2.0068954226539497,none,Ret_Vol_20,0,1,0.15999999999999992,0.46666666666666656,0.15999999999999992,0.46666666666666656
2018-12-19,0,1,1,0.5766666666666667,0.7366666666666667,0.8595953881976097,1.3343346221891796,0.3325444444444444,0.5426777777777778,-0.01577210632742365,4.012973652630064,0.03446339547856235,1.9417086594158675,2.198041077520355,none,Ret_Vol_20,0,1,0.15333333333333332,0.4733333333333334,0.15333333333333332,0.4733333333333334
2018-12-20,0,1,1,0.5933333333333334,0.72,0.8997614299229446,1.2729656758128873,0.3520444444444445,0.5184,-0.020588228309714296,4.042822744112831,0.034307056711566815,2.4852907611783897,2.3730084430121194,none,Ret_Vol_20,0,1,0.18666666666666676,0.43999999999999995,0.18666666666666676,0.43999999999999995
2018-12-21,0,1,1,0.57,0.5933333333333334,0.8439700702945289,0.8997614299229446,0.32489999999999997,0.3520444444444445,-0.027112254452099527,4.077509644937364,0.03332306772587204,2.6542605355974773,2.4372789389719505,none,Ret_Vol_20,0,1,0.1399999999999999,0.18666666666666676,0.1399999999999999,0.18666666666666676
2018-12-24,1,1,1,0.51,0.6766666666666666,0.6733445532637656,0.39057649561441377,0.24009999999999998,0.10454444444444447,0.04959374278953943,4.118628608599376,0.03326144505539756,2.3168340245595864,2.352480084324246,none,Ret_Vol_20,0,1,0.020000000000000018,0.3533333333333333,0.020000000000000018,0.3533333333333333
2018-12-26,1,1,1,0.5566666666666666,0.6133333333333333,0.585788662239446,0.4888467170472155,0.19654444444444447,0.14951111111111115,0.008562680784222065,4.169056046762667,0.04007184517573635,2.0796220950325877,2.303530600767564,none,Ret_Vol_20,0,1,0.11333333333333329,0.22666666666666657,0.11333333333333329,0.22666666666666657
2018-12-27,0,1,1,0.54,0.71,0.7765287894989964,1.2378743560016172,0.2916,0.5041,-0.0012415825080966947,4.178178559763376,0.04488751433497225,2.5873102584162213,2.4609307557307085,none,Ret_Vol_20,0,1,0.08000000000000007,0.41999999999999993,0.08000000000000007,0.41999999999999993
2018-12-28,1,1,1,0.5266666666666666,0.6966666666666667,0.6411874416292344,0.3614482226913901,0.2240444444444445,0.09201111111111111,0.00849248413140935,4.188355745785289,0.0475696086062472,2.22152219224904,2.356069838570702,none,Ret_Vol_20,0,1,0.05333333333333323,0.3933333333333333,0.05333333333333323,0.3933333333333333
2018-12-31,1,1,1,0.5533333333333333,0.6866666666666666,0.5917946862996578,0.37590630586662,0.1995111111111111,0.0981777777777778,0.0012684969251244294,4.199632422468478,0.04800997077140538,1.872980542455438,2.2561501229554444,none,Ret_Vol_20,0,1,0.10666666666666669,0.3733333333333333,0.10666666666666669,0.3733333333333333
2019-01-02,0,1,1,0.58,0.58,0.867500567704723,0.867500567704723,0.3364,0.3364,-0.02475673039503723,4.216353795666984,0.045960143564958936,2.0149067559799034,2.3048015881302524,none,Ret_Vol_20,0,1,0.15999999999999992,0.15999999999999992,0.15999999999999992,0.15999999999999992
2019-01-03,1,1,1,0.55,0.79,0.5978370007556204,0.23572233352106983,0.20249999999999996,0.044099999999999986,0.03433571464262353,4.234718514929823,0.05382909700893492,1.5288817042321154,2.168700646344244,none,Ret_Vol_20,0,1,0.10000000000000009,0.5800000000000001,0.10000000000000009,0.5800000000000001
2019-01-04,1,1,1,0.57,0.5133333333333333,0.5621189181535413,0.666829872242572,0.18490000000000004,0.23684444444444447,0.007010434848680358,4.247699024713618,0.05077292171263094,1.4743899083610723,2.156628458907558,none,Ret_Vol_20,0,1,0.1399999999999999,0.026666666666666616,0.1399999999999999,0.026666666666666616
2019-01-07,1,1,0,0.5833333333333334,0.49666666666666665,0.5389965007326869,0.699836168710742,0.17361111111111108,0.25334444444444454,0.009695285023358924,4.261880097193873,0.05077292171263094,1.4530696820305289,2.1559048200004973,none,Ret_Vol_20,0,1,0.16666666666666674,0.0,0.16666666666666674,-0.00666666666666671
2019-01-08,1,1,1,0.5433333333333333,0.51,0.6100322738494387,0.6733445532637656,0.20854444444444445,0.24009999999999998,0.004098045450532162,4.277336735245779,0.050911949951993524,1.4056228161444406,2.147895123927242,none,Ret_Vol_20,0,1,0.08666666666666667,0.020000000000000018,0.08666666666666667,0.020000000000000018
2019-01-09,1,1,0,0.5366666666666666,0.44333333333333336,0.6223781096717381,0.8134333464344472,0.21467777777777783,0.30987777777777775,0.004518418782931244,4.294158463409414,0.0484971950063713,1.4975629106465749,2.1814814170596497,none,Ret_Vol_20,0,1,0.07333333333333325,0.0,0.07333333333333325,-0.11333333333333329
2019-01-10,0,1,1,0.5533333333333333,0.5533333333333333,0.8059426747052897,0.8059426747052897,0.30617777777777777,0.30617777777777777,-0.00014629784190933748,4.362544337321571,0.04749563984700325,1.5813773753535894,2.2336796394888063,none,Ret_Vol_20,0,1,0.10666666666666669,0.10666666666666669,0.10666666666666669,0.10666666666666669
2019-01-11,0,1,1,0.5266666666666666,0.5533333333333333,0.7479554170549402,0.8059426747052897,0.2773777777777777,0.30617777777777777,-0.005257525167898014,4.465194120853255,0.06893813756969736,1.6645663589807007,2.3061289973064216,none,Ret_Vol_20,0,1,0.05333333333333323,0.10666666666666669,0.05333333333333323,0.10666666666666669
2019-01-14,1,0,1,0.49666666666666665,0.52,0.699836168710742,0.6539264674066639,0.25334444444444454,0.2304,0.010721688622945758,5.434326039159304,0.06582589529555494,1.5962489665956419,2.672352874231081,moderate,Ret_Vol_20,1,1,0.0,0.040000000000000036,-0.00666666666666671,0.040000000000000036
2019-01-15,1,0,0,0.49333333333333335,0.4666666666666667,0.706570200892086,0.7621400520468967,0.25671111111111106,0.28444444444444444,0.0022219854881162515,3.3975739972980485,0.0005055114052218666,0.0,1.3591812523407862,none,Ret_Vol_20,0,1,0.0,0.0,-0.013333333333333308,-0.06666666666666665
2019-01-16,1,0,1,0.4666666666666667,0.5166666666666667,0.7621400520468967,0.6603573577369544,0.28444444444444444,0.23361111111111105,0.0075914003822110665,4.358803857499689,0.0005055114052218666,0.050891347154971234,1.7589406005679336,none,Ret_Vol_20,0,1,0.0,0.03333333333333344,-0.06666666666666665,0.03333333333333344
2019-01-17,1,1,1,0.5166666666666667,0.5133333333333333,0.6603573577369544,0.666829872242572,0.23361111111111105,0.23684444444444447,0.01318305304897005,4.376604463884425,0.0008067391241279383,0.0805039022545403,1.7750349779673704,none,Ret_Vol_20,0,1,0.03333333333333344,0.026666666666666616,0.03333333333333344,0.026666666666666616
2019-01-18,0,0,1,0.4666666666666667,0.5066666666666667,0.6286086594223742,0.7065702008920861,0.2177777777777778,0.25671111111111117,-0.014157306164566674,4.396021653233699,0.0012819498082057993,0.0729080720920815,1.780665667863566,none,Ret_Vol_20,0,1,0.0,0.01333333333333342,-0.06666666666666665,0.01333333333333342
2019-01-22,1,1,1,0.5,0.6066666666666667,0.6931471805599453,0.49977578757940566,0.25,0.1547111111111111,0.0022029127742235755,4.417217269103304,0.002190262429990995,0.23226693861225878,1.8372240679539964,none,Ret_Vol_20,0,1,0.0,0.21333333333333337,0.0,0.21333333333333337
2019-01-23,1,0,0,0.4266666666666667,0.36,0.8517522107365838,1.0216512475319814,0.328711111111111,0.4096,0.0013757255543636049,4.4403948348491795,0.021522176871751224,0.30209716119366536,1.8732437353592968,none,Ret_Vol_20,0,1,0.0,0.0,-0.1466666666666666,-0.28
2019-01-24,1,0,0,0.36666666666666664,0.39666666666666667,1.0033021088637848,0.9246589815446716,0.4011111111111111,0.36401111111111106,0.008488694060713842,4.465815617331011,0.023656799911580616,0.4779013570848273,1.936793694031327,none,Ret_Vol_20,0,1,0.0,0.0,-0.2666666666666667,-0.20666666666666667
2019-01-25,0,0,1,0.38666666666666666,0.5066666666666667,0.4888467170472155,0.7065702008920861,0.1495111111111111,0.25671111111111117,-0.007846827493937836,4.477160310496718,0.023666739542859652,0.44090234541858164,1.9302348496871196,none,Ret_Vol_20,0,1,0.0,0.01333333333333342,-0.22666666666666668,0.01333333333333342
2019-01-28,0,0,1,0.37,0.5333333333333333,0.4620354595965587,0.7621400520468967,0.1369,0.28444444444444444,-0.0014562465775435074,4.492353038509762,0.023059748273499957,0.457409758297306,1.9410820673751468,none,Ret_Vol_20,0,1,0.0,0.06666666666666665,-0.26,0.06666666666666665
2019-01-29,1,0,0,0.4033333333333333,0.44,0.90799192905946,0.8209805520698302,0.3560111111111111,0.31360000000000005,0.01554926091974429,4.511980190834141,0.022877179714589527,0.5252228799087981,1.9692220942206728,none,Ret_Vol_20,0,1,0.0,0.0,-0.19333333333333336,-0.12
2019-01-30,1,1,1,0.5033333333333333,0.5033333333333333,0.6865026378412769,0.6865026378412769,0.2466777777777778,0.2466777777777778,0.008597395948725328,4.536968831671272,0.022877179714589527,0.4646185229841969,1.961036243478145,none,Ret_Vol_20,0,1,0.006666666666666599,0.006666666666666599,0.006666666666666599,0.006666666666666599
2019-01-31,1,0,1,0.48333333333333334,0.6466666666666666,0.7270487322356266,0.43592431559287304,0.2669444444444444,0.12484444444444448,0.0008986100931438479,4.568864106041724,0.025483283689995043,0.34585514616652246,1.938947171373645,none,Ret_Vol_20,0,1,0.0,0.2933333333333332,-0.033333333333333326,0.2933333333333332
2019-02-01,1,0,0,0.41,0.4033333333333333,0.8915981192837836,0.90799192905946,0.3481000000000001,0.3560111111111111,0.006776236617404008,4.568864106041724,0.023422210327033954,0.35181403302658243,1.9401165154227746,none,Ret_Vol_20,0,1,0.0,0.0,-0.18000000000000005,-0.19333333333333336
2019-02-04,1,1,0,0.54,0.48,0.616186139423817,0.7339691750802004,0.21159999999999995,0.27040000000000003,0.00470842037697472,4.53544835403637,0.023031176524467213,0.35035018223841197,1.9261937492434116,none,Ret_Vol_20,0,1,0.08000000000000007,0.0,0.08000000000000007,-0.040000000000000036
2019-02-05,0,1,0,0.5,0.3466666666666667,0.6931471805599453,0.4256678154256838,0.25,0.12017777777777779,-0.0022244379802809355,4.569896770141121,0.028116866252267357,0.4639868940835607,1.9755898361571966,none,Ret_Vol_20,0,1,0.0,0.0,0.0,-0.30666666666666664
2019-02-06,0,0,0,0.4066666666666667,0.4266666666666667,0.521998924364116,0.5562879978427482,0.1653777777777778,0.18204444444444448,-0.009357140143940179,5.486371401782842,0.027324985423196068,0.6125750322049139,2.38651856600157,none,Ret_Vol_20,0,1,0.0,0.0,-0.18666666666666665,-0.1466666666666666
2019-02-07,1,0,1,0.43,0.71,0.843970070294529,0.342490308946776,0.3249000000000001,0.08410000000000002,0.0006762010869560964,5.462061130876693,0.02799516360542282,0.9536440458682792,2.479316215192788,none,Ret_Vol_20,0,1,0.0,0.41999999999999993,-0.14,0.41999999999999993
2019-02-08,1,0,0,0.38333333333333336,0.49,0.958850346292951,0.7133498878774648,0.3802777777777778,0.2601,0.0007091030986317026,5.445352926201579,0.026634550138042994,0.9255085120046959,2.463784089123454,none,Ret_Vol_20,0,1,0.0,0.0,-0.23333333333333328,-0.020000000000000018
2019-02-11,1,0,0,0.4,0.38,0.916290731874155,0.9675840262617056,0.36,0.3844,0.0128902247439735,5.445352926201579,0.025127137081711076,0.6580004014541256,2.383079432041383,none,Ret_Vol_20,0,1,0.0,0.0,-0.19999999999999996,-0.24
2019-02-12,1,0,0,0.41333333333333333,0.4666666666666667,0.8835009090511642,0.7621400520468967,0.3441777777777778,0.28444444444444444,0.003023994668760688,5.4533088558556315,0.025053731937984408,0.5990394719351524,2.368551503504194,none,Ret_Vol_20,0,1,0.0,0.0,-0.17333333333333334,-0.06666666666666665
2019-02-13,0,0,0,0.36666666666666664,0.46,0.456758402495715,0.616186139423817,0.13444444444444442,0.2116,-0.002651641555101225,5.449116224307653,0.025602266314632117,0.6818899320343015,2.391894149227742,none,Ret_Vol_20,0,1,0.0,0.0,-0.2666666666666667,-0.07999999999999996
2019-02-14,1,0,1,0.33,0.5533333333333333,1.1086626245216111,0.5917946862996578,0.4488999999999999,0.1995111111111111,0.01087875260858695,5.449279658401329,0.027441485811151155,0.7842572128383685,2.4232214729553876,none,Ret_Vol_20,0,1,0.0,0.10666666666666669,-0.33999999999999997,0.10666666666666669
2019-02-15,1,1,0,0.5066666666666667,0.49,0.6799019538099246,0.7133498878774648,0.24337777777777775,0.2601,0.0014987433214488366,5.453801043815629,0.02639477403721848,0.7659035494895737,2.4192099145842896,none,Ret_Vol_20,0,1,0.01333333333333342,0.0,0.01333333333333342,-0.020000000000000018
2019-02-19,1,0,0,0.47333333333333333,0.47,0.7479554170549403,0.7550225842780328,0.2773777777777777,0.28090000000000004,0.0017771107537685182,5.462887994447174,0.02891197957947339,0.7083782880631011,2.406342278071642,none,Ret_Vol_20,0,1,0.0,0.0,-0.053333333333333344,-0.06000000000000005
2019-02-20,0,0,0,0.39,0.45,0.4942963218147801,0.5978370007556204,0.1521,0.2025,-0.003526436790880272,4.527132621680407,0.029050378731620877,0.8040521972752033,2.0607838214742102,none,Ret_Vol_20,0,1,0.0,0.0,-0.21999999999999997,-0.09999999999999998
2019-02-21,1,0,0,0.38666666666666666,0.4666666666666667,0.9501922835498364,0.7621400520468967,0.3761777777777777,0.28444444444444444,0.006411102394986878,3.595873285035301,0.029050378731620877,0.7380626375836897,1.6684832189087135,none,Ret_Vol_20,0,1,0.0,0.0,-0.22666666666666668,-0.06666666666666665
2019-02-22,1,0,0,0.44666666666666666,0.45666666666666667,0.8059426747052897,0.7838015488280762,0.30617777777777777,0.2952111111111111,0.0012318625699112573,3.537641022187426,0.029528325467092317,0.6536579165359113,1.6200122814758715,none,Ret_Vol_20,0,1,0.0,0.0,-0.10666666666666669,-0.08666666666666667
2019-02-25,0,0,0,0.38,0.4766666666666667,0.4780358009429998,0.647536669307893,0.1444,0.2272111111111111,-0.0007904570968998437,3.5131981231328595,0.03128387603096838,0.7036659264914444,1.6257641900098676,none,Ret_Vol_20,0,1,0.0,0.0,-0.24,-0.046666666666666634
2019-02-26,0,0,0,0.3433333333333333,0.49,0.4205787459182124,0.6733445532637656,0.11787777777777778,0.24009999999999998,-0.0005440493877303387,3.4636483244980445,0.03272989376206227,0.7270315653876683,1.613387767544137,none,Ret_Vol_20,0,1,0.0,0.0,-0.31333333333333335,-0.020000000000000018
2019-02-27,0,0,0,0.33,0.45666666666666667,0.4004775665971254,0.6100322738494387,0.10890000000000001,0.20854444444444445,-0.0028255083152146643,3.463246333494631,0.03272989376206227,0.8108202197545341,1.6383635674528314,none,Ret_Vol_20,0,1,0.0,0.0,-0.33999999999999997,-0.08666666666666667
2019-02-28,1,0,1,0.4266666666666667,0.6066666666666667,0.8517522107365838,0.49977578757940566,0.328711111111111,0.1547111111111111,0.00689532059343434,2.603091916360108,0.03397178707076652,0.9986058397257265,1.351010054582991,none,Ret_Vol_20,0,1,0.0,0.21333333333333337,-0.1466666666666666,0.21333333333333337
2019-03-01,0,0,1,0.32,0.5266666666666666,0.3856624808119848,0.7479554170549402,0.1024,0.2773777777777777,-0.003880558492514008,3.4632463334946304,0.03193738603947591,0.940099143018395,1.6769094921152135,none,Ret_Vol_20,0,1,0.0,0.05333333333333323,-0.36,0.05333333333333323
2019-03-04,0,0,1,0.41333333333333333,0.57,0.5332984796180493,0.8439700702945289,0.17084444444444444,0.32489999999999997,-0.001131532823106185,3.448453314753628,0.03248400842539127,0.7902602582213816,1.626204605895483,none,Ret_Vol_20,0,1,0.0,0.1399999999999999,-0.17333333333333334,0.1399999999999999
2019-03-05,0,0,1,0.37333333333333335,0.51,0.4673405118262518,0.7133498878774648,0.1393777777777778,0.2601,-0.006524098653592381,3.463956688287105,0.03389231958478314,0.7716068117937837,1.627232414728412,none,Ret_Vol_20,0,1,0.0,0.020000000000000018,-0.2533333333333333,0.020000000000000018
2019-03-06,0,1,1,0.53,0.5933333333333334,0.7550225842780328,0.8997614299229446,0.28090000000000004,0.3520444444444445,-0.00812571755868352,3.5224460124430093,0.03513421289348739,0.5724008229913653,1.5912389157426596,none,Ret_Vol_20,0,1,0.06000000000000005,0.18666666666666676,0.06000000000000005,0.18666666666666676
2019-03-07,0,1,1,0.55,0.6433333333333333,0.7985076962177717,1.030953640194295,0.30250000000000005,0.41387777777777773,-0.0021316888487414865,4.438612280295669,0.04162475041311001,0.7474254880560807,2.012159983659025,none,Ret_Vol_20,0,1,0.10000000000000009,0.2866666666666666,0.10000000000000009,0.2866666666666666
2019-03-08,1,0,1,0.47333333333333333,0.5033333333333333,0.7479554170549403,0.6865026378412769,0.2773777777777777,0.2466777777777778,0.014666041867757107,4.421755227487665,0.04162475041311001,0.7248228092148172,1.9986363588834444,none,Ret_Vol_20,0,1,0.0,0.006666666666666599,-0.053333333333333344,0.006666666666666599
2019-03-11,1,0,1,0.45666666666666667,0.52,0.7838015488280762,0.6539264674066639,0.2952111111111111,0.2304,0.0029533182046204143,4.430746055489784,0.04229731444164135,0.671096034919885,1.9863164270043718,none,Ret_Vol_20,0,1,0.0,0.040000000000000036,-0.08666666666666667,0.040000000000000036
2019-03-12,1,0,0,0.38666666666666666,0.46,0.9501922835498364,0.7765287894989963,0.3761777777777777,0.2916,0.006949583813841809,4.461034134026647,0.044388342389226364,0.7382055430301723,2.0191918192364784,none,Ret_Vol_20,0,1,0.0,0.0,-0.22666666666666668,-0.07999999999999996
2019-03-13,0,0,0,0.41333333333333333,0.49666666666666665,0.5332984796180493,0.6865026378412766,0.17084444444444444,0.24667777777777775,-0.0008680223820187738,4.52986467378651,0.044249943237078884,0.7158618155714257,2.0399793971571554,none,Ret_Vol_20,0,1,0.0,0.0,-0.17333333333333334,-0.00666666666666671
2019-03-14,1,1,1,0.5133333333333333,0.5,0.666829872242572,0.6931471805599453,0.23684444444444447,0.25,0.00498490290027398,4.51206635377472,0.04249178706858311,0.7005455377762277,2.027737738963331,none,Ret_Vol_20,0,1,0.026666666666666616,0.0,0.026666666666666616,0.0
2019-03-15,1,0,0,0.49,0.4866666666666667,0.7133498878774648,0.7201758529478646,0.2601,0.2635111111111111,0.0037059469012648005,4.497903041641447,0.04113117360120328,0.7119790658310271,2.025094288486248,none,Ret_Vol_20,0,1,0.0,0.0,-0.020000000000000018,-0.026666666666666616
2019-03-18,0,0,0,0.35,0.47333333333333333,0.4307829160924542,0.6411874416292344,0.12249999999999998,0.22404444444444443,-0.0001305615560248663,4.478478107325028,0.04216066354378212,0.6459952263640295,1.9978380099023547,none,Ret_Vol_20,0,1,0.0,0.0,-0.30000000000000004,-0.053333333333333344
2019-03-19,0,0,0,0.35,0.44333333333333336,0.4307829160924542,0.585788662239446,0.12249999999999998,0.19654444444444447,-0.0029443536044478913,4.463471206789576,0.040701485471741225,0.5273713033903523,1.9558103193744585,none,Ret_Vol_20,0,1,0.0,0.0,-0.30000000000000004,-0.11333333333333329
2019-03-20,1,0,0,0.32,0.44,1.1394342831883648,0.8209805520698302,0.4623999999999999,0.31360000000000005,0.010852481049954399,4.452299822534714,0.03778569453564516,0.641348870983577,1.9846602986696524,none,Ret_Vol_20,0,1,0.0,0.0,-0.36,-0.12
2019-03-21,0,0,0,0.43333333333333335,0.3233333333333333,0.5679840376059393,0.3905764956144136,0.1877777777777778,0.10454444444444443,-0.018974501239482744,4.444426069618153,0.054372376040876705,0.6668046208899461,1.994123526926508,none,Ret_Vol_20,0,1,0.0,0.0,-0.1333333333333333,-0.3533333333333334
2019-03-22,0,0,0,0.49,0.36666666666666664,0.6733445532637656,0.456758402495715,0.24009999999999998,0.13444444444444442,-0.000839020658475631,4.441678234142342,0.0496865169891467,0.904992371576303,2.063074960226572,none,Ret_Vol_20,0,1,0.0,0.0,-0.020000000000000018,-0.2666666666666667
2019-03-25,1,0,0,0.43333333333333335,0.43333333333333335,0.8362480242006186,0.8362480242006186,0.32111111111111107,0.32111111111111107,0.007182725862306283,4.421682887354072,0.052122520222167026,0.7666342895373093,2.014300197869472,none,Ret_Vol_20,0,1,0.0,0.0,-0.1333333333333333,-0.1333333333333333
2019-03-26,0,0,0,0.41333333333333333,0.38333333333333336,0.5332984796180493,0.4834266495778762,0.17084444444444444,0.14694444444444446,-0.0046443248906916645,4.403282143175532,0.04888437113394814,0.9767207802315938,2.068994402679875,none,Ret_Vol_20,0,1,0.0,0.0,-0.17333333333333334,-0.23333333333333328
2019-03-27,1,0,0,0.46,0.4033333333333333,0.7765287894989963,0.90799192905946,0.2916,0.3560111111111111,0.003589481529391092,4.386344953532478,0.045034022832073334,0.7665315672200405,1.9980076584286255,none,Ret_Vol_20,0,1,0.0,0.0,-0.07999999999999996,-0.19333333333333336
2019-03-28,1,0,0,0.38333333333333336,0.41333333333333333,0.958850346292951,0.8835009090511642,0.3802777777777778,0.3441777777777778,0.0067342800173637585,4.370763678806438,0.04142581789971959,0.5844745152560625,1.9360755714693099,none,Ret_Vol_20,0,1,0.0,0.0,-0.23333333333333328,-0.17333333333333334
2019-03-29,1,0,1,0.37,0.54,0.9942522733438669,0.616186139423817,0.39690000000000003,0.21159999999999995,0.011568600124275408,4.356448887297189,0.04268020303817496,0.6680926614259055,1.9558114142580998,none,Ret_Vol_20,0,1,0.0,0.08000000000000007,-0.26,0.08000000000000007
2019-04-01,1,1,0,0.5233333333333333,0.4,0.647536669307893,0.916290731874155,0.2272111111111111,0.36,1.745570720723677e-05,4.343325580855869,0.038986880320794545,0.5429149746504953,1.911900788833735,none,Ret_Vol_20,0,1,0.046666666666666634,0.0,0.046666666666666634,-0.19999999999999996
2019-04-02,1,0,0,0.49333333333333335,0.4266666666666667,0.706570200892086,0.8517522107365838,0.25671111111111106,0.328711111111111,0.002148376881724312,4.331330399065655,0.037060523218783344,0.6880400410633558,1.9500623289109036,none,Ret_Vol_20,0,1,0.0,0.0,-0.013333333333333308,-0.1466666666666666
2019-04-03,1,0,0,0.49,0.38666666666666666,0.7133498878774648,0.9501922835498364,0.2601,0.3761777777777777,0.0020846350796801527,4.32040951159382,0.033652405739458296,0.9271767232126306,2.0164125433231552,none,Ret_Vol_20,0,1,0.0,0.0,-0.020000000000000018,-0.22666666666666668
2019-04-04,1,0,0,0.4533333333333333,0.43,0.7911275889201491,0.843970070294529,0.2988444444444444,0.3249000000000001,0.004636432770241061,4.310517005245787,0.035983335584192463,1.0577177194477771,2.0523171186079057,none,Ret_Vol_20,0,1,0.0,0.0,-0.09333333333333338,-0.14
2019-04-05,1,0,0,0.4666666666666667,0.39,0.7621400520468967,0.941608539858445,0.28444444444444444,0.3721,0.0010474599539205265,4.259156204459232,0.03417395951484983,1.281894036724049,2.0984828806553626,none,Ret_Vol_20,0,1,0.0,0.0,-0.06666666666666665,-0.21999999999999997
2019-04-08,0,0,0,0.37,0.44,0.4620354595965587,0.579818495252942,0.1369,0.1936,-0.006067494393846573,4.217081595740828,0.03525114714944073,1.1466529598660116,2.0414038704009667,none,Ret_Vol_20,0,1,0.0,0.0,-0.26,-0.12
2019-04-09,1,0,1,0.47333333333333333,0.5,0.7479554170549403,0.6931471805599453,0.2773777777777777,0.25,0.0034778715639784963,4.181413228166704,0.03717750425145193,1.125111964781944,2.0212521319767003,none,Ret_Vol_20,0,1,0.0,0.0,-0.053333333333333344,0.0
2019-04-10,1,0,0,0.39666666666666667,0.4633333333333333,0.9246589815446716,0.7693085415255093,0.36401111111111106,0.28801111111111105,3.8123067008344336e-05,4.150554038672619,0.037518892801880185,1.1788219912320823,2.0251238806792364,none,Ret_Vol_20,0,1,0.0,0.0,-0.20666666666666667,-0.07333333333333336
2019-04-11,1,0,1,0.47,0.5033333333333333,0.7550225842780328,0.6865026378412769,0.28090000000000004,0.2466777777777778,0.006609324208602496,4.1235163601837845,0.03772943894996983,1.1502030955919895,2.0057863044361017,none,Ret_Vol_20,0,1,0.0,0.006666666666666599,-0.06000000000000005,0.006666666666666599
2019-04-12,0,0,0,0.37666666666666665,0.4766666666666667,0.47267385780161447,0.647536669307893,0.14187777777777777,0.2272111111111111,-0.0006293691084816588,4.09964242199623,0.040467323474371514,1.0837083098729239,1.9771096588026806,none,Ret_Vol_20,0,1,0.0,0.0,-0.2466666666666667,-0.046666666666666634
2019-04-15,1,0,0,0.43666666666666665,0.41,0.8285851514550495,0.8915981192837836,0.3173444444444445,0.3481000000000001,0.0005093580038946222,4.078470192416319,0.0392129383359161,1.258456455649482,2.020688895162147,none,Ret_Vol_20,0,1,0.0,0.0,-0.1266666666666667,-0.18000000000000005
2019-04-16,0,0,0,0.36666666666666664,0.3466666666666667,0.456758402495715,0.4256678154256838,0.13444444444444442,0.12017777777777779,-0.0022738117853239315,4.05966200772204,0.03602555461143443,0.9718240187879641,1.9262196751086356,none,Ret_Vol_20,0,1,0.0,0.0,-0.2666666666666667,-0.30666666666666664
2019-04-17,1,1,0,0.5333333333333333,0.42,0.6286086594223742,0.8675005677047231,0.2177777777777778,0.3364000000000001,0.0015790922795098083,4.042963568101693,0.03476823512757435,1.1246366370452159,1.9650068888925145,none,Ret_Vol_20,0,1,0.06666666666666665,0.0,0.06666666666666665,-0.16000000000000003
2019-04-18,1,0,0,0.3433333333333333,0.44333333333333336,1.0690534864265653,0.8134333464344472,0.4312111111111112,0.30987777777777775,0.001012017561471401,4.024905109796782,0.03495089516258977,1.2218858916536015,1.9870130799635701,none,Ret_Vol_20,0,1,0.0,0.0,-0.31333333333333335,-0.11333333333333329
2019-04-22,1,0,0,0.3333333333333333,0.48333333333333334,1.0986122886681098,0.7270487322356266,0.44444444444444453,0.2669444444444444,0.008841205788409079,3.075180681727823,0.03606616500325743,1.2325883732510832,1.6106686341674314,none,Ret_Vol_20,0,1,0.0,0.0,-0.33333333333333337,-0.033333333333333326
2019-04-23,0,0,0,0.4266666666666667,0.4266666666666667,0.5562879978427482,0.5562879978427482,0.18204444444444448,0.18204444444444448,-0.002191763174733685,2.126988529015727,0.035157852381472274,1.0748839182909131,1.1838079428080066,none,Ret_Vol_20,0,1,0.0,0.0,-0.1466666666666666,-0.1466666666666666
2019-04-24,0,0,0,0.36666666666666664,0.2866666666666667,0.456758402495715,0.3378064596343495,0.13444444444444442,0.08217777777777778,-0.0003689736527457965,2.047462756214847,0.03890007960616665,0.7041498960378308,1.0419000951791382,none,Ret_Vol_20,0,1,0.0,0.0,-0.2666666666666667,-0.42666666666666664
2019-04-25,1,0,0,0.3566666666666667,0.29333333333333333,1.030953640194295,1.2264456601779945,0.41387777777777773,0.49937777777777775,0.0046852921407636305,1.9699452881962278,0.034871217943239434,1.2146564289242425,1.1628364093387358,none,Ret_Vol_20,0,1,0.0,0.0,-0.2866666666666666,-0.41333333333333333
2019-04-26,1,0,0,0.35333333333333333,0.30666666666666664,1.040343380544134,1.181993897607161,0.41817777777777787,0.48071111111111114,0.001071522174355355,1.9288318809555074,0.03342186530663519,1.6741470475452354,1.283803426237764,none,Ret_Vol_20,0,1,0.0,0.0,-0.29333333333333333,-0.3866666666666667
2019-04-29,1,0,0,0.36333333333333334,0.35333333333333333,1.0124345924270572,1.040343380544134,0.4053444444444445,0.41817777777777787,0.0009514170090862972,1.9057440985947254,0.029682624302509193,1.987572703248229,1.3674742377031115,none,Ret_Vol_20,0,1,0.0,0.0,-0.2733333333333333,-0.29333333333333333
2019-04-30,0,0,0,0.4166666666666667,0.32,0.5389965007326871,0.3856624808119848,0.17361111111111113,0.1024,-0.007502163081421376,0.9773898147963234,0.02555897052735462,1.6509921885893362,0.8939212736535365,none,Ret_Vol_20,0,1,0.0,0.0,-0.16666666666666663,-0.36
2019-05-01,0,0,0,0.48333333333333334,0.38,0.6603573577369546,0.4780358009429998,0.2336111111111111,0.1444,-0.0021239857917741967,0.9712875740059983,0.02323695795922707,1.4100850912848082,0.81851164437561,none,Ret_Vol_20,0,1,0.0,0.0,-0.033333333333333326,-0.24
2019-05-02,1,0,0,0.4166666666666667,0.4,0.8754687373538999,0.916290731874155,0.3402777777777777,0.36,0.009638279380647763,0.9384336691267702,0.021636149890027427,1.6048016204630802,0.8633047987566405,none,Ret_Vol_20,0,1,0.0,0.0,-0.16666666666666663,-0.19999999999999996
2019-05-03,0,0,0,0.45,0.39,0.5978370007556204,0.4942963218147801,0.2025,0.1521,-0.004470988428756373,0.902053343402015,0.022809982259440247,1.3805142380146234,0.781818603443025,none,Mom_Sum_20,0,1,0.0,0.0,-0.09999999999999998,-0.21999999999999997
2019-05-06,0,0,1,0.38,0.5066666666666667,0.4780358009429998,0.7065702008920861,0.1444,0.25671111111111117,-0.016511651392423388,0.8778050373184318,0.02335745752316907,1.3686567541677732,0.7687262784346555,none,Mom_Sum_20,0,1,0.0,0.01333333333333342,-0.24,0.01333333333333342
2019-05-07,0,1,0,0.5733333333333334,0.4,0.8517522107365839,0.5108256237659907,0.3287111111111111,0.16000000000000003,-0.0016054253132695706,0.8139582965719729,0.022655106089332397,1.163716258079096,0.6814947278793178,none,Ret_Vol_20,0,1,0.14666666666666672,0.0,0.14666666666666672,-0.19999999999999996
2019-05-08,0,0,0,0.45,0.36,0.5978370007556204,0.4462871026284195,0.2025,0.1296,-0.0030214249424966866,0.8013190482755318,0.02446932923516664,1.0899243355950492,0.6548457187592776,none,Ret_Vol_20,0,1,0.0,0.0,-0.09999999999999998,-0.28
2019-05-09,1,1,0,0.52,0.41,0.6539264674066639,0.8915981192837836,0.2304,0.3481000000000001,0.0037202972597878414,0.790530276965538,0.02538227768042954,1.07465095480476,0.6462220805317721,none,Ret_Vol_20,0,1,0.040000000000000036,0.0,0.040000000000000036,-0.18000000000000005
2019-05-10,0,0,0,0.47333333333333333,0.41,0.6411874416292344,0.5276327420823718,0.22404444444444443,0.16809999999999997,-0.02413055719884427,0.7814777561466579,0.025656386472198752,1.0975763559000933,0.6495609251703507,none,Ret_Vol_20,0,1,0.0,0.0,-0.053333333333333344,-0.18000000000000005
2019-05-13,1,1,0,0.5766666666666667,0.29333333333333333,0.5504908801584221,1.2264456601779945,0.17921111111111113,0.49937777777777775,0.008015944543135589,0.7792670394591759,0.027410871697172642,1.397884434686659,0.7392954076988199,none,Ret_Vol_20,0,1,0.15333333333333332,0.0,0.15333333333333332,-0.41333333333333333
2019-05-14,1,0,0,0.49,0.43333333333333335,0.7133498878774648,0.8362480242006186,0.2601,0.32111111111111107,0.00583897507464215,0.7782782972478878,0.028081049879399387,1.5141569288024912,0.7739827125037222,none,Ret_Vol_20,0,1,0.0,0.0,-0.020000000000000018,-0.1333333333333333
2019-05-15,1,1,0,0.52,0.4666666666666667,0.6539264674066639,0.7621400520468967,0.2304,0.28444444444444444,0.008895287120600504,0.7785046930835188,0.03128155283546715,1.5558194921698145,0.7875321907349919,none,Ret_Vol_20,0,1,0.040000000000000036,0.0,0.040000000000000036,-0.06666666666666665
2019-05-16,0,0,0,0.4633333333333333,0.3933333333333333,0.6223781096717381,0.49977578757940566,0.21467777777777777,0.1547111111111111,-0.005837333350761975,0.7799464726389678,0.03988689037612549,1.337714281670825,0.7252589406696722,none,Ret_Vol_20,0,1,0.0,0.0,-0.07333333333333336,-0.21333333333333337
2019-05-17,0,1,0,0.5333333333333333,0.3433333333333333,0.7621400520468967,0.4205787459182124,0.28444444444444444,0.11787777777777778,-0.0067493779153879885,0.7826109690739447,0.04009152019896135,1.0438690324427375,0.6382325534220875,none,Ret_Vol_20,0,1,0.06666666666666665,0.0,0.06666666666666665,-0.31333333333333335
2019-05-20,1,1,0,0.5333333333333333,0.37666666666666665,0.6286086594223742,0.9763946559438605,0.2177777777777778,0.3885444444444444,0.008495835590448308,0.6918503480472854,0.0402962783040073,1.3028285362196366,0.6796775835760074,none,Ret_Vol_20,0,1,0.06666666666666665,0.0,0.06666666666666665,-0.2466666666666667
2019-05-21,0,0,0,0.49333333333333335,0.4766666666666667,0.6799019538099248,0.647536669307893,0.2433777777777778,0.2272111111111111,-0.0028243962306494508,0.6965051120750214,0.04358034567897175,1.2337243543021483,0.6617934548243445,none,Ret_Vol_20,0,1,0.0,0.0,-0.013333333333333308,-0.046666666666666634
2019-05-22,0,1,0,0.5433333333333333,0.44333333333333336,0.7838015488280762,0.585788662239446,0.2952111111111111,0.19654444444444447,-0.01191414994527018,0.6413504232093512,0.0431856877639365,1.1043424146306617,0.6007986000021199,none,Ret_Vol_20,0,1,0.08666666666666667,0.0,0.08666666666666667,-0.11333333333333329
2019-05-23,1,1,0,0.61,0.38333333333333336,0.4942963218147801,0.958850346292951,0.1521,0.3802777777777778,0.0013535590072402126,0.6022586537069838,0.0438426851527393,1.3453146062973245,0.6576506489178127,none,Ret_Vol_20,0,1,0.21999999999999997,0.0,0.21999999999999997,-0.23333333333333328
2019-05-24,0,1,1,0.55,0.5633333333333334,0.7985076962177717,0.8285851514550495,0.30250000000000005,0.3173444444444445,-0.008375676922946718,0.5730962144036524,0.050829651814858545,1.4548050427213743,0.6809288941223308,none,Ret_Vol_20,0,1,0.10000000000000009,0.1266666666666667,0.10000000000000009,0.1266666666666667
2019-05-28,0,1,0,0.62,0.43666666666666665,0.9675840262617056,0.5738837597331276,0.3844,0.19067777777777775,-0.0069119122568113145,0.5510565468101908,0.05340235221413343,1.311172467372392,0.6297950646000339,none,Ret_Vol_20,0,1,0.24,0.0,0.24,-0.1266666666666667
2019-05-29,1,1,0,0.55,0.43,0.5978370007556204,0.843970070294529,0.20249999999999996,0.3249000000000001,0.0020984713906617714,0.5406605019009664,0.05726929138677814,1.4362664850018816,0.6643249336769844,none,Mom_Sum_20,0,1,0.10000000000000009,0.0,0.10000000000000009,-0.14
2019-05-30,0,1,0,0.52,0.4,0.7339691750802004,0.5108256237659907,0.27040000000000003,0.16000000000000003,-0.01319537280847849,0.5406605019009664,0.05596722900878766,1.2304293585379293,0.6021831770244016,none,Mom_Sum_20,0,1,0.040000000000000036,0.0,0.040000000000000036,-0.19999999999999996
2019-05-31,0,1,1,0.6,0.54,0.916290731874155,0.7765287894989964,0.36,0.2916,-0.0027652403144732274,0.5406605019009664,0.05634312375930274,1.2896652289725716,0.6200667065799489,none,Mom_Sum_20,0,1,0.19999999999999996,0.08000000000000007,0.19999999999999996,0.08000000000000007
2019-06-03,1,1,1,0.62,0.5433333333333333,0.4780358009429998,0.6100322738494387,0.1444,0.20854444444444445,0.021432370568193138,0.5406605019009664,0.051994434323698935,1.1835218821453117,0.5869190957010898,none,Mom_Sum_20,0,1,0.24,0.08666666666666667,0.24,0.08666666666666667
2019-06-04,1,1,0,0.5066666666666667,0.30333333333333334,0.6799019538099246,1.192922968139351,0.24337777777777775,0.4853444444444444,0.008161854781411959,0.535658078566476,0.0518129389827975,1.6553543085001015,0.7264134056714601,none,Mom_Sum_20,0,1,0.01333333333333342,0.0,0.01333333333333342,-0.3933333333333333
2019-06-05,1,0,0,0.48,0.35333333333333333,0.7339691750802004,1.040343380544134,0.27040000000000003,0.41817777777777787,0.006135586748687638,0.535658078566476,0.05262112304971445,1.9713494652315156,0.8214544079109594,none,Mom_Sum_20,0,1,0.0,0.0,-0.040000000000000036,-0.29333333333333333
2019-06-06,1,1,0,0.5066666666666667,0.39,0.6799019538099246,0.941608539858445,0.24337777777777775,0.3721,0.01049769746289475,0.535658078566476,0.056008967042205135,2.186415232630314,0.8869904913283462,none,Mom_Sum_20,0,1,0.01333333333333342,0.0,0.01333333333333342,-0.21999999999999997
2019-06-07,1,1,0,0.54,0.43,0.616186139423817,0.843970070294529,0.21159999999999995,0.3249000000000001,0.0046600444669098184,0.535734114695003,0.05403549506750166,2.3026682574868476,0.9213047716443059,none,Ret_Vol_20,0,1,0.08000000000000007,0.0,0.08000000000000007,-0.14
2019-06-10,0,1,0,0.58,0.4766666666666667,0.867500567704723,0.647536669307893,0.3364,0.2272111111111111,-0.00034988023558091275,0.5524963839768597,0.05403549506750166,2.2232817464669443,0.9041937260510776,none,Ret_Vol_20,0,1,0.15999999999999992,0.0,0.15999999999999992,-0.046666666666666634
2019-06-11,0,1,0,0.5766666666666667,0.38333333333333336,0.8595953881976097,0.4834266495778762,0.3325444444444444,0.14694444444444446,-0.0020375791387226005,0.5748903873368798,0.05223663925505773,1.9821724366067293,0.840278877693288,none,Ret_Vol_20,0,1,0.15333333333333332,0.0,0.15333333333333332,-0.23333333333333328
2019-06-12,1,1,0,0.5133333333333333,0.49666666666666665,0.666829872242572,0.699836168710742,0.23684444444444447,0.25334444444444454,0.004097381912668174,0.6044365011151951,0.05105329703574285,1.9577124496728495,0.8444043244586557,none,Ret_Vol_20,0,1,0.026666666666666616,0.0,0.026666666666666616,-0.00666666666666671
2019-06-13,0,0,0,0.46,0.41333333333333333,0.616186139423817,0.5332984796180493,0.2116,0.17084444444444444,-0.001611511904139773,0.6439604922413229,0.0503417966193087,1.7685512897619171,0.8032521228108969,none,Ret_Vol_20,0,1,0.0,0.0,-0.07999999999999996,-0.17333333333333334
2019-06-14,1,0,0,0.39666666666666667,0.49666666666666665,0.9246589815446716,0.699836168710742,0.36401111111111106,0.25334444444444454,0.0009317492412306283,0.7054847545516575,0.05234216718095359,1.746143280570518,0.8217395361461044,none,Ret_Vol_20,0,1,0.0,0.0,-0.20666666666666667,-0.00666666666666671
2019-06-17,1,0,1,0.4033333333333333,0.5,0.90799192905946,0.6931471805599453,0.3560111111111111,0.25,0.009717399870633026,0.80176816365798,0.055529550905435265,1.7173207832032484,0.8525623656957971,none,Ret_Vol_20,0,1,0.0,0.0,-0.19333333333333336,0.0
2019-06-18,1,0,0,0.45666666666666667,0.48,0.7838015488280762,0.7339691750802004,0.2952111111111111,0.27040000000000003,0.002985163546397107,1.7722099378663825,0.05563816265227742,1.7292081355230287,1.2443378645991447,none,Ret_Vol_20,0,1,0.0,0.0,-0.08666666666666667,-0.040000000000000036
2019-06-19,1,0,0,0.4066666666666667,0.3233333333333333,0.8997614299229445,1.1290714961528183,0.3520444444444444,0.4578777777777779,0.009472185190685156,1.8105380180827348,0.051627783396875404,2.1324293860136456,1.3794323580562504,none,Ret_Vol_20,0,1,0.0,0.0,-0.18666666666666665,-0.3533333333333334
2019-06-20,0,0,0,0.46,0.2833333333333333,0.616186139423817,0.33314444652853825,0.2116,0.08027777777777777,-0.0012592227925193322,1.858283013283459,0.05177869496209762,1.7433263923766211,1.2818447315149992,none,Ret_Vol_20,0,1,0.0,0.0,-0.07999999999999996,-0.43333333333333335
2019-06-21,0,1,0,0.53,0.36,0.7550225842780328,0.4462871026284195,0.28090000000000004,0.1296,-0.0017318870104667816,1.9216326517470212,0.049840484363206164,1.4698747851807248,1.224567641561988,none,Ret_Vol_20,0,1,0.06000000000000005,0.0,0.06000000000000005,-0.28
2019-06-24,0,1,0,0.51,0.3566666666666667,0.7133498878774648,0.44109228575131554,0.2601,0.12721111111111114,-0.009496397343734198,2.019423077335075,0.0469873308653356,1.1937386892525264,1.1799870369693886,none,Ret_Vol_20,0,1,0.020000000000000018,0.0,0.020000000000000018,-0.2866666666666666
2019-06-25,0,1,0,0.54,0.4,0.7765287894989964,0.5108256237659907,0.2916,0.16000000000000003,-0.0012339337557076835,2.984518488273347,0.05614470998971945,1.3134894443807592,1.6046976416204826,none,Ret_Vol_20,0,1,0.08000000000000007,0.0,0.08000000000000007,-0.19999999999999996
2019-06-26,1,0,0,0.44333333333333336,0.4166666666666667,0.8134333464344472,0.8754687373538999,0.30987777777777775,0.3402777777777777,0.003823175554131808,2.9945982739436587,0.0543865538212237,1.1548228727573544,1.560602137551037,none,Ret_Vol_20,0,1,0.0,0.0,-0.11333333333333329,-0.16666666666666663
2019-06-27,1,0,0,0.35,0.37333333333333335,1.0498221244986778,0.9852836033611064,0.42250000000000004,0.3927111111111112,0.0057574526279098315,2.9945982739436587,0.05270237491727309,1.4139717220300114,1.6378415386616487,none,Ret_Vol_20,0,1,0.0,0.0,-0.30000000000000004,-0.2533333333333333
2019-06-28,1,0,0,0.4533333333333333,0.38333333333333336,0.7911275889201491,0.958850346292951,0.2988444444444444,0.3802777777777778,0.007672301032188189,2.9788603912511578,0.05659105559439948,1.6515805146081797,1.703995627561237,none,Ret_Vol_20,0,1,0.0,0.0,-0.09333333333333338,-0.23333333333333328
2019-07-01,1,0,0,0.43333333333333335,0.38333333333333336,0.8362480242006186,0.958850346292951,0.32111111111111107,0.3802777777777778,0.002928125887423194,2.9648538166336826,0.05738236023408331,1.8871409555261915,1.7692985213815557,none,Ret_Vol_20,0,1,0.0,0.0,-0.1333333333333333,-0.23333333333333328
2019-07-02,1,0,0,0.41,0.38333333333333336,0.8915981192837836,0.958850346292951,0.3481000000000001,0.3802777777777778,0.007672378673070135,2.9447442931579246,0.057274320608059884,2.12068805934234,1.83128643124829,none,Ret_Vol_20,0,1,0.0,0.0,-0.18000000000000005,-0.23333333333333328
2019-07-03,0,0,0,0.49,0.48,0.6733445532637656,0.6539264674066639,0.24009999999999998,0.2304,-0.00180590159841032,2.9270294473493825,0.05779890648578251,2.0499161721965242,1.803126302544445,none,Ret_Vol_20,0,1,0.0,0.0,-0.020000000000000018,-0.040000000000000036
2019-07-05,0,0,0,0.48333333333333334,0.49666666666666665,0.6603573577369546,0.6865026378412766,0.2336111111111111,0.24667777777777775,-0.004835444424841517,2.9114591851409855,0.058204051349323965,2.0120414278946597,1.7856573178295894,none,Ret_Vol_20,0,1,0.0,0.0,-0.033333333333333326,-0.00666666666666671
2019-07-08,1,0,0,0.48,0.49666666666666665,0.7339691750802004,0.699836168710742,0.27040000000000003,0.25334444444444454,0.0012365569653400854,2.8731311049246333,0.057850929705118764,1.9877047245741966,1.7629191382536478,none,Ret_Vol_20,0,1,0.0,0.0,-0.040000000000000036,-0.00666666666666671
2019-07-09,1,0,0,0.42333333333333334,0.43,0.8595953881976097,0.843970070294529,0.3325444444444444,0.3249000000000001,0.0045106896075925995,2.8413491264912722,0.0587035481640458,2.106511863347741,1.7861042740500448,none,Ret_Vol_20,0,1,0.0,0.0,-0.15333333333333332,-0.14
2019-07-10,1,0,0,0.39,0.34,0.941608539858445,1.0788096613719298,0.3721,0.4355999999999999,0.002285226738359958,2.814526300339375,0.05696579783316339,2.457259849511384,1.8800782143391142,none,Ret_Vol_20,0,1,0.0,0.0,-0.21999999999999997,-0.31999999999999995
2019-07-11,1,0,0,0.34,0.3433333333333333,1.0788096613719298,1.0690534864265653,0.4355999999999999,0.4312111111111112,0.004620174547884881,2.791686191236233,0.054368039521865905,2.795479369581546,1.9716286992255168,none,Ret_Vol_20,0,1,0.0,0.0,-0.31999999999999995,-0.31333333333333335
2019-07-12,1,0,0,0.3466666666666667,0.3566666666666667,1.0593915755148284,1.030953640194295,0.4268444444444444,0.41387777777777773,0.00017586919155743175,2.772183547811232,0.050508110346460924,3.093178723469132,2.051979469269171,none,Ret_Vol_20,0,1,0.0,0.0,-0.30666666666666664,-0.2866666666666666
2019-07-15,0,0,0,0.39666666666666667,0.38333333333333336,0.5052854433903754,0.4834266495778762,0.15734444444444445,0.14694444444444446,-0.003403778522185874,2.764309794894671,0.05286952799952904,2.84534970783413,1.975189688707966,none,Ret_Vol_20,0,1,0.0,0.0,-0.20666666666666667,-0.23333333333333328
2019-07-16,0,0,0,0.4,0.4033333333333333,0.5108256237659907,0.516396668815446,0.16000000000000003,0.16267777777777775,-0.006531243569450895,2.7596715643816596,0.04972525021777701,2.6321959415668363,1.9084449832880481,none,Ret_Vol_20,0,1,0.0,0.0,-0.19999999999999996,-0.19333333333333336
2019-07-17,1,1,0,0.52,0.38333333333333336,0.6539264674066639,0.958850346292951,0.2304,0.3802777777777778,0.003581997784064761,2.7581392890247973,0.053278282244754546,2.8596903416651562,1.9771463027828922,none,Ret_Vol_20,0,1,0.040000000000000036,0.0,0.040000000000000036,-0.23333333333333328
2019-07-18,0,0,0,0.4666666666666667,0.4266666666666667,0.6286086594223742,0.5562879978427482,0.2177777777777778,0.18204444444444448,-0.00617673452276668,2.7596715643816596,0.052029109119164314,2.685990111659772,1.9252743919863446,none,Ret_Vol_20,0,1,0.0,0.0,-0.06666666666666665,-0.1466666666666666
2019-07-19,1,1,0,0.5666666666666667,0.3466666666666667,0.5679840376059393,1.0593915755148284,0.1877777777777778,0.4268444444444444,0.002828694915066654,2.7596715643816596,0.05005505432514109,3.0128399450034706,2.0227371255512474,none,Ret_Vol_20,0,1,0.1333333333333333,0.0,0.1333333333333333,-0.30666666666666664
2019-07-22,1,0,0,0.39,0.3933333333333333,0.941608539858445,0.9330978501905364,0.3721,0.36804444444444445,0.006847482673755456,2.762263190254787,0.05332357363798505,3.21185331373042,2.0844583423124363,none,Ret_Vol_20,0,1,0.0,0.0,-0.21999999999999997,-0.21333333333333337
2019-07-23,1,0,0,0.49333333333333335,0.48,0.706570200892086,0.7339691750802004,0.25671111111111106,0.27040000000000003,0.004688147952890187,2.762263190254787,0.05738944775040699,3.2117388875484334,2.0856437766915668,none,Ret_Vol_20,0,1,0.0,0.0,-0.013333333333333308,-0.040000000000000036
2019-07-24,0,0,0,0.4166666666666667,0.4033333333333333,0.5389965007326871,0.516396668815446,0.17361111111111113,0.16267777777777775,-0.005262401280453521,2.7673515479244704,0.056158208533241855,2.9957010985293193,2.0224984112885567,none,Ret_Vol_20,0,1,0.0,0.0,-0.16666666666666663,-0.19333333333333336
2019-07-25,1,1,0,0.53,0.4266666666666667,0.6348782724359695,0.8517522107365838,0.22089999999999999,0.328711111111111,0.007387691099234761,2.7751922753876936,0.057918101008350174,3.1141217254696736,2.061688858098485,none,Ret_Vol_20,0,1,0.06000000000000005,0.0,0.06000000000000005,-0.1466666666666666
2019-07-26,0,0,0,0.36,0.42333333333333334,0.4462871026284195,0.5504908801584221,0.1296,0.17921111111111113,-0.0016161146071345112,2.78596906535964,0.05919824887953662,2.9326455046948348,2.0119407522161676,none,Ret_Vol_20,0,1,0.0,0.0,-0.28,-0.15333333333333332
2019-07-29,0,0,0,0.37666666666666665,0.36666666666666664,0.47267385780161447,0.456758402495715,0.14187777777777777,0.13444444444444442,-0.0025786549148275606,2.7999590685820674,0.06594948319933358,2.659475389208678,1.9376110891552307,none,Ret_Vol_20,0,1,0.0,0.0,-0.2466666666666667,-0.2666666666666667
2019-07-30,0,0,0,0.46,0.38666666666666666,0.616186139423817,0.4888467170472155,0.2116,0.1495111111111111,-0.010885526112695776,2.8088192860952037,0.12022380371116902,2.420166248575012,1.8856447301239356,none,Ret_Vol_20,0,1,0.0,0.0,-0.07999999999999996,-0.22666666666666668
2019-07-31,0,1,0,0.69,0.39666666666666667,1.1711829815029449,0.5052854433903754,0.4760999999999999,0.15734444444444445,-0.00899879386967306,2.8088192860952037,0.11748324795174084,2.198922625629692,1.8184494765125114,none,Ret_Vol_20,0,1,0.3799999999999999,0.0,0.3799999999999999,-0.20666666666666667
2019-08-01,0,1,0,0.6133333333333333,0.3466666666666667,0.9501922835498363,0.4256678154256838,0.3761777777777777,0.12017777777777779,-0.007282739927037873,2.804626654547226,0.12253549190358388,1.9002415287117822,1.7286837680035,none,Ret_Vol_20,0,1,0.22666666666666657,0.0,0.22666666666666657,-0.30666666666666664
2019-08-02,0,1,0,0.56,0.37666666666666665,0.8209805520698303,0.47267385780161447,0.31360000000000005,0.14187777777777777,-0.0297778200029859,2.8047900886409023,0.12417841529369933,1.6503770860729827,1.6542826858663655,none,Ret_Vol_20,0,1,0.1200000000000001,0.0,0.1200000000000001,-0.2466666666666667
2019-08-05,1,1,0,0.5666666666666667,0.3466666666666667,0.5679840376059393,1.0593915755148284,0.1877777777777778,0.4268444444444444,0.013017017169932643,2.8242927320659033,0.12111874473799328,1.9848242663254374,1.7614999961453908,none,Ret_Vol_20,0,1,0.1333333333333333,0.0,0.1333333333333333,-0.30666666666666664
2019-08-06,1,1,0,0.5466666666666666,0.2,0.6039160468320027,1.6094379124341003,0.20551111111111114,0.6400000000000001,0.0007668762331907164,2.840421206943609,0.19843235494025052,2.863044779829279,2.0546116232083023,none,Ret_Vol_20,0,1,0.09333333333333327,0.0,0.09333333333333327,-0.6
2019-08-07,1,1,0,0.57,0.28,0.5621189181535413,1.2729656758128873,0.18490000000000004,0.5184,0.018762303409984193,2.860913811659076,0.1922826231517364,3.4009779280014665,2.222343690009591,none,Ret_Vol_20,0,1,0.1399999999999999,0.0,0.1399999999999999,-0.43999999999999995
2019-08-08,0,1,0,0.53,0.32,0.7550225842780328,0.3856624808119848,0.28090000000000004,0.1024,-0.00661660635492356,2.8733604467651075,0.18634291625382998,3.054051028353372,2.1214623620882036,none,Ret_Vol_20,0,1,0.06000000000000005,0.0,0.06000000000000005,-0.36
2019-08-09,0,1,0,0.5166666666666667,0.37,0.7270487322356267,0.4620354595965587,0.2669444444444445,0.1369,-0.012317322177972212,2.888905762248219,0.1843240632846599,2.7853759541625145,2.04647231013344,none,Ret_Vol_20,0,1,0.03333333333333344,0.0,0.03333333333333344,-0.26
2019-08-12,1,1,0,0.5033333333333333,0.24333333333333335,0.6865026378412769,1.41332303350781,0.2466777777777778,0.5725444444444443,0.015131688322181258,2.907972920673265,0.16963339464975816,3.4632807814710436,2.2530634211055465,none,Ret_Vol_20,0,1,0.006666666666666599,0.0,0.006666666666666599,-0.5133333333333333
2019-08-13,0,0,0,0.49666666666666665,0.36,0.6865026378412766,0.4462871026284195,0.24667777777777775,0.1296,-0.029292752911742603,1.9767135840281598,0.17365990478660043,3.17613002792464,1.7956224134246361,none,Ret_Vol_20,0,1,0.0,0.0,-0.00666666666666671,-0.28
2019-08-14,1,1,0,0.5766666666666667,0.33,0.5504908801584221,1.1086626245216111,0.17921111111111113,0.4488999999999999,0.0024642680276520945,1.8820511082611011,0.17100771016804386,3.5488022468268925,1.8687634304029213,none,Ret_Vol_20,0,1,0.15333333333333332,0.0,0.15333333333333332,-0.33999999999999997
2019-08-15,1,1,0,0.53,0.33,0.6348782724359695,1.1086626245216111,0.22089999999999999,0.4488999999999999,0.014426124657807904,1.8219668649580598,0.16868569759991636,3.9189564101960213,1.9550793783220053,none,Ret_Vol_20,0,1,0.06000000000000005,0.0,0.06000000000000005,-0.33999999999999997
2019-08-16,1,0,0,0.47333333333333333,0.39,0.7479554170549403,0.941608539858445,0.2773777777777777,0.3721,0.012105865492430645,0.8540701209855921,0.16868569759991636,4.1206934011254335,1.6284417780118419,none,Ret_Vol_20,0,1,0.0,0.0,-0.053333333333333344,-0.21999999999999997
2019-08-19,0,1,0,0.5166666666666667,0.41,0.7270487322356267,0.5276327420823718,0.2669444444444445,0.16809999999999997,-0.007914727601131322,0.760458070254294,0.16868569759991636,3.909869519657751,1.5277497932790178,none,Ret_Vol_20,0,1,0.03333333333333344,0.0,0.03333333333333344,-0.18000000000000005
2019-08-20,1,0,0,0.44333333333333336,0.37666666666666665,0.8134333464344472,0.9763946559438605,0.30987777777777775,0.3885444444444444,0.00824679859557964,0.7017440579531691,0.1668333413841687,4.1462318034926575,1.5746171666443154,none,Ret_Vol_20,0,1,0.0,0.0,-0.11333333333333329,-0.2466666666666667
2019-08-21,0,1,0,0.57,0.45,0.8439700702945289,0.5978370007556204,0.32489999999999997,0.2025,-0.0005060748601761755,0.6589788947609148,0.1675255560745882,4.00497192800349,1.5153408031277895,none,Ret_Vol_20,0,1,0.1399999999999999,0.0,0.1399999999999999,-0.09999999999999998
2019-08-22,0,1,0,0.57,0.43666666666666665,0.8439700702945289,0.5738837597331276,0.32489999999999997,0.19067777777777775,-0.025946336754618105,0.6259578038553906,0.1677643446492799,3.8408386357827564,1.4529640156717671,none,Ret_Vol_20,0,1,0.1399999999999999,0.0,0.1399999999999999,-0.1266666666666667
2019-08-23,1,1,0,0.5766666666666667,0.3466666666666667,0.5504908801584221,1.0593915755148284,0.17921111111111113,0.4268444444444444,0.010982987735216332,0.5998203334043831,0.1674282136387576,4.160126311788132,1.5381944909898202,none,Ret_Vol_20,0,1,0.15333333333333332,0.0,0.15333333333333332,-0.30666666666666664
2019-08-26,0,1,1,0.5466666666666666,0.5033333333333333,0.791127588920149,0.6998361687107418,0.2988444444444444,0.2533444444444444,-0.003203180635808267,0.5790034801726333,0.16725558471112617,4.120118372801027,1.5178135793226992,none,Ret_Vol_20,0,1,0.09333333333333327,0.006666666666666599,0.09333333333333327,0.006666666666666599
2019-08-27,1,1,0,0.5433333333333333,0.35,0.6100322738494387,1.0498221244986778,0.20854444444444445,0.42250000000000004,0.006545480165679685,0.5625646900812149,0.16730496784641416,4.428109351032621,1.6036501716961964,none,Ret_Vol_20,0,1,0.08666666666666667,0.0,0.08666666666666667,-0.30000000000000004
2019-08-28,1,0,0,0.49333333333333335,0.37,0.706570200892086,0.9942522733438669,0.25671111111111106,0.39690000000000003,0.012687291793508804,0.5580260706129679,0.16568903700523058,4.6789227002299345,1.6765939494157367,none,Ret_Vol_20,0,1,0.0,0.0,-0.013333333333333308,-0.26
2019-08-29,1,0,0,0.4066666666666667,0.3566666666666667,0.8997614299229445,1.030953640194295,0.3520444444444444,0.41387777777777773,0.0006427872591217021,0.5578632664207125,0.16397141175496655,4.9646177028849685,1.7617220409602654,none,Ret_Vol_20,0,1,0.0,0.0,-0.18666666666666665,-0.2866666666666666
2019-08-30,0,1,0,0.53,0.37666666666666665,0.7550225842780328,0.47267385780161447,0.28090000000000004,0.14187777777777777,-0.00689910050906084,0.562074391825478,0.16271409227110645,4.6937472928312065,1.681768172260885,none,Ret_Vol_20,0,1,0.06000000000000005,0.0,0.06000000000000005,-0.2466666666666667
2019-09-03,1,0,0,0.49666666666666665,0.29,0.699836168710742,1.2378743560016174,0.25334444444444454,0.5041,0.010842079212828093,0.5708642760926621,0.1633360006405027,5.184987817926534,1.832842856007176,none,Ret_Vol_20,0,1,0.0,0.0,-0.00666666666666671,-0.42000000000000004
2019-09-04,1,1,0,0.5533333333333333,0.3933333333333333,0.5917946862996578,0.9330978501905364,0.1995111111111111,0.36804444444444445,0.013009813642266721,0.5846906526461453,0.16357877090353884,5.370293675600319,1.8940379950096153,none,Ret_Vol_20,0,1,0.10666666666666669,0.0,0.10666666666666669,-0.21333333333333337
2019-09-05,1,1,0,0.5,0.3333333333333333,0.6931471805599453,1.0986122886681098,0.25,0.44444444444444453,0.0009106051537297599,0.6043821911689331,0.16081167109465028,5.718948414368027,2.0056809021063766,none,Ret_Vol_20,0,1,0.0,0.0,0.0,-0.33333333333333337
2019-09-06,0,0,0,0.4766666666666667,0.30333333333333334,0.647536669307893,0.3614482226913901,0.2272111111111111,0.09201111111111111,-9.401025965849463e-05,0.5953913631668126,0.1572711657259634,5.332822579963978,1.8851846689737075,none,Ret_Vol_20,0,1,0.0,0.0,-0.046666666666666634,-0.3933333333333333
2019-09-09,1,1,0,0.5033333333333333,0.34,0.6865026378412769,1.0788096613719298,0.2466777777777778,0.4355999999999999,0.0003223043548219451,0.6043821911689331,0.15616779215235876,5.662038454946101,1.9872147505971112,none,Ret_Vol_20,0,1,0.006666666666666599,0.0,0.006666666666666599,-0.31999999999999995
2019-09-10,1,0,0,0.49333333333333335,0.3466666666666667,0.706570200892086,1.0593915755148284,0.25671111111111106,0.4268444444444444,0.007229681189480308,0.6346702697057955,0.15661882041156983,5.9699586817127885,2.0918413585196256,none,Ret_Vol_20,0,1,0.0,0.0,-0.013333333333333308,-0.30666666666666664
2019-09-11,1,0,0,0.49666666666666665,0.34,0.699836168710742,1.0788096613719298,0.25334444444444454,0.4355999999999999,0.002879153101061016,0.6452685466177837,0.15432665052976413,6.295325076790651,2.193002936843238,none,Ret_Vol_20,0,1,0.0,0.0,-0.00666666666666671,-0.31999999999999995
2019-09-12,0,0,0,0.36,0.3333333333333333,0.4462871026284195,0.4054651081081643,0.1296,0.1111111111111111,-0.0007244143620946941,0.6731781023191964,0.15287473233045218,5.949430620150772,2.099962846672046,none,Ret_Vol_20,0,1,0.0,0.0,-0.28,-0.33333333333333337
2019-09-13,0,0,0,0.37,0.37666666666666665,0.4620354595965587,0.47267385780161447,0.1369,0.14187777777777777,-0.0031355866640028207,0.6759190597690796,0.15405807454976705,5.672403756698071,2.0183061732819834,none,Ret_Vol_20,0,1,0.0,0.0,-0.26,-0.2466666666666667
2019-09-16,1,0,0,0.37,0.4166666666666667,0.9942522733438669,0.8754687373538999,0.39690000000000003,0.3402777777777777,0.0025817523700197853,0.6800552355167306,0.1588619376145324,5.79742758335328,2.058908950497036,none,Ret_Vol_20,0,1,0.0,0.0,-0.26,-0.16666666666666663
2019-09-17,1,0,0,0.34,0.31,1.0788096613719298,1.171182981502945,0.4355999999999999,0.4760999999999999,0.00034269198975556137,0.7158427823392601,0.1564389868922259,6.215690724329273,2.197976026302154,none,Ret_Vol_20,0,1,0.0,0.0,-0.31999999999999995,-0.38
2019-09-18,1,0,0,0.38666666666666666,0.4066666666666667,0.9501922835498364,0.8997614299229445,0.3761777777777777,0.3520444444444444,1.997472142156731e-05,0.761154141303355,0.16087124590526092,6.361673590980261,2.2612251075869985,none,Ret_Vol_20,0,1,0.0,0.0,-0.22666666666666668,-0.18666666666666665
2019-09-19,0,0,0,0.44666666666666666,0.37666666666666665,0.5917946862996578,0.47267385780161447,0.1995111111111111,0.14187777777777777,-0.0048955765157830955,0.8156905259238006,0.1614777586873215,6.082203215192885,2.199380502533582,none,Ret_Vol_20,0,1,0.0,0.0,-0.10666666666666669,-0.2466666666666667
2019-09-20,0,1,0,0.6033333333333334,0.39666666666666667,0.9246589815446719,0.5052854433903754,0.3640111111111112,0.15734444444444445,-9.693591923765066e-05,1.7702750054784113,0.1677158956909026,5.836771354417383,2.50945617722385,none,Ret_Vol_20,0,1,0.20666666666666678,0.0,0.20666666666666678,-0.20666666666666667
2019-09-23,0,0,0,0.3466666666666667,0.35,0.4256678154256838,0.4307829160924542,0.12017777777777779,0.12249999999999998,-0.008416371322106486,1.8285072683262862,0.167109382908842,5.5186756697236925,2.437138423120275,none,Ret_Vol_20,0,1,0.0,0.0,-0.30666666666666664,-0.30000000000000004
2019-09-24,1,1,0,0.5266666666666666,0.38,0.6411874416292344,0.9675840262617056,0.2240444444444445,0.3844,0.006158571742003405,2.7597666049713916,0.16623705901533023,5.7361313499108215,2.874617164666402,moderate,Ret_Vol_20,1,1,0.05333333333333323,0.0,0.05333333333333323,-0.24
2019-09-25,0,0,1,0.35333333333333333,0.54,0.43592431559287287,0.7765287894989964,0.12484444444444444,0.2916,-0.002428916406865711,1.9005962495065551,0.0005840469922093277,0.0,0.7604137139002849,none,Ret_Vol_20,0,1,0.0,0.08000000000000007,-0.29333333333333333,0.08000000000000007
2019-09-26,0,0,1,0.42,0.5333333333333333,0.5447271754416719,0.7621400520468967,0.17639999999999997,0.28444444444444444,-0.005316352490240539,2.801567507614798,0.0019721473165702228,0.007194368726049838,1.1233769578587054,none,Ret_Vol_20,0,1,0.0,0.06666666666666665,-0.16000000000000003,0.06666666666666665
2019-09-27,1,0,0,0.48,0.49,0.7339691750802004,0.7133498878774648,0.27040000000000003,0.2601,0.005047606675254723,2.7860221921316866,0.0023084640548828757,0.04451739065637106,1.128456633266051,none,Ret_Vol_20,0,1,0.0,0.0,-0.040000000000000036,-0.020000000000000018
2019-09-30,0,0,1,0.36333333333333334,0.6033333333333334,0.4515090466095711,0.9246589815446719,0.1320111111111111,0.3640111111111112,-0.012258373372913245,2.7860221921316866,0.05766727858372159,0.13048955380266436,1.1708559265685905,none,Ret_Vol_20,0,1,0.0,0.20666666666666678,-0.2733333333333333,0.20666666666666678
2019-10-01,0,1,0,0.5,0.49,0.6931471805599453,0.6733445532637656,0.25,0.24009999999999998,-0.017903202985502964,2.759930485724538,0.06224611742739356,0.09665989958259347,1.1516439993928114,none,Ret_Vol_20,0,1,0.0,0.0,0.0,-0.020000000000000018
2019-10-02,1,1,1,0.5233333333333333,0.5266666666666666,0.647536669307893,0.6411874416292344,0.2272111111111111,0.2240444444444445,0.00797191259701524,2.736656875886164,0.062451653325205435,0.20400740893019742,1.1746004690310865,none,Ret_Vol_20,0,1,0.046666666666666634,0.05333333333333323,0.046666666666666634,0.05333333333333323
2019-10-03,1,1,1,0.5,0.59,0.6931471805599453,0.527632742082372,0.25,0.16810000000000003,0.014216897585460186,2.7258563809662153,0.06380453634794961,0.3933521594111685,1.2274895611142216,none,Ret_Vol_20,0,1,0.0,0.17999999999999994,0.0,0.17999999999999994
2019-10-04,0,0,0,0.43666666666666665,0.44666666666666666,0.5738837597331276,0.5917946862996578,0.19067777777777775,0.1995111111111111,-0.004478294673592398,2.687972161742529,0.061502284495423304,0.5028871148918932,1.2445056845132065,none,Ret_Vol_20,0,1,0.0,0.0,-0.1266666666666667,-0.10666666666666669
2019-10-07,0,0,0,0.4866666666666667,0.45666666666666667,0.666829872242572,0.6100322738494387,0.23684444444444447,0.20854444444444445,-0.015560819201407838,2.6566532994689687,0.058731314437174706,0.5840403308305099,1.255492813367893,none,Ret_Vol_20,0,1,0.0,0.0,-0.026666666666666616,-0.08666666666666667
2019-10-08,1,1,1,0.5166666666666667,0.5566666666666666,0.6603573577369544,0.585788662239446,0.23361111111111105,0.19654444444444447,0.0091044925499415,2.6566532994689687,0.06128593248552293,0.6788974756242583,1.284716342220522,none,Ret_Vol_20,0,1,0.03333333333333344,0.11333333333333329,0.03333333333333344,0.11333333333333329
2019-10-09,1,1,0,0.5133333333333333,0.44333333333333336,0.666829872242572,0.8134333464344472,0.23684444444444447,0.30987777777777775,0.006415695380997066,2.6566532994689687,0.05900070689091164,0.5581815307140285,1.2478159910690698,none,Ret_Vol_20,0,1,0.026666666666666616,0.0,0.026666666666666616,-0.11333333333333329
2019-10-10,1,0,1,0.4766666666666667,0.55,0.7409378443962937,0.5978370007556204,0.2738777777777778,0.20249999999999996,0.010938977513132997,2.6566532994689687,0.06323874000347507,0.6451552314185758,1.2751795112142028,none,Ret_Vol_20,0,1,0.0,0.10000000000000009,-0.046666666666666634,0.10000000000000009
2019-10-11,0,0,1,0.44333333333333336,0.55,0.585788662239446,0.7985076962177717,0.19654444444444447,0.30250000000000005,-0.0013871187334510982,2.6566532994689687,0.06642612372795673,0.5402041593346335,1.2446504047063647,none,Ret_Vol_20,0,1,0.0,0.10000000000000009,-0.11333333333333329,0.10000000000000009
2019-10-14,1,0,0,0.4166666666666667,0.4266666666666667,0.8754687373538999,0.8517522107365838,0.3402777777777777,0.328711111111111,0.009955676641137279,2.6566532994689687,0.0667220378302478,0.3933082574892187,1.2006704083834274,none,Ret_Vol_20,0,1,0.0,0.0,-0.16666666666666663,-0.1466666666666666
2019-10-15,0,1,1,0.5233333333333333,0.6633333333333333,0.7409378443962937,1.0886619578149417,0.2738777777777778,0.44001111111111113,-0.0019995427986508885,2.6566532994689687,0.12399022180149459,0.6438078237972273,1.2930007334672042,none,Ret_Vol_20,0,1,0.046666666666666634,0.32666666666666666,0.046666666666666634,0.32666666666666666
2019-10-16,1,0,1,0.49,0.58,0.7133498878774648,0.5447271754416722,0.2601,0.17640000000000003,0.0027628315736780706,2.6566532994689687,0.11967499071471796,0.46969890813058823,1.2394734894411794,none,Ret_Vol_20,0,1,0.0,0.15999999999999992,-0.020000000000000018,0.15999999999999992
2019-10-17,0,0,1,0.47,0.5866666666666667,0.6348782724359695,0.8835009090511642,0.22089999999999999,0.3441777777777778,-0.003919344949506964,2.647988498667054,0.12056012258667334,0.6246775603120969,1.2827667043364528,none,Ret_Vol_20,0,1,0.0,0.17333333333333334,-0.06000000000000005,0.17333333333333334
2019-10-18,1,0,1,0.36333333333333334,0.59,1.0124345924270572,0.527632742082372,0.4053444444444445,0.16810000000000003,0.006871616056117524,2.647988498667054,0.1186366686790887,0.4349485741241068,1.2252709723077804,none,Ret_Vol_20,0,1,0.0,0.17999999999999994,-0.2733333333333333,0.17999999999999994
2019-10-21,0,0,1,0.39,0.62,0.4942963218147801,0.9675840262617056,0.1521,0.3844,-0.003568666378412577,2.640847968119577,0.1130718690060646,0.672001277484327,1.2918611311949482,none,Ret_Vol_20,0,1,0.0,0.24,-0.21999999999999997,0.24
2019-10-22,1,0,0,0.42,0.44,0.8675005677047231,0.8209805520698302,0.3364000000000001,0.31360000000000005,0.0028471487971184484,2.640847968119577,0.10648707666649353,0.7579280451942546,1.3156637238060551,none,Ret_Vol_20,0,1,0.0,0.0,-0.16000000000000003,-0.12
2019-10-23,1,0,1,0.3433333333333333,0.6433333333333333,1.0690534864265653,0.44109228575131554,0.4312111111111112,0.12721111111111114,0.0019204463587332299,2.647988498667054,0.10513419364374935,0.47796471318607636,1.2341250715157694,none,Ret_Vol_20,0,1,0.0,0.2866666666666666,-0.31333333333333335,0.2866666666666666
2019-10-24,1,0,0,0.38333333333333336,0.3433333333333333,0.958850346292951,1.0690534864265653,0.3802777777777778,0.4312111111111112,0.004072700506109195,2.647988498667054,0.10831201274563236,0.8101444969137355,1.3347323523646322,none,Ret_Vol_20,0,1,0.0,0.0,-0.23333333333333328,-0.31333333333333335
2019-10-25,1,0,0,0.37333333333333335,0.30666666666666664,0.9852836033611064,1.181993897607161,0.3927111111111112,0.48071111111111114,0.005581337868471481,2.6566532994689687,0.10513419364374935,1.2359116398694574,1.4649750698415496,none,Ret_Vol_20,0,1,0.0,0.0,-0.2533333333333333,-0.3866666666666667
2019-10-28,0,0,0,0.38,0.16666666666666666,0.4780358009429998,0.1823215567939546,0.1444,0.027777777777777776,-0.0008324053147991117,2.666915444445549,0.06079682205552052,0.6859191585893681,1.2907809719716865,none,Ret_Vol_20,0,1,0.0,0.0,-0.24,-0.6666666666666667
2019-10-29,1,0,0,0.38,0.14,0.9675840262617056,1.9661128563728327,0.3844,0.7395999999999999,0.00325337015914573,2.678867923203218,0.0676551373664209,1.8703660241562052,1.6529535177380752,none,Ret_Vol_20,0,1,0.0,0.0,-0.24,-0.72
2019-10-30,0,0,0,0.37666666666666665,0.15,0.47267385780161447,0.16251892949777494,0.14187777777777777,0.0225,-0.0030228605633046968,2.664898867901028,0.06973899504251306,1.2750323113598394,1.469390939081117,none,Ret_Vol_20,0,1,0.0,0.0,-0.2466666666666667,-0.7
2019-10-31,1,0,0,0.4533333333333333,0.17666666666666667,0.7911275889201491,1.7334905611040792,0.2988444444444444,0.6778777777777778,0.009662312168146059,2.6559607654023742,0.07207246213364057,2.2145354924360765,1.7483666925318646,none,Ret_Vol_20,0,1,0.0,0.0,-0.09333333333333338,-0.6466666666666667
2019-11-01,1,0,0,0.4166666666666667,0.15,0.8754687373538999,1.8971199848858813,0.3402777777777777,0.7224999999999999,0.003704089049704651,2.6241787869690136,0.07251282429879868,3.2782705042634714,2.0549065133562863,none,Ret_Vol_20,0,1,0.0,0.0,-0.16666666666666663,-0.7
2019-11-04,0,0,0,0.4033333333333333,0.17333333333333334,0.516396668815446,0.1903537284912189,0.16267777777777775,0.030044444444444447,-0.001185699214361291,2.597355960817116,0.07714326591238224,2.6574127508881786,1.8593091893670146,none,Ret_Vol_20,0,1,0.0,0.0,-0.19333333333333336,-0.6533333333333333
2019-11-05,1,0,0,0.4266666666666667,0.19333333333333333,0.8517522107365838,1.6433394641097818,0.328711111111111,0.650711111111111,0.0007024972279667807,2.5930650912434516,0.07692793940767331,3.4618031337233397,2.0988453584366846,none,Ret_Vol_20,0,1,0.0,0.0,-0.1466666666666666,-0.6133333333333333
2019-11-06,1,0,0,0.39,0.18666666666666668,0.941608539858445,1.6784307839210517,0.3721,0.6615111111111112,0.0027300951851503275,2.589984818585568,0.07966525181125651,4.274204781445692,2.342154937411312,none,Ret_Vol_20,0,1,0.0,0.0,-0.21999999999999997,-0.6266666666666667
2019-11-07,1,0,0,0.31333333333333335,0.18333333333333332,1.160487692386197,1.6964492894237302,0.4715111111111111,0.6669444444444445,0.0025606760900243053,2.5880982095208016,0.08517353427308832,5.0786743048824405,2.5843936355549793,none,Ret_Vol_20,0,1,0.0,0.0,-0.3733333333333333,-0.6333333333333333
2019-11-08,0,0,0,0.36666666666666664,0.23,0.456758402495715,0.2613647641344075,0.13444444444444442,0.0529,-0.0019624672514313435,1.6276019246782705,0.08758840707339188,4.467168848540551,2.0174679465554908,none,Ret_Vol_20,0,1,0.0,0.0,-0.2666666666666667,-0.54
2019-11-11,1,0,0,0.4066666666666667,0.21666666666666667,0.8997614299229445,1.529395204760564,0.3520444444444444,0.6136111111111111,0.0015646460846321375,1.534619917141535,0.08985854044700484,5.104384274463516,2.17212081132977,none,Ret_Vol_20,0,1,0.0,0.0,-0.18666666666666665,-0.5666666666666667
2019-11-12,1,0,0,0.38333333333333336,0.16,0.958850346292951,1.8325814637483102,0.3802777777777778,0.7055999999999999,0.0007115345908383919,0.5827370968025268,0.09283321586348978,6.017917339805349,2.0663200054216624,none,Ret_Vol_20,0,1,0.0,0.0,-0.23333333333333328,-0.6799999999999999
2019-11-13,1,0,0,0.38,0.16333333333333333,0.9675840262617056,1.8119621765455745,0.3844,0.7000111111111111,0.0008370427393644686,0.4916689057481412,0.09635691632628411,6.886027957440584,2.291383024429317,none,Ret_Vol_20,0,1,0.0,0.0,-0.24,-0.6733333333333333
2019-11-14,1,0,0,0.38,0.17333333333333334,0.9675840262617056,1.7525387560747736,0.3844,0.6833777777777778,0.007695488006902673,0.43512039950610226,0.0987958562839178,7.672858743870842,2.5055445398488687,none,Ret_Vol_20,0,1,0.0,0.0,-0.24,-0.6533333333333333
2019-11-15,1,0,0,0.36,0.19,1.0216512475319814,1.6607312068216509,0.4096,0.6561000000000001,0.0005031528617669423,0.39442220554216595,0.10373477944861284,8.349591895859106,2.693766884809182,moderate,Ret_Vol_20,1,1,0.0,0.0,-0.28,-0.62
2019-11-18,0,0,1,0.33,0.7066666666666667,0.4004775665971254,1.2264456601779945,0.10890000000000001,0.49937777777777775,-0.0005925944462060739,0.39816901253632503,0.05212362998437525,0.0,0.1749046940098426,none,Ret_Vol_20,0,1,0.0,0.41333333333333333,-0.33999999999999997,0.41333333333333333
2019-11-19,0,0,1,0.37,0.66,0.4620354595965587,1.07880966137193,0.1369,0.43560000000000004,-0.003756184245747196,0.3737154329800489,0.05168442463422421,0.07381799940303213,0.18713690040319647,none,Ret_Vol_20,0,1,0.0,0.32000000000000006,-0.26,0.32000000000000006
2019-11-20,0,0,1,0.4033333333333333,0.66,0.516396668815446,1.07880966137193,0.16267777777777775,0.43560000000000004,-0.0015827522106851566,0.36944400825026213,0.05227512003652511,0.12302999900505363,0.2003691390125785,none,Ret_Vol_20,0,1,0.0,0.32000000000000006,-0.19333333333333336,0.32000000000000006
2019-11-21,1,0,1,0.39666666666666667,0.6566666666666666,0.9246589815446716,0.42057874591821265,0.36401111111111106,0.1178777777777778,0.0021749356911917594,0.37414226237988557,0.053426635140750134,0.6536121852968577,0.3617685510832366,none,Ret_Vol_20,0,1,0.0,0.31333333333333324,-0.20666666666666667,0.31333333333333324
2019-11-22,1,0,1,0.36333333333333334,0.7033333333333334,1.0124345924270572,0.3519243411801345,0.4053444444444445,0.0880111111111111,0.007507291353015866,0.3544132477244019,0.05101148158345159,1.1330014581207635,0.4969691810010253,none,Ret_Vol_20,0,1,0.0,0.40666666666666673,-0.2733333333333333,0.40666666666666673
2019-11-25,1,0,1,0.34,0.6933333333333334,1.0788096613719298,0.36624439495488303,0.4355999999999999,0.09404444444444443,0.0021955703874654287,0.33816418586812974,0.050229741566366386,1.5205591406617278,0.6065023390156801,none,Ret_Vol_20,0,1,0.0,0.3866666666666667,-0.31999999999999995,0.3866666666666667
2019-11-26,1,0,1,0.35333333333333333,0.6033333333333334,1.040343380544134,0.5052854433903752,0.41817777777777787,0.1573444444444444,0.004174424362754614,0.3249666312444105,0.05109149706021519,1.7335733984664183,0.6653861211557541,none,Ret_Vol_20,0,1,0.0,0.20666666666666678,-0.29333333333333333,0.20666666666666678
2019-11-27,0,0,1,0.38333333333333336,0.61,0.4834266495778762,0.941608539858445,0.14694444444444446,0.3721,-0.004011219709926239,0.31452031178244183,0.0531622355047212,1.5381781646359614,0.6032102447551815,none,Ret_Vol_20,0,1,0.0,0.21999999999999997,-0.23333333333333328,0.21999999999999997
2019-11-29,0,0,1,0.42,0.5766666666666667,0.5447271754416719,0.8595953881976097,0.17639999999999997,0.3325444444444444,-0.008631020716408422,0.30661333514519273,0.05263652662837133,1.4373940915962975,0.5696545195254777,none,Ret_Vol_20,0,1,0.0,0.15333333333333332,-0.16000000000000003,0.15333333333333332
2019-12-02,0,1,1,0.51,0.57,0.7133498878774648,0.8439700702945289,0.2601,0.32489999999999997,-0.00663809511563529,0.27817150117269746,0.05277788945406489,1.360751211973373,0.5353273308973103,none,Return,0,1,0.020000000000000018,0.1399999999999999,0.020000000000000018,0.1399999999999999
2019-12-03,1,1,1,0.5566666666666666,0.5133333333333333,0.585788662239446,0.666829872242572,0.19654444444444447,0.23684444444444447,0.00632356747139462,0.2699910838321261,0.0508131452041056,1.4521124105452206,0.5588741002576483,none,Return,0,1,0.11333333333333329,0.026666666666666616,0.11333333333333329,0.026666666666666616
2019-12-04,1,0,1,0.44666666666666666,0.5533333333333333,0.8059426747052897,0.5917946862996578,0.30617777777777777,0.1995111111111111,0.0015002511791302187,0.2699910838321261,0.05236122965094042,1.6046424296837523,0.6050975313332582,none,Return,0,1,0.0,0.10666666666666669,-0.10666666666666669,0.10666666666666669
2019-12-05,1,0,1,0.4,0.6266666666666667,0.916290731874155,0.4673405118262518,0.36,0.13937777777777774,0.009135724328457329,0.2699910838321261,0.05220641886035767,1.8603201468640025,0.6817544032501586,none,Return,0,1,0.0,0.2533333333333334,-0.19999999999999996,0.2533333333333334
2019-12-06,0,0,1,0.45,0.5933333333333334,0.5978370007556204,0.8997614299229446,0.2025,0.3520444444444445,-0.00316282139344648,0.2742627257327645,0.05391214784355855,1.6962014602987343,0.6347391727357936,none,Return,0,1,0.0,0.18666666666666676,-0.09999999999999998,0.18666666666666676
2019-12-09,0,0,1,0.35333333333333333,0.5533333333333333,0.43592431559287287,0.8059426747052897,0.12484444444444444,0.30617777777777777,-0.0010969340964486207,0.2784144260359307,0.05668779262239333,1.630588191040962,0.6175485655133789,none,Return,0,1,0.0,0.10666666666666669,-0.29333333333333333,0.10666666666666669
2019-12-10,1,0,1,0.36,0.5266666666666666,1.0216512475319814,0.6411874416292344,0.4096,0.2240444444444445,0.002908158040315856,0.27638198469042136,0.05599516892190497,1.7235337821206023,0.6444114791889206,none,Return,0,1,0.0,0.05333333333333323,-0.28,0.05333333333333323
2019-12-11,1,0,1,0.32666666666666666,0.5766666666666667,1.118814995985629,0.5504908801584221,0.45337777777777777,0.17921111111111113,0.008575225775086182,0.28523749990922465,0.056030550700820345,1.8963734551092635,0.699816201706715,none,Return,0,1,0.0,0.15333333333333332,-0.3466666666666667,0.15333333333333332
2019-12-12,1,0,1,0.4033333333333333,0.5266666666666666,0.90799192905946,0.6411874416292344,0.3560111111111111,0.2240444444444445,7.258178414493166e-05,0.28550752082974246,0.05539383086742079,1.9739530604316764,0.7230070757216261,none,Return,0,1,0.0,0.05333333333333323,-0.19333333333333336,0.05333333333333323
2019-12-13,1,0,1,0.4,0.63,0.916290731874155,0.4620354595965587,0.36,0.1369,0.007147785279833618,0.28465880256738985,0.05763780094819696,2.2171724589786024,0.7963065990049958,none,Return,0,1,0.0,0.26,-0.19999999999999996,0.26
2019-12-16,1,0,1,0.37,0.5366666666666666,0.9942522733438669,0.6223781096717381,0.39690000000000003,0.21467777777777783,0.00033529222633799094,0.2849607097156862,0.06086629565337212,2.2959053700267615,0.8210157835903146,none,Return,0,1,0.0,0.07333333333333325,-0.26,0.07333333333333325
2019-12-17,0,0,1,0.4166666666666667,0.6133333333333333,0.5389965007326871,0.9501922835498363,0.17361111111111113,0.3761777777777777,-0.00043230017186479675,0.28843912067507077,0.0643783223356893,2.0586851197125338,0.7522946808844952,none,Return,0,1,0.0,0.22666666666666657,-0.16666666666666663,0.22666666666666657
2019-12-18,1,0,1,0.37333333333333335,0.67,0.9852836033611064,0.40047756659712525,0.3927111111111112,0.10889999999999997,0.004459292004863613,0.2876804285235262,0.06735445950905267,2.3569752924129044,0.8423710969859975,none,Return,0,1,0.0,0.3400000000000001,-0.2533333333333333,0.3400000000000001
2019-12-19,1,0,1,0.2966666666666667,0.6566666666666666,1.215146104924061,0.42057874591821265,0.4946777777777778,0.1178777777777778,0.004944781081796634,0.28968098364125705,0.06961376361532662,2.623069112167001,0.9236772561912011,none,Return,0,1,0.0,0.31333333333333324,-0.4066666666666666,0.31333333333333324
2019-12-20,1,0,1,0.39666666666666667,0.5366666666666666,0.9246589815446716,0.6223781096717381,0.36401111111111106,0.21467777777777783,0.0008661436002121992,0.29190348825817203,0.07681687907264806,2.684684632500882,0.9452118487753278,none,Return,0,1,0.0,0.07333333333333325,-0.20666666666666667,0.07333333333333325
2019-12-23,0,0,1,0.44666666666666666,0.54,0.5917946862996578,0.7765287894989964,0.1995111111111111,0.2916,-0.00019544819997963092,0.2989556591480267,0.08049820782857556,2.59585087938724,0.9224869898239554,none,Return,0,1,0.0,0.08000000000000007,-0.10666666666666669,0.08000000000000007
2019-12-24,1,0,1,0.44,0.53,0.8209805520698302,0.6348782724359695,0.31360000000000005,0.22089999999999999,0.005128166675301138,0.3289625926395062,0.08059415488094118,2.6466362293385712,0.9497541523216562,none,Vol_Change,0,1,0.0,0.06000000000000005,-0.12,0.06000000000000005
2019-12-26,1,0,1,0.4066666666666667,0.5833333333333334,0.8997614299229445,0.5389965007326869,0.3520444444444444,0.17361111111111108,3.398471712534601e-05,0.33787394786850744,0.08256812822380757,2.7878712353763477,0.9962813882274495,none,Vol_Change,0,1,0.0,0.16666666666666674,-0.18666666666666665,0.16666666666666674
2019-12-27,0,0,1,0.4266666666666667,0.6266666666666667,0.5562879978427482,0.9852836033611067,0.18204444444444448,0.3927111111111112,-0.005780822450430323,0.33818454018353983,0.08432261344878146,2.4937138565210843,0.9086847570643757,none,Vol_Change,0,1,0.0,0.2533333333333334,-0.1466666666666666,0.2533333333333334
2019-12-30,1,1,1,0.52,0.67,0.6539264674066639,0.40047756659712525,0.2304,0.10889999999999997,0.0029460216619106028,0.34070078341007204,0.08360587813911832,2.774340146915709,0.993664120880477,none,Vol_Change,0,1,0.040000000000000036,0.3400000000000001,0.040000000000000036,0.3400000000000001
2019-12-31,1,0,1,0.3566666666666667,0.66,1.030953640194295,0.4155154439616658,0.41387777777777773,0.11559999999999998,0.008378802677341701,0.34051078331396833,0.08571655268002258,3.03107561284479,1.071241962983031,none,Vol_Change,0,1,0.0,0.32000000000000006,-0.2866666666666666,0.32000000000000006
2020-01-02,0,0,1,0.37333333333333335,0.56,0.4673405118262518,0.8209805520698303,0.1393777777777778,0.31360000000000005,-0.007059870562045378,0.39298999998724027,0.08882859564832683,2.88714370105858,1.0499876890069682,none,Return,0,1,0.0,0.1200000000000001,-0.2533333333333333,0.1200000000000001
2020-01-03,1,0,1,0.46,0.55,0.7765287894989963,0.5978370007556204,0.2916,0.20249999999999996,0.0035333728907271933,0.39298999998724027,0.09268865310594192,2.96387997685133,1.0741665889820777,none,Return,0,1,0.0,0.10000000000000009,-0.07999999999999996,0.10000000000000009
2020-01-06,0,0,0,0.43,0.47,0.5621189181535411,0.6348782724359695,0.18489999999999998,0.22089999999999999,-0.0028032386528962228,0.4028295038559986,0.08941903911078501,3.002372102051234,1.0886691438910052,none,Return,0,1,0.0,0.0,-0.14,-0.06000000000000005
2020-01-07,1,0,1,0.4,0.55,0.916290731874155,0.5978370007556204,0.36,0.20249999999999996,0.004902451368978156,0.4124391398769409,0.09218927257091646,3.075683928435009,1.1153376162525541,none,Return,0,1,0.0,0.10000000000000009,-0.19999999999999996,0.10000000000000009
2020-01-08,1,0,0,0.3933333333333333,0.49666666666666665,0.9330978501905364,0.699836168710742,0.36804444444444445,0.25334444444444454,0.006655262605488987,0.3709312476450478,0.0929060078810796,3.0478162251942726,1.0905891689806246,none,CO_Return,0,1,0.0,0.0,-0.21333333333333337,-0.00666666666666671
2020-01-09,0,0,1,0.3433333333333333,0.5266666666666666,0.4205787459182124,0.7479554170549402,0.11787777777777778,0.2773777777777777,-0.002855178689662563,0.39635280783438853,0.09399515005314264,2.973940022264475,1.0789216748290407,none,Mom_Sum_20,0,1,0.0,0.05333333333333323,-0.31333333333333335,0.05333333333333323
2020-01-10,1,0,1,0.42333333333333334,0.5766666666666667,0.8595953881976097,0.5504908801584221,0.3325444444444444,0.17921111111111113,0.006976215252569862,0.41188777054957976,0.10053521524119481,3.0941881309888517,1.1231721120888458,none,Mom_Sum_20,0,1,0.0,0.15333333333333332,-0.15333333333333332,0.15333333333333332
2020-01-13,0,0,1,0.35333333333333333,0.55,0.43592431559287287,0.7985076962177717,0.12484444444444444,0.30250000000000005,-0.001514532772802224,0.4299160922153774,0.1044994812072688,2.9697817580574304,1.0942508086655607,none,Mom_Sum_20,0,1,0.0,0.10000000000000009,-0.29333333333333333,0.10000000000000009
2020-01-14,1,0,1,0.35,0.6333333333333333,1.0498221244986778,0.456758402495715,0.42250000000000004,0.13444444444444448,0.0018701968845122874,0.45076611147917106,0.10616501322639552,3.1815517834431777,1.1666214835925404,none,Mom_Sum_20,0,1,0.0,0.2666666666666666,-0.30000000000000004,0.2666666666666666
2020-01-15,1,0,1,0.31,0.5933333333333334,1.171182981502945,0.5219989243641159,0.4760999999999999,0.16537777777777773,0.00836655302646827,0.46382811520781486,0.11095052216584575,3.3244180493725906,1.2161418175446568,none,Mom_Sum_20,0,1,0.0,0.18666666666666676,-0.38,0.18666666666666676
2020-01-16,1,0,1,0.3333333333333333,0.5433333333333333,1.0986122886681098,0.6100322738494387,0.44444444444444453,0.20854444444444445,0.003862162248501333,0.4914521717736974,0.11586208245251403,3.377913577610727,1.2447135667284512,none,Mom_Sum_20,0,1,0.0,0.08666666666666667,-0.33333333333333337,0.08666666666666667
2020-01-17,0,0,1,0.41,0.5233333333333333,0.5276327420823718,0.7409378443962937,0.16809999999999997,0.2738777777777778,-0.0026519776473655776,0.5381228571426666,0.11641294790276976,3.3023466315474543,1.2408770166921337,none,Mom_Sum_20,0,1,0.0,0.046666666666666634,-0.18000000000000005,0.046666666666666634
2020-01-21,1,0,1,0.38,0.6033333333333334,0.9675840262617056,0.5052854433903752,0.3844,0.1573444444444444,0.0002890760711180551,0.6343736949576283,0.12153386750555664,3.4587091689332947,1.3278223889147067,none,Mom_Sum_20,0,1,0.0,0.20666666666666678,-0.24,0.20666666666666678
2020-01-22,1,0,1,0.31666666666666665,0.6166666666666667,1.1499055830556604,0.4834266495778762,0.46694444444444444,0.14694444444444443,0.0011409766124783616,1.5911893600866207,0.12583007889252906,3.6328800153316716,1.7640887723019083,none,Mom_Sum_20,0,1,0.0,0.2333333333333334,-0.3666666666666667,0.2333333333333334
2020-01-23,0,0,1,0.3466666666666667,0.6466666666666666,0.4256678154256838,1.0403433805441338,0.12017777777777779,0.4181777777777777,-0.009042160974207403,1.6245418698446332,0.1294274545575438,3.2586395948652993,1.6662368627647064,none,Mom_Sum_20,0,1,0.0,0.2933333333333332,-0.30666666666666664,0.2933333333333332
2020-01-24,0,1,1,0.51,0.5,0.7133498878774648,0.6931471805599453,0.2601,0.25,-0.015730711659182384,1.6398885839627917,0.13182233055943907,3.232183292219685,1.6651571204188538,none,Mom_Sum_20,0,1,0.020000000000000018,0.0,0.020000000000000018,0.0
2020-01-27,1,1,1,0.5133333333333333,0.51,0.666829872242572,0.6733445532637656,0.23684444444444447,0.24009999999999998,0.010053584595046017,1.6398885839627917,0.1324698180983398,3.225671184430876,1.6633977343438815,none,Mom_Sum_20,0,1,0.026666666666666616,0.020000000000000018,0.026666666666666616,0.020000000000000018
2020-01-28,0,0,0,0.47,0.47333333333333333,0.6348782724359695,0.6411874416292344,0.22089999999999999,0.22404444444444443,-0.0008668741908683941,1.639733139007314,0.13270069266516923,3.2507819173631463,1.6709380386114203,none,Mom_Sum_20,0,1,0.0,0.0,-0.06000000000000005,-0.053333333333333344
2020-01-29,1,0,1,0.46,0.5566666666666666,0.7765287894989963,0.585788662239446,0.2916,0.19654444444444447,0.003134358792605374,1.6433195566002092,0.13717347059392215,3.3296483784133257,1.697374377342258,none,Mom_Sum_20,0,1,0.0,0.11333333333333329,-0.07999999999999996,0.11333333333333329
2020-01-30,0,0,1,0.48,0.5133333333333333,0.6539264674066639,0.7201758529478646,0.2304,0.2635111111111111,-0.01770582037552626,1.6233134453162923,0.13937309834067357,3.2752380633482514,1.6737087266331945,none,Mom_Sum_20,0,1,0.0,0.026666666666666616,-0.040000000000000036,0.026666666666666616
2020-01-31,1,1,0,0.57,0.45666666666666667,0.5621189181535413,0.7838015488280762,0.18490000000000004,0.2952111111111111,0.007254613892351713,1.6063806292493015,0.14144383678517958,3.159516483990128,1.632840347932313,none,Mom_Sum_20,0,1,0.1399999999999999,0.0,0.1399999999999999,-0.08666666666666667
2020-02-03,1,0,0,0.4166666666666667,0.46,0.8754687373538999,0.7765287894989963,0.3402777777777777,0.2916,0.014980414164082134,1.6432052620909676,0.14526253309292636,3.053153218192412,1.6168068302219885,none,Ret_Vol_20,0,1,0.0,0.0,-0.16666666666666663,-0.07999999999999996
2020-02-04,1,0,1,0.38333333333333336,0.5,0.958850346292951,0.6931471805599453,0.3802777777777778,0.25,0.01125059589785371,1.7246214299290483,0.15217011117229706,3.030605177500892,1.644681158573576,none,Ret_Vol_20,0,1,0.0,0.0,-0.23333333333333328,0.0
2020-02-05,1,1,1,0.5033333333333333,0.6066666666666667,0.6865026378412769,0.49977578757940566,0.2466777777777778,0.1547111111111111,0.003325672876785646,2.6744891666481343,0.15825463894805092,3.198265134377152,2.0767515986568146,none,Ret_Vol_20,0,1,0.006666666666666599,0.21333333333333337,0.006666666666666599,0.21333333333333337
2020-02-06,0,0,1,0.44666666666666666,0.5866666666666667,0.5917946862996578,0.8835009090511642,0.1995111111111111,0.3441777777777778,-0.005400853672730133,2.67752444131116,0.16380148206697298,2.9861284273197537,2.0159887493404822,none,Ret_Vol_20,0,1,0.0,0.17333333333333334,-0.10666666666666669,0.17333333333333334
2020-02-07,1,1,1,0.5733333333333334,0.6066666666666667,0.556287997842748,0.49977578757940566,0.18204444444444443,0.1547111111111111,0.007326397804890528,2.6835244144420205,0.17365012024797621,3.1546527629052856,2.0719006307227867,none,Ret_Vol_20,0,1,0.14666666666666672,0.21333333333333337,0.14666666666666672,0.21333333333333337
2020-02-10,1,1,1,0.5766666666666667,0.5433333333333333,0.5504908801584221,0.6100322738494387,0.17921111111111113,0.20854444444444445,0.0016884725532351208,2.692642456108689,0.18584747706685145,3.211898369250337,2.096380736338632,none,Ret_Vol_20,0,1,0.15333333333333332,0.08666666666666667,0.15333333333333332,0.08666666666666667
2020-02-11,1,1,1,0.5633333333333334,0.5933333333333334,0.5738837597331276,0.5219989243641159,0.19067777777777775,0.16537777777777773,0.006462646466197652,2.705132441956008,0.19808709980705846,3.354672515497429,2.1478808613737495,none,Ret_Vol_20,0,1,0.1266666666666667,0.18666666666666676,0.1266666666666667,0.18666666666666676
2020-02-12,0,0,1,0.45666666666666667,0.51,0.6100322738494387,0.7133498878774648,0.20854444444444445,0.2601,-0.0016304457368023773,2.705132441956008,0.20596226601335824,3.306919034117041,2.135917366821523,none,Ret_Vol_20,0,1,0.0,0.020000000000000018,-0.08666666666666667,0.020000000000000018
2020-02-13,1,0,1,0.48333333333333334,0.63,0.7270487322356266,0.4620354595965587,0.2669444444444444,0.1369,0.0018435333204338544,2.705132441956008,0.22287167576462044,3.5070872985692167,2.2010406690825546,none,Ret_Vol_20,0,1,0.0,0.26,-0.033333333333333326,0.26
2020-02-14,0,0,1,0.38333333333333336,0.5833333333333334,0.4834266495778762,0.8754687373539001,0.14694444444444446,0.34027777777777785,-0.002919942636890105,2.705132441956008,0.2326951893132288,3.2973184330231526,2.1410570634833173,none,Ret_Vol_20,0,1,0.0,0.16666666666666674,-0.23333333333333328,0.16666666666666674
2020-02-18,1,0,1,0.38666666666666666,0.69,0.9501922835498364,0.37106368139083207,0.3761777777777777,0.09610000000000003,0.004705785881164548,2.7141894788769108,0.24667920460868786,3.5872024268205274,2.235840280979529,none,Ret_Vol_20,0,1,0.0,0.3799999999999999,-0.22666666666666668,0.3799999999999999
2020-02-19,0,0,1,0.35,0.5466666666666666,0.4307829160924542,0.791127588920149,0.12249999999999998,0.2988444444444444,-0.00381551976362815,2.7261178157433648,0.24667920460868786,3.4590888609256,2.2021775459576323,none,Ret_Vol_20,0,1,0.0,0.09333333333333327,-0.30000000000000004,0.09333333333333327
2020-02-20,0,0,1,0.4166666666666667,0.6,0.5389965007326871,0.916290731874155,0.17361111111111113,0.36,-0.01051810302712286,2.7412059760000584,0.24824255636064815,3.2097696006524314,2.133886037503947,none,Ret_Vol_20,0,1,0.0,0.19999999999999996,-0.16666666666666663,0.19999999999999996
2020-02-21,0,1,1,0.5233333333333333,0.5666666666666667,0.7409378443962937,0.8362480242006186,0.2738777777777778,0.32111111111111107,-0.03351362667122315,2.7598736811403124,0.24899742474022463,3.043097302708178,2.0915778906906457,none,Ret_Vol_20,0,1,0.046666666666666634,0.1333333333333333,0.046666666666666634,0.1333333333333333
2020-02-24,0,1,0,0.59,0.47,0.8915981192837835,0.6348782724359695,0.34809999999999997,0.22089999999999999,-0.030279995565056117,1.8923181750374236,0.24568909761319258,3.077269037531295,1.753814710558316,none,Ret_Vol_20,0,1,0.17999999999999994,0.0,0.17999999999999994,-0.06000000000000005
2020-02-25,0,1,1,0.5366666666666666,0.58,0.7693085415255092,0.867500567704723,0.28801111111111105,0.3364,-0.0037785406053220116,2.7518419190759627,0.2471134511427541,2.8817804257490267,2.0394049306979194,none,Ret_Vol_20,0,1,0.07333333333333325,0.15999999999999992,0.07333333333333325,0.15999999999999992
2020-02-26,0,1,1,0.56,0.5533333333333333,0.8209805520698303,0.8059426747052897,0.31360000000000005,0.30617777777777777,-0.04416324258407911,2.717057804417437,0.24893476698249867,2.7498192763600566,1.9864493347697416,none,Ret_Vol_20,0,1,0.1200000000000001,0.10666666666666669,0.1200000000000001,0.10666666666666669
2020-02-27,0,1,1,0.5133333333333333,0.5366666666666666,0.7201758529478646,0.7693085415255092,0.2635111111111111,0.28801111111111105,-0.008238340444361891,1.7704032950740585,0.25033986085637466,2.6558738111104203,1.580025419619662,none,Ret_Vol_20,0,1,0.026666666666666616,0.07333333333333325,0.026666666666666616,0.07333333333333325
2020-02-28,1,1,1,0.53,0.5033333333333333,0.6348782724359695,0.6865026378412769,0.22089999999999999,0.2466777777777778,0.046039229006110016,1.7054387482412965,0.25361309896400014,2.644893386138808,1.5517274448273612,none,Ret_Vol_20,0,1,0.06000000000000005,0.006666666666666599,0.06000000000000005,0.006666666666666599
2020-03-02,0,0,1,0.49666666666666665,0.6566666666666666,0.6865026378412766,1.069053486426565,0.24667777777777775,0.43121111111111105,-0.028107896121075893,1.6702532724807775,0.2567497173247446,2.256904806575667,1.4221976661624345,none,Ret_Vol_20,0,1,0.0,0.31333333333333324,-0.00666666666666671,0.31333333333333324
2020-03-03,1,1,1,0.5133333333333333,0.6766666666666666,0.666829872242572,0.39057649561441377,0.23684444444444447,0.10454444444444447,0.04220259077449118,1.654852469800692,0.25652680148438944,2.54335865655733,1.5019066253327926,none,Ret_Vol_20,0,1,0.026666666666666616,0.3533333333333333,0.026666666666666616,0.3533333333333333
2020-03-04,0,0,1,0.48333333333333334,0.59,0.6603573577369546,0.8915981192837835,0.2336111111111111,0.34809999999999997,-0.033922077046888544,1.6218313788951677,0.26250623322518013,2.3317301674406874,1.4270034717578273,none,Ret_Vol_20,0,1,0.0,0.17999999999999994,-0.033333333333333326,0.17999999999999994
2020-03-05,0,1,1,0.54,0.65,0.7765287894989964,1.0498221244986778,0.2916,0.42250000000000004,-0.01705385200037013,1.5956939084441604,0.26234534709629925,1.9668756797893066,1.3070438714433459,none,Ret_Vol_20,0,1,0.08000000000000007,0.30000000000000004,0.08000000000000007,0.30000000000000004
2020-03-06,0,1,1,0.5666666666666667,0.6066666666666667,0.8362480242006186,0.9330978501905364,0.32111111111111107,0.36804444444444445,-0.07596969747745097,1.5748770552124105,0.26227305527503,1.9108261460410279,1.2818805824797814,none,Ret_Vol_20,0,1,0.1333333333333333,0.21333333333333337,0.1333333333333333,0.21333333333333337
2020-03-09,1,1,1,0.5633333333333334,0.51,0.5738837597331276,0.6733445532637656,0.19067777777777775,0.24009999999999998,0.04939630628156144,1.5584382651209923,0.26998096548361317,1.8960911265396057,1.2731969336553626,none,Ret_Vol_20,0,1,0.1266666666666667,0.020000000000000018,0.1266666666666667,0.020000000000000018
2020-03-10,0,1,1,0.54,0.6633333333333333,0.7765287894989964,1.0886619578149417,0.2916,0.44001111111111113,-0.048868445131273974,1.5457756002642484,0.26998096548361317,2.29147114295235,1.3867458726364883,none,Ret_Vol_20,0,1,0.08000000000000007,0.32666666666666666,0.08000000000000007,0.32666666666666666
2020-03-11,0,1,1,0.52,0.6533333333333333,0.7339691750802004,1.0593915755148284,0.27040000000000003,0.4268444444444444,-0.09511268097833658,1.5508010468840758,0.27124682993741955,2.6528870638071265,1.4975605868769941,none,Ret_Vol_20,0,1,0.040000000000000036,0.30666666666666664,0.040000000000000036,0.30666666666666664
2020-03-12,1,1,1,0.5833333333333334,0.5733333333333334,0.5389965007326869,0.556287997842748,0.17361111111111108,0.18204444444444443,0.09287124972971839,1.561341464871036,0.27124682993741955,2.5129929216330797,1.4598085114195642,none,Ret_Vol_20,0,1,0.16666666666666674,0.14666666666666672,0.16666666666666674,0.14666666666666672
2020-03-13,0,1,1,0.5466666666666666,0.6833333333333333,0.791127588920149,1.1499055830556604,0.2988444444444444,0.46694444444444444,-0.11984055240393443,1.5781260627065568,0.2712086968680062,2.9610448216339593,1.6009264806332122,none,Ret_Vol_20,0,1,0.09333333333333327,0.3666666666666667,0.09333333333333327,0.3666666666666667
2020-03-16,1,1,1,0.5166666666666667,0.65,0.6603573577369544,0.4307829160924542,0.23361111111111105,0.12249999999999998,0.05995484974402432,1.6025507161720283,0.2712086968680062,2.6933206073501803,1.5303790777342674,none,Ret_Vol_20,0,1,0.03333333333333344,0.30000000000000004,0.03333333333333344,0.30000000000000004
2020-03-17,0,1,1,0.55,0.6266666666666667,0.7985076962177717,0.9852836033611067,0.30250000000000005,0.3927111111111112,-0.051830762729157875,1.6373353234872614,0.285323493003966,2.9765998062742622,1.633511119178373,none,Ret_Vol_20,0,1,0.10000000000000009,0.2533333333333334,0.10000000000000009,0.2533333333333334
2020-03-18,1,1,1,0.5633333333333334,0.62,0.5738837597331276,0.4780358009429998,0.19067777777777775,0.1444,0.0047078080405855705,1.6885462242259641,0.2870778499467298,2.755329619689804,1.5881407305813457,none,Ret_Vol_20,0,1,0.1266666666666667,0.24,0.1266666666666667,0.24
2020-03-19,0,1,1,0.5233333333333333,0.6366666666666667,0.7409378443962937,1.0124345924270575,0.2738777777777778,0.4053444444444445,-0.04335951230846191,1.7749203954576254,0.3033082494227148,3.0647305031025036,1.7203797839406154,none,Ret_Vol_20,0,1,0.046666666666666634,0.27333333333333343,0.046666666666666634,0.27333333333333343
2020-03-20,0,1,1,0.57,0.5833333333333334,0.8439700702945289,0.8754687373539001,0.32489999999999997,0.34027777777777785,-0.02929386782180443,2.7292399306157376,0.31105008446441057,3.235136884049816,2.155552062800563,none,Ret_Vol_20,0,1,0.1399999999999999,0.16666666666666674,0.1399999999999999,0.16666666666666674
2020-03-23,1,1,1,0.5133333333333333,0.71,0.666829872242572,0.342490308946776,0.23684444444444447,0.08410000000000002,0.09382773976227554,2.730937625278572,0.30189634933361575,2.8767807906302343,2.045978192100584,none,Ret_Vol_20,0,1,0.026666666666666616,0.41999999999999993,0.026666666666666616,0.41999999999999993
2020-03-24,1,1,1,0.53,0.6,0.6348782724359695,0.5108256237659907,0.22089999999999999,0.16000000000000003,0.011535011448221999,2.734612993313838,0.2979197560150896,2.6889441589103313,1.9899043718031615,none,Ret_Vol_20,0,1,0.06000000000000005,0.19999999999999996,0.06000000000000005,0.19999999999999996
2020-03-25,1,1,1,0.5633333333333334,0.5966666666666667,0.5738837597331276,0.516396668815446,0.19067777777777775,0.16267777777777775,0.062414163303876835,2.7403181106849455,0.2992940715333753,2.5087497720884118,1.9385403973605144,none,Ret_Vol_20,0,1,0.1266666666666667,0.19333333333333336,0.1266666666666667,0.19333333333333336
2020-03-26,0,1,0,0.55,0.49666666666666665,0.7985076962177717,0.6865026378412766,0.30250000000000005,0.24667777777777775,-0.033687352562252526,2.7728464688637295,0.30115906004344667,2.4987747073012674,1.949118717748906,none,Ret_Vol_20,0,1,0.10000000000000009,0.0,0.10000000000000009,-0.00666666666666671
2020-03-27,1,1,1,0.5366666666666666,0.5733333333333334,0.6223781096717381,0.556287997842748,0.21467777777777783,0.18204444444444443,0.03351600948370015,2.8150712059873766,0.3058159561052544,2.3601426659021016,1.9258160689971575,none,Ret_Vol_20,0,1,0.07333333333333325,0.14666666666666672,0.07333333333333325,0.14666666666666672
2020-03-30,0,1,1,0.5733333333333334,0.5033333333333333,0.8517522107365839,0.6998361687107418,0.3287111111111111,0.2533444444444444,-0.016012721914555605,2.8489686154196785,0.30779678570961316,2.3650047719701734,1.9414279134718075,none,Ret_Vol_20,0,1,0.14666666666666672,0.006666666666666599,0.14666666666666672,0.006666666666666599
2020-03-31,0,1,1,0.5633333333333334,0.5333333333333333,0.8285851514550495,0.7621400520468967,0.3173444444444445,0.28444444444444444,-0.04414243033166543,2.8924827922750294,0.31475688073472374,2.4314406962721806,1.9808523900120831,none,Ret_Vol_20,0,1,0.1266666666666667,0.06666666666666665,0.1266666666666667,0.06666666666666665
2020-04-01,1,1,1,0.5033333333333333,0.64,0.6865026378412769,0.4462871026284195,0.2466777777777778,0.1296,0.02282934723487151,2.890284821102369,0.3165711038810579,2.184705574651586,1.9064969320007408,none,Ret_Vol_20,0,1,0.006666666666666599,0.28,0.006666666666666599,0.28
2020-04-02,0,1,1,0.5233333333333333,0.5033333333333333,0.7409378443962937,0.6998361687107418,0.2738777777777778,0.2533444444444444,-0.015137125124949469,2.8891336664241485,0.3198622522753901,2.191447030342445,1.9090462513550097,none,Ret_Vol_20,0,1,0.046666666666666634,0.006666666666666599,0.046666666666666634,0.006666666666666599
2020-04-03,1,1,1,0.5033333333333333,0.5933333333333334,0.6865026378412769,0.5219989243641159,0.2466777777777778,0.16537777777777773,0.07033131865275055,2.8890246143683598,0.3240425451492017,2.0221522499883173,1.8594682842886,none,Ret_Vol_20,0,1,0.006666666666666599,0.18666666666666676,0.006666666666666599,0.18666666666666676
2020-04-06,0,1,1,0.5333333333333333,0.61,0.7621400520468967,0.941608539858445,0.28444444444444444,0.3721,-0.0016030527844311804,2.901177793930192,0.33495566735415855,2.269859638929142,1.9419157094570667,none,Ret_Vol_20,0,1,0.06666666666666665,0.21999999999999997,0.06666666666666665,0.21999999999999997
2020-04-07,1,1,1,0.5633333333333334,0.6,0.5738837597331276,0.5108256237659907,0.19067777777777775,0.16000000000000003,0.03405645287963033,2.915349317583496,0.34694050322319964,2.088671488346085,1.896823324504184,none,Ret_Vol_20,0,1,0.1266666666666667,0.19999999999999996,0.1266666666666667,0.19999999999999996
2020-04-08,1,1,0,0.5533333333333333,0.49666666666666665,0.5917946862996578,0.699836168710742,0.1995111111111111,0.25334444444444454,0.014487410153376512,2.9298370007869776,0.3517406297140363,2.0964140623571508,1.906381207936147,none,Ret_Vol_20,0,1,0.10666666666666669,0.0,0.10666666666666669,-0.00666666666666671
2020-04-09,0,1,1,0.5533333333333333,0.5433333333333333,0.8059426747052897,0.7838015488280762,0.30617777777777777,0.2952111111111111,-0.010104660822607414,2.9465052625193047,0.33143332898681144,2.187195673514556,1.9341908057581323,none,Ret_Vol_20,0,1,0.10666666666666669,0.08666666666666667,0.10666666666666669,0.08666666666666667
2020-04-13,1,1,0,0.5433333333333333,0.48333333333333334,0.6100322738494387,0.7270487322356266,0.20854444444444445,0.2669444444444444,0.030572589146256046,2.965601582083841,0.08707943198111168,2.2208841801338624,1.8786297164680286,none,Ret_Vol_20,0,1,0.08666666666666667,0.0,0.08666666666666667,-0.033333333333333326
2020-04-14,0,1,0,0.56,0.4633333333333333,0.8209805520698303,0.6223781096717381,0.31360000000000005,0.21467777777777777,-0.022030438529415775,2.987456849348366,0.0845186861193089,2.1506048574164547,1.8655198028000755,none,Ret_Vol_20,0,1,0.1200000000000001,0.0,0.1200000000000001,-0.07333333333333336
2020-04-15,1,1,1,0.5066666666666667,0.5333333333333333,0.6799019538099246,0.6286086594223742,0.24337777777777775,0.2177777777777778,0.005816689462164515,3.012526035770029,0.08342605605863065,2.0871840135964157,1.8561934352045255,none,Ret_Vol_20,0,1,0.01333333333333342,0.06666666666666665,0.01333333333333342,0.06666666666666665
2020-04-16,1,1,1,0.5066666666666667,0.5766666666666667,0.6799019538099246,0.5504908801584221,0.24337777777777775,0.17921111111111113,0.026793594848223412,3.0414590373277433,0.07800227806635829,1.9470195519015896,1.8240901639214817,none,Ret_Vol_20,0,1,0.01333333333333342,0.15333333333333332,0.01333333333333342,0.15333333333333332
2020-04-17,0,1,1,0.5566666666666666,0.54,0.8134333464344472,0.7765287894989964,0.30987777777777775,0.2916,-0.01788104803401469,3.075233879792825,0.0791002097411378,2.032067293319975,1.863443802835464,none,Ret_Vol_20,0,1,0.11333333333333329,0.08000000000000007,0.11333333333333329,0.08000000000000007
2020-04-20,0,1,1,0.5,0.5766666666666667,0.6931471805599453,0.8595953881976097,0.25,0.3325444444444444,-0.030674795694063395,3.1154342532354526,0.07749322881140033,2.198580544483478,1.9289958332826447,none,Ret_Vol_20,0,1,0.0,0.15333333333333332,0.0,0.15333333333333332
2020-04-21,1,0,1,0.48,0.5533333333333333,0.7339691750802004,0.5917946862996578,0.27040000000000003,0.1995111111111111,0.022930247703843776,3.1649182251302497,0.07523974888072209,2.0982486357370904,1.9180138054374436,none,Ret_Vol_20,0,1,0.0,0.10666666666666669,-0.040000000000000036,0.10666666666666669
2020-04-22,0,1,1,0.51,0.5833333333333334,0.7133498878774648,0.8754687373539001,0.2601,0.34027777777777785,-0.0005394221197431159,3.22983670472087,0.07457796043679871,2.279877300079451,1.9982712600432229,none,Ret_Vol_20,0,1,0.020000000000000018,0.16666666666666674,0.020000000000000018,0.16666666666666674
2020-04-23,1,1,1,0.5233333333333333,0.5766666666666667,0.647536669307893,0.5504908801584221,0.2272111111111111,0.17921111111111113,0.013918057304545428,3.3288957608788343,0.0716430787772704,2.137855414567566,1.9944078523549846,none,Ret_Vol_20,0,1,0.046666666666666634,0.15333333333333332,0.046666666666666634,0.15333333333333332
2020-04-24,1,1,1,0.5033333333333333,0.57,0.6865026378412769,0.5621189181535413,0.2466777777777778,0.18490000000000004,0.014714069804799612,4.288422376129697,0.07075809994325788,2.0086578408812295,2.3391937326992247,none,Ret_Vol_20,0,1,0.006666666666666599,0.1399999999999999,0.006666666666666599,0.1399999999999999
2020-04-27,0,1,1,0.5466666666666666,0.6033333333333334,0.791127588920149,0.9246589815446719,0.2988444444444444,0.3640111111111112,-0.005242380698498916,4.309203474895095,0.07446639860194029,2.239879035225071,2.4179850201061415,none,Ret_Vol_20,0,1,0.09333333333333327,0.20666666666666678,0.09333333333333327,0.20666666666666678
2020-04-28,1,1,1,0.57,0.5733333333333334,0.5621189181535413,0.556287997842748,0.18490000000000004,0.18204444444444443,0.026583916282167053,4.332288242508786,0.06897077108060924,2.103964829554899,2.384795977194167,none,Ret_Vol_20,0,1,0.1399999999999999,0.14666666666666672,0.1399999999999999,0.14666666666666672
2020-04-29,0,1,1,0.5533333333333333,0.5633333333333334,0.8059426747052897,0.8285851514550495,0.30617777777777777,0.3173444444444445,-0.009212446303987654,4.358017838861552,0.06745988537476659,2.2391300726046883,2.435184122938457,none,Ret_Vol_20,0,1,0.10666666666666669,0.1266666666666667,0.10666666666666669,0.1266666666666667
2020-04-30,0,1,1,0.55,0.58,0.7985076962177717,0.867500567704723,0.30250000000000005,0.3364,-0.028059034078492195,4.386857501725601,0.06556675616476623,2.411670195096191,2.4979140860685276,none,Ret_Vol_20,0,1,0.10000000000000009,0.15999999999999992,0.10000000000000009,0.15999999999999992
2020-05-01,1,0,1,0.48333333333333334,0.5666666666666667,0.7270487322356266,0.5679840376059393,0.2669444444444444,0.1877777777777778,0.004249827591976452,4.394278678730484,0.0633986080557374,2.2858076156258162,2.4624733385966597,none,Ret_Vol_20,0,1,0.0,0.1333333333333333,-0.033333333333333326,0.1333333333333333
2020-05-04,1,1,1,0.5133333333333333,0.51,0.666829872242572,0.6733445532637656,0.23684444444444447,0.24009999999999998,0.009040556385797371,4.402525474670606,0.06866761551393513,2.2654838306290292,2.461255623711132,none,Ret_Vol_20,0,1,0.026666666666666616,0.020000000000000018,0.026666666666666616,0.020000000000000018
2020-05-05,0,1,1,0.5166666666666667,0.55,0.7270487322356267,0.7985076962177717,0.2669444444444445,0.30250000000000005,-0.006979410390386298,4.411621589701022,0.06524261860737697,2.3694194010176512,2.4950472417679173,none,Ret_Vol_20,0,1,0.03333333333333344,0.10000000000000009,0.03333333333333344,0.10000000000000009
2020-05-06,1,1,1,0.5,0.51,0.6931471805599453,0.6733445532637656,0.25,0.24009999999999998,0.011504630788313985,4.421594314772737,0.0703738969055962,2.348373260696416,2.494261873189698,none,Ret_Vol_20,0,1,0.0,0.020000000000000018,0.0,0.020000000000000018
2020-05-07,1,0,1,0.47,0.5933333333333334,0.7550225842780328,0.5219989243641159,0.28090000000000004,0.16537777777777773,0.016871538638701944,4.432475047238357,0.06930993413862457,2.177442438672318,2.447015730738626,none,Ret_Vol_20,0,1,0.0,0.18666666666666676,-0.06000000000000005,0.18666666666666676
2020-05-08,1,1,1,0.53,0.5133333333333333,0.6348782724359695,0.666829872242572,0.22089999999999999,0.23684444444444447,0.00013307822091168653,4.444299929049099,0.07305402221974219,2.151561891200169,2.445104745645613,none,Ret_Vol_20,0,1,0.06000000000000005,0.026666666666666616,0.06000000000000005,0.026666666666666616
2020-05-11,0,1,1,0.5166666666666667,0.54,0.7270487322356267,0.7765287894989964,0.2669444444444445,0.2916,-0.020500317528877154,4.457110642331223,0.07305402221974219,2.2346817745695757,2.4751649959692847,none,Ret_Vol_20,0,1,0.03333333333333344,0.08000000000000007,0.03333333333333344,0.08000000000000007
2020-05-12,0,1,1,0.5133333333333333,0.5533333333333333,0.7201758529478646,0.8059426747052897,0.2635111111111111,0.30617777777777777,-0.01746272460422804,4.470955409829425,0.07129166981795934,2.3462855120000214,2.513655318477164,none,Ret_Vol_20,0,1,0.026666666666666616,0.10666666666666669,0.026666666666666616,0.10666666666666669
2020-05-13,1,1,1,0.5433333333333333,0.51,0.6100322738494387,0.6733445532637656,0.20854444444444445,0.24009999999999998,0.01152482269503552,4.485890266002116,0.07255502751403778,2.3254632131037885,2.513761578586194,none,Ret_Vol_20,0,1,0.08666666666666667,0.020000000000000018,0.08666666666666667,0.020000000000000018
2020-05-14,1,1,1,0.5866666666666667,0.55,0.5332984796180493,0.5978370007556204,0.17084444444444444,0.20249999999999996,0.0039263632504382695,4.501980691425547,0.07126270046192791,2.229916531223023,2.491146046075704,none,Ret_Vol_20,0,1,0.17333333333333334,0.10000000000000009,0.17333333333333334,0.10000000000000009
2020-05-15,1,1,1,0.5266666666666666,0.58,0.6411874416292344,0.5447271754416722,0.2240444444444445,0.17640000000000003,0.03150119163168075,4.519303743467367,0.06788957833220446,2.0824588668282664,2.4528260309350878,none,Ret_Vol_20,0,1,0.05333333333333323,0.15999999999999992,0.05333333333333323,0.15999999999999992
2020-05-18,0,1,1,0.52,0.6,0.7339691750802004,0.916290731874155,0.27040000000000003,0.36,-0.010484399194493177,4.537950878066515,0.06737025924004361,2.304771911729691,2.5268230025175265,none,Ret_Vol_20,0,1,0.040000000000000036,0.19999999999999996,0.040000000000000036,0.19999999999999996
2020-05-19,1,1,1,0.51,0.56,0.6733445532637656,0.579818495252942,0.24009999999999998,0.19359999999999997,0.01665110025908012,4.55803175496463,0.06547969156046761,2.1915187453410123,2.500312233056296,none,Ret_Vol_20,0,1,0.020000000000000018,0.1200000000000001,0.020000000000000018,0.1200000000000001
2020-05-20,0,1,0,0.5266666666666666,0.4866666666666667,0.7479554170549402,0.666829872242572,0.2773777777777777,0.23684444444444447,-0.007773596407737116,4.579679476987989,0.06323519891819702,2.1654835842049476,2.500487425732139,none,Ret_Vol_20,0,1,0.05333333333333323,0.0,0.05333333333333323,-0.026666666666666616
2020-05-21,1,1,1,0.5566666666666666,0.5266666666666666,0.585788662239446,0.6411874416292344,0.19654444444444447,0.2240444444444445,0.002353711326488428,4.60305797958234,0.06472359227472478,2.114209723641088,2.4949031866076803,none,Ret_Vol_20,0,1,0.11333333333333329,0.05333333333333323,0.11333333333333329,0.05333333333333323
2020-05-22,1,1,0,0.52,0.48333333333333334,0.6539264674066639,0.7270487322356266,0.2304,0.2669444444444444,0.012289184036080147,4.628372750108754,0.062453458901111834,2.148529034070888,2.5146438479351017,none,Ret_Vol_20,0,1,0.040000000000000036,0.0,0.040000000000000036,-0.033333333333333326
2020-05-26,1,1,1,0.5,0.5466666666666666,0.6931471805599453,0.6039160468320027,0.25,0.20551111111111114,0.014827297215913804,4.664573829942853,0.06083166650737107,2.060398838904555,2.502198683600719,none,Ret_Vol_20,0,1,0.0,0.09333333333333327,0.0,0.09333333333333327
2020-05-27,0,1,0,0.5433333333333333,0.47333333333333333,0.7838015488280762,0.6411874416292344,0.2952111111111111,0.22404444444444443,-0.0021079145460738413,4.705458509351587,0.06017629978914768,2.0099282736527746,2.5032147757732117,none,Ret_Vol_20,0,1,0.08666666666666667,0.0,0.08666666666666667,-0.053333333333333344
2020-05-28,1,1,1,0.5533333333333333,0.56,0.5917946862996578,0.579818495252942,0.1995111111111111,0.19359999999999997,0.004812335824971425,4.733344400009204,0.05956141715810268,1.8989360310521874,2.480886994466769,none,Ret_Vol_20,0,1,0.10666666666666669,0.1200000000000001,0.10666666666666669,0.1200000000000001
2020-05-29,1,0,1,0.47333333333333333,0.5566666666666666,0.7479554170549403,0.585788662239446,0.2773777777777777,0.19654444444444447,0.003751234813537785,4.763768832658021,0.06083166650737107,1.8381764202272959,2.475209959083609,none,Ret_Vol_20,0,1,0.0,0.11333333333333329,-0.053333333333333344,0.11333333333333329
2020-06-01,1,1,0,0.5166666666666667,0.49,0.6603573577369544,0.7133498878774648,0.23361111111111105,0.2601,0.008210832780053412,4.754778004655901,0.06196233137221642,1.8178582893491333,2.4658573880787653,none,Ret_Vol_20,0,1,0.03333333333333344,0.0,0.03333333333333344,-0.020000000000000018
2020-06-02,1,1,1,0.5133333333333333,0.5366666666666666,0.666829872242572,0.6223781096717381,0.23684444444444447,0.21467777777777783,0.013648979133831007,4.763768832658021,0.06121580865674792,1.8823364611734261,2.488573214012261,none,Ret_Vol_20,0,1,0.026666666666666616,0.07333333333333325,0.026666666666666616,0.07333333333333325
2020-06-03,0,0,1,0.4866666666666667,0.5333333333333333,0.666829872242572,0.7621400520468967,0.23684444444444447,0.28444444444444444,-0.0033687022311144066,4.794056911194884,0.06242000055228457,1.8224580612896908,2.4830861830305464,none,Ret_Vol_20,0,1,0.0,0.06666666666666665,-0.026666666666666616,0.06666666666666665
2020-06-04,1,1,1,0.5233333333333333,0.6033333333333334,0.647536669307893,0.5052854433903752,0.2272111111111111,0.1573444444444444,0.026211650818398713,4.790558233748211,0.06529022773911607,1.9940121278186989,2.534014000166629,none,Ret_Vol_20,0,1,0.046666666666666634,0.20666666666666678,0.046666666666666634,0.20666666666666678
2020-06-05,1,1,1,0.5533333333333333,0.5433333333333333,0.5917946862996578,0.6100322738494387,0.1995111111111111,0.20854444444444445,0.012041579421169235,4.862887450954747,0.0682059372240553,2.0722841425615877,2.587302004317592,none,Ret_Vol_20,0,1,0.10666666666666669,0.08666666666666667,0.10666666666666669,0.08666666666666667
2020-06-08,0,1,1,0.53,0.5033333333333333,0.7550225842780328,0.6998361687107418,0.28090000000000004,0.2533444444444444,-0.007799170822611612,4.869216743536942,0.07254568893057556,2.060835225609493,2.5877009717767976,none,Ret_Vol_20,0,1,0.06000000000000005,0.006666666666666599,0.06000000000000005,0.006666666666666599
2020-06-09,0,1,1,0.5333333333333333,0.52,0.7621400520468967,0.7339691750802004,0.28444444444444444,0.27040000000000003,-0.0053130910724373814,5.813659044562467,0.07319622051948305,2.015578887454522,2.952096150217188,moderate,Ret_Vol_20,1,1,0.06666666666666665,0.040000000000000036,0.06666666666666665,0.040000000000000036
2020-06-10,0,1,1,0.5266666666666666,0.58,0.7479554170549402,0.867500567704723,0.2773777777777777,0.3364,-0.05894405927443824,3.810255716401363,0.00025073241366263175,0.0,1.5241775062846439,none,Ret_Vol_20,0,1,0.05333333333333323,0.15999999999999992,0.05333333333333323,0.15999999999999992
2020-06-11,1,1,1,0.5466666666666666,0.5466666666666666,0.6039160468320027,0.6039160468320027,0.20551111111111114,0.20551111111111114,0.013060843963234703,3.8574103229739047,0.0008857600146449766,0.13179226043636005,1.5827675353248634,none,Ret_Vol_20,0,1,0.09333333333333327,0.09333333333333327,0.09333333333333327,0.09333333333333327
2020-06-12,1,1,1,0.5533333333333333,0.55,0.5917946862996578,0.5978370007556204,0.1995111111111111,0.20249999999999996,0.008312217041285264,3.9137315099612477,0.0013740495885130345,0.22370646477818834,1.6330167582945097,none,Ret_Vol_20,0,1,0.10666666666666669,0.10000000000000009,0.10666666666666669,0.10000000000000009
2020-06-15,1,1,1,0.5533333333333333,0.5133333333333333,0.5917946862996578,0.666829872242572,0.1995111111111111,0.23684444444444447,0.01896239819380252,3.985416067018334,0.0020245811774205116,0.2408974644193459,1.6670430404863636,none,Ret_Vol_20,0,1,0.10666666666666669,0.026666666666666616,0.10666666666666669,0.026666666666666616
2020-06-16,0,1,0,0.5433333333333333,0.4266666666666667,0.7838015488280762,0.5562879978427482,0.2952111111111111,0.18204444444444448,-0.0036002995561740248,4.091298843828649,0.07475714632045616,0.343083763652131,1.7618718105232356,none,Ret_Vol_20,0,1,0.08666666666666667,0.0,0.08666666666666667,-0.1466666666666666
2020-06-17,1,1,1,0.56,0.6433333333333333,0.579818495252942,0.44109228575131554,0.19359999999999997,0.12721111111111114,0.0005942198825281686,5.063600607380702,0.07146599792612399,0.5242354397556458,2.204150674256812,none,Ret_Vol_20,0,1,0.1200000000000001,0.2866666666666666,0.1200000000000001,0.2866666666666666
2020-06-18,0,1,1,0.57,0.6033333333333334,0.8439700702945289,0.9246589815446719,0.32489999999999997,0.3640111111111112,-0.005649494809462974,6.036071252665112,0.07156372438375609,0.26502256573578165,2.515404388101906,none,Ret_Vol_20,0,1,0.1399999999999999,0.20666666666666678,0.1399999999999999,0.20666666666666678
2020-06-19,1,1,1,0.5733333333333334,0.5,0.556287997842748,0.6931471805599453,0.18204444444444443,0.25,0.006495095537691675,6.108437227905888,0.07751367772968179,0.28345131292560954,2.551664388358943,none,Ret_Vol_20,0,1,0.14666666666666672,0.0,0.14666666666666672,0.0
2020-06-22,1,1,1,0.5266666666666666,0.57,0.6411874416292344,0.5621189181535413,0.2240444444444445,0.18490000000000004,0.004307419569164139,6.180564918722036,0.07922157393488657,0.33570841438617716,2.5967049639851334,moderate,Ret_Vol_20,1,1,0.05333333333333323,0.1399999999999999,0.05333333333333323,0.1399999999999999
2020-06-23,0,1,1,0.5133333333333333,0.5166666666666667,0.7201758529478646,0.7270487322356267,0.2635111111111111,0.2669444444444445,-0.025855145939064572,6.214588457450327,0.0,0.0,2.485835382980131,none,Ret_Vol_20,0,1,0.026666666666666616,0.03333333333333344,0.026666666666666616,0.03333333333333344
2020-06-24,1,1,1,0.51,0.66,0.6733445532637656,0.4155154439616658,0.24009999999999998,0.11559999999999998,0.010959447267809841,7.1875495380163805,0.0008617554938487905,0.15576664413698044,2.9220083350958013,moderate,Ret_Vol_20,0,1,0.020000000000000018,0.32000000000000006,0.020000000000000018,0.32000000000000006
2020-06-25,0,1,1,0.51,0.6066666666666667,0.7133498878774648,0.9330978501905364,0.2601,0.36804444444444445,-0.024226905044785974,7.293791483367761,0.0030746350576522567,0.2412105080612601,2.990802136282778,moderate,Ret_Vol_20,0,1,0.020000000000000018,0.21333333333333337,0.020000000000000018,0.21333333333333337
2020-06-26,1,1,1,0.5966666666666667,0.57,0.516396668815446,0.5621189181535413,0.16267777777777775,0.18490000000000004,0.014685678433118632,8.259671565685132,0.0032937543928477798,0.14388419007945885,3.3480220096157445,high,Ret_Vol_20,0,1,0.19333333333333336,0.1399999999999999,0.19333333333333336,0.1399999999999999
2020-06-29,1,1,1,0.5666666666666667,0.55,0.5679840376059393,0.5978370007556204,0.1877777777777778,0.20249999999999996,0.015409875731554612,8.284102410133896,0.003279951697986952,0.146612906285579,3.358608821448628,high,Ret_Vol_20,1,1,0.1333333333333333,0.10000000000000009,0.1333333333333333,0.10000000000000009
2020-06-30,1,0,0,0.49,0.31666666666666665,0.7133498878774648,1.1499055830556604,0.2601,0.46694444444444444,0.005022132820864389,8.18992885535671,0.16992497444579108,0.0,3.3269490344764217,high,Ret_Vol_20,0,1,0.0,0.0,-0.020000000000000018,-0.3666666666666667
2020-07-01,1,1,0,0.5033333333333333,0.49666666666666665,0.6865026378412769,0.699836168710742,0.2466777777777778,0.25334444444444454,0.004541250844364075,8.217632307472147,0.16890461083963276,0.22503470717245921,3.4052347183924865,high,Ret_Vol_20,0,1,0.006666666666666599,0.0,0.006666666666666599,-0.00666666666666671
2020-07-02,1,1,0,0.51,0.44333333333333336,0.6733445532637656,0.8134333464344472,0.24009999999999998,0.30987777777777775,0.01588172586745884,8.247494536803814,0.15837153225285397,0.2993263934716285,3.4363071924388704,high,Ret_Vol_20,0,1,0.020000000000000018,0.0,0.020000000000000018,-0.11333333333333329
2020-07-06,0,1,0,0.58,0.39,0.867500567704723,0.4942963218147801,0.3364,0.1521,-0.010818532028197159,8.279862462087156,0.1498275513564596,0.5943979266607557,3.535212628240027,high,Ret_Vol_20,1,1,0.15999999999999992,0.0,0.15999999999999992,-0.21999999999999997
2020-07-07,1,0,1,0.49666666666666665,0.6133333333333333,0.699836168710742,0.4888467170472155,0.25334444444444454,0.14951111111111115,0.007827461915415501,8.206500017294754,0.00045839433882955164,0.0,3.2827375252195505,high,Ret_Vol_20,0,1,0.0,0.22666666666666657,-0.00666666666666671,0.22666666666666657
2020-07-08,0,1,1,0.5133333333333333,0.7,0.7201758529478646,1.203972804325936,0.2635111111111111,0.48999999999999994,-0.005643606159361103,8.244894021430865,0.0009495218677249471,0.3575630436393602,3.4055113782244715,high,Ret_Vol_20,0,1,0.026666666666666616,0.3999999999999999,0.026666666666666616,0.3999999999999999
2020-07-09,1,0,1,0.4766666666666667,0.6533333333333333,0.7409378443962937,0.4256678154256838,0.2738777777777778,0.12017777777777779,0.01046620127324438,8.287933092553933,0.0013204878191190863,0.2804946301739279,3.399717772419488,high,Ret_Vol_20,0,1,0.0,0.30666666666666664,-0.046666666666666634,0.30666666666666664
2020-07-10,0,0,1,0.47333333333333333,0.65,0.6411874416292344,1.0498221244986778,0.22404444444444443,0.42250000000000004,-0.009362541127788226,8.298525880779815,0.00205146247246707,0.3348131726397319,3.420469742845586,high,Ret_Vol_20,0,1,0.0,0.30000000000000004,-0.053333333333333344,0.30000000000000004
2020-07-13,1,1,1,0.5233333333333333,0.5666666666666667,0.647536669307893,0.5679840376059393,0.2272111111111111,0.1877777777777778,0.013406370782667931,8.321601399776622,0.0022321483096571317,0.20202453317437946,3.38991756435586,high,Ret_Vol_20,1,1,0.046666666666666634,0.1333333333333333,0.046666666666666634,0.1333333333333333
2020-07-14,1,0,0,0.45666666666666667,0.3433333333333333,0.7838015488280762,1.0690534864265653,0.2952111111111111,0.4312111111111112,0.009082050740923053,8.384749486478587,0.0035657625860476437,0.0,3.3549695233672487,high,Ret_Vol_20,0,1,0.0,0.0,-0.08666666666666667,-0.31333333333333335
2020-07-15,0,1,0,0.5233333333333333,0.43333333333333335,0.7409378443962937,0.5679840376059393,0.2738777777777778,0.1877777777777778,-0.0034061012455366413,8.457034183790032,0.004515284453772615,0.250534724410313,3.4593286761752386,high,Ret_Vol_20,0,1,0.046666666666666634,0.0,0.046666666666666634,-0.1333333333333333
2020-07-16,1,0,1,0.4866666666666667,0.6333333333333333,0.7201758529478646,0.456758402495715,0.2635111111111111,0.13444444444444448,0.002848612194617406,9.398395497041426,0.005211170087713993,0.49170829742400457,3.908434039070086,high,Ret_Vol_20,0,1,0.0,0.2666666666666666,-0.026666666666666616,0.2666666666666666
2020-07-17,1,0,1,0.45666666666666667,0.57,0.7838015488280762,0.5621189181535413,0.2952111111111111,0.18490000000000004,0.0084069387471426,9.398395497041426,0.005211170087713966,0.5935680904409035,3.9389919769751556,high,Ret_Vol_20,0,1,0.0,0.1399999999999999,-0.08666666666666667,0.1399999999999999
2020-07-20,1,1,0,0.5166666666666667,0.4533333333333333,0.6603573577369544,0.7911275889201491,0.23361111111111105,0.2988444444444444,0.0016790373419135474,9.39052463733077,0.006160691955438938,0.49184898824113643,3.905612758991281,high,Ret_Vol_20,1,1,0.03333333333333344,0.0,0.03333333333333344,-0.09333333333333338
2020-07-21,1,1,1,0.5033333333333333,0.56,0.6865026378412769,0.579818495252942,0.2466777777777778,0.19359999999999997,0.005747082068739751,9.39052463733077,0.00018625067263515005,0.0,3.756265730134099,high,Ret_Vol_20,0,1,0.006666666666666599,0.1200000000000001,0.006666666666666599,0.1200000000000001
2020-07-22,0,0,1,0.42333333333333334,0.5733333333333334,0.5504908801584221,0.8517522107365839,0.17921111111111113,0.3287111111111111,-0.012319859824193036,9.38588809354655,0.00039500728011506277,0.13596685774182093,3.7952637969252008,high,Ret_Vol_20,0,1,0.0,0.14666666666666672,-0.15333333333333332,0.14666666666666672
2020-07-23,0,0,1,0.4866666666666667,0.6566666666666666,0.666829872242572,1.069053486426565,0.23684444444444447,0.43121111111111105,-0.006190400054688405,9.384356372577953,0.00039500728011506277,0.3714789466963556,3.8653047352241225,high,Ret_Vol_20,0,1,0.0,0.31333333333333324,-0.026666666666666616,0.31333333333333324
2020-07-24,1,0,1,0.49333333333333335,0.75,0.706570200892086,0.2876820724517809,0.25671111111111106,0.0625,0.007395138795039502,9.35977425614684,0.06534771871140917,0.4093944937651871,3.886332366201715,high,Ret_Vol_20,0,1,0.0,0.5,-0.013333333333333308,0.5
2020-07-27,0,0,1,0.43333333333333335,0.56,0.5679840376059393,0.8209805520698303,0.1877777777777778,0.31360000000000005,-0.006473392152297919,8.386345338135623,0.06553710778858318,0.31027130508289724,3.4672806591156933,high,Ret_Vol_20,1,1,0.0,0.1200000000000001,-0.1333333333333333,0.1200000000000001
2020-07-28,1,1,1,0.5033333333333333,0.6433333333333333,0.6865026378412769,0.44109228575131554,0.2466777777777778,0.12721111111111114,0.01242838167815008,8.363431991792192,0.0,0.0,3.3453727967168767,high,Ret_Vol_20,0,1,0.006666666666666599,0.2866666666666666,0.006666666666666599,0.2866666666666666
2020-07-29,0,0,0,0.49666666666666665,0.49666666666666665,0.6865026378412766,0.6865026378412766,0.24667777777777775,0.24667777777777775,-0.003750251937389204,8.256559810986925,0.00023166644596310255,0.12270517604498055,3.3395049771420533,high,Ret_Vol_20,0,1,0.0,0.0,-0.00666666666666671,-0.00666666666666671
2020-07-30,1,0,1,0.44333333333333336,0.6533333333333333,0.8134333464344472,0.4256678154256838,0.30987777777777775,0.12017777777777779,0.007670504990141325,8.18386952280459,0.0002787835123554093,0.09208643091374152,3.3012573734496655,high,Ret_Vol_20,0,1,0.0,0.30666666666666664,-0.11333333333333329,0.30666666666666664
2020-07-31,1,0,1,0.46,0.5933333333333334,0.7765287894989963,0.5219989243641159,0.2916,0.16537777777777773,0.00718102343932614,8.12652573657559,0.0012370086200642742,0.08890292239522363,3.277652273934823,high,Ret_Vol_20,0,1,0.0,0.18666666666666676,-0.07999999999999996,0.18666666666666676
2020-08-03,1,0,1,0.41,0.5633333333333334,0.8915981192837836,0.5738837597331276,0.3481000000000001,0.19067777777777775,0.0036119303819721615,8.07833109460032,0.001165634044306572,0.07785692875978062,3.2550392066813547,high,Ret_Vol_20,1,1,0.0,0.1266666666666667,-0.18000000000000005,0.1266666666666667
2020-08-04,1,0,1,0.43666666666666665,0.56,0.8285851514550495,0.579818495252942,0.3173444444444445,0.19359999999999997,0.006429743053199433,7.113255723021975,0.0,0.0,2.8453022892087905,moderate,Ret_Vol_20,0,1,0.0,0.1200000000000001,-0.1266666666666667,0.1200000000000001
2020-08-05,1,0,0,0.37333333333333335,0.41,0.9852836033611064,0.8915981192837836,0.3927111111111112,0.3481000000000001,0.00642769555966427,7.007831448579235,0.006931471804599297,0.15588981201542085,2.8519789645777,moderate,Ret_Vol_20,0,1,0.0,0.0,-0.2533333333333333,-0.18000000000000005
2020-08-06,1,0,0,0.43,0.49,0.843970070294529,0.7133498878774648,0.3249000000000001,0.2601,0.0006330295486443038,6.9363739454964115,0.007198288831806836,0.14098419908815552,2.819004324574554,moderate,Ret_Vol_20,0,1,0.0,0.0,-0.14,-0.020000000000000018
2020-08-07,1,0,0,0.4033333333333333,0.45666666666666667,0.90799192905946,0.7838015488280762,0.3560111111111111,0.2952111111111111,0.002742218294476073,6.880183210176852,0.007980028848892033,0.182643735105665,2.8092604132571077,moderate,Ret_Vol_20,0,1,0.0,0.0,-0.19333333333333336,-0.08666666666666667
2020-08-10,0,0,0,0.39,0.36333333333333334,0.4942963218147801,0.4515090466095711,0.1521,0.1320111111111111,-0.007969132154236114,6.83310463728741,0.012430770268952184,0.23250637296079651,2.8067229978838886,moderate,Ret_Vol_20,1,1,0.0,0.0,-0.21999999999999997,-0.2733333333333333
2020-08-11,1,1,1,0.5133333333333333,0.5,0.666829872242572,0.6931471805599453,0.23684444444444447,0.25,0.013996549490237653,6.792049023936142,0.0005960016118434068,0.0,2.7169984100580105,moderate,Ret_Vol_20,0,1,0.026666666666666616,0.0,0.026666666666666616,0.0
2020-08-12,0,0,1,0.44,0.51,0.579818495252942,0.7133498878774648,0.1936,0.2601,-0.002047174350497949,6.751402062285561,0.0009695649340285542,0.010101353658759749,2.703882100492061,moderate,Ret_Vol_20,0,1,0.0,0.020000000000000018,-0.12,0.020000000000000018
2020-08-13,0,0,1,0.4,0.5933333333333334,0.5108256237659907,0.8997614299229446,0.16000000000000003,0.3520444444444445,-0.00017188262276812694,6.715414062632588,0.004326570912596294,0.1411099507949195,2.72979658156529,moderate,Ret_Vol_20,0,1,0.0,0.18666666666666676,-0.19999999999999996,0.18666666666666676
2020-08-14,1,0,1,0.3933333333333333,0.5933333333333334,0.9330978501905364,0.5219989243641159,0.36804444444444445,0.16537777777777773,0.0027098425110787527,6.683097777273953,0.004573741346484602,0.1850654313170017,2.730130862708627,moderate,Ret_Vol_20,0,1,0.0,0.18666666666666676,-0.21333333333333337,0.18666666666666676
2020-08-17,1,0,0,0.43333333333333335,0.41333333333333333,0.8362480242006186,0.8835009090511642,0.32111111111111107,0.3441777777777778,0.002303389154016955,6.653793044327183,0.0053232098467135384,0.14114924269603724,2.7054589534936984,moderate,Ret_Vol_20,1,1,0.0,0.0,-0.1333333333333333,-0.17333333333333334
2020-08-18,0,0,0,0.44,0.35333333333333333,0.579818495252942,0.43592431559287287,0.1936,0.12484444444444444,-0.0044043954214108005,6.627033573992681,0.0009357191728641607,0.0,2.6510941453489316,moderate,Ret_Vol_20,0,1,0.0,0.0,-0.12,-0.29333333333333333
2020-08-19,1,0,0,0.49333333333333335,0.41333333333333333,0.706570200892086,0.8835009090511642,0.25671111111111106,0.3441777777777778,0.0031586327691348615,6.602476039132906,0.001514876186013928,0.22378829672914569,2.7085813675277106,moderate,Ret_Vol_20,0,1,0.0,0.0,-0.013333333333333308,-0.17333333333333334
2020-08-20,1,0,0,0.3466666666666667,0.44,1.0593915755148284,0.8209805520698302,0.4268444444444444,0.31360000000000005,0.0034411070444764214,5.632244153592942,0.0021444670237377554,0.33130025656102013,2.3529310785126043,none,Ret_Vol_20,0,1,0.0,0.0,-0.30666666666666664,-0.12
2020-08-21,1,0,0,0.31,0.3233333333333333,1.171182981502945,1.1290714961528183,0.4760999999999999,0.4578777777777779,0.010043718303008653,5.528470274119627,0.003074621361156823,0.643002434497167,2.405211226405348,none,Ret_Vol_20,0,1,0.0,0.0,-0.38,-0.3533333333333334
2020-08-24,1,0,0,0.37,0.24666666666666667,0.9942522733438669,1.3997173814520312,0.39690000000000003,0.5675111111111111,0.0035963511532906,5.4589351137690985,0.08517218941109601,1.1088808850854548,2.5417899678566047,none,Ret_Vol_20,0,1,0.0,0.0,-0.26,-0.5066666666666666
2020-08-25,1,0,0,0.37666666666666665,0.2633333333333333,0.9763946559438605,1.3343346221891796,0.3885444444444444,0.5426777777777778,0.010195626139483993,4.48934895591766,0.08691644422284772,1.4426272945233183,2.254602703990914,none,Ret_Vol_20,0,1,0.0,0.0,-0.2466666666666667,-0.4733333333333334
2020-08-26,1,0,0,0.45666666666666667,0.27,0.7838015488280762,1.3093333199837622,0.2952111111111111,0.5328999999999999,0.0016730440109038458,4.386234659453946,0.08785881920611137,1.707265957865415,2.293031296903036,none,Ret_Vol_20,0,1,0.0,0.0,-0.08666666666666667,-0.45999999999999996
2020-08-27,1,0,0,0.44,0.29,0.8209805520698302,1.2378743560016174,0.31360000000000005,0.5041,0.00673256535528588,4.317373533531616,0.08211068962032698,1.876298194805373,2.3144720787403568,none,Ret_Vol_20,0,1,0.0,0.0,-0.12,-0.42000000000000004
2020-08-28,0,0,0,0.42,0.32,0.5447271754416719,0.3856624808119848,0.17639999999999997,0.1024,-0.0021949627140287475,4.263932928314573,0.0808378220743464,1.2690274052501065,2.1105327395231654,none,Ret_Vol_20,0,1,0.0,0.0,-0.16000000000000003,-0.36
2020-08-31,1,0,0,0.49666666666666665,0.42,0.699836168710742,0.8675005677047231,0.25334444444444454,0.3364000000000001,0.007525003016613407,4.219718387667923,0.08004531435176007,1.156137972853831,2.0587423412288466,none,Ret_Vol_20,0,1,0.0,0.0,-0.00666666666666671,-0.16000000000000003
2020-09-01,1,0,0,0.41333333333333333,0.33,0.8835009090511642,1.1086626245216111,0.3441777777777778,0.4488999999999999,0.015365910154807594,4.181848958002231,0.08347760228202536,1.2727494495998426,2.079607698765453,none,Ret_Vol_20,0,1,0.0,0.0,-0.17333333333333334,-0.33999999999999997
2020-09-02,0,0,0,0.41333333333333333,0.2633333333333333,0.5332984796180493,0.30561977313844824,0.17084444444444444,0.06934444444444443,-0.03512584371534122,4.129146981338398,0.0847707473834092,1.2327775052895857,2.046923268337258,none,Ret_Vol_20,0,1,0.0,0.0,-0.17333333333333334,-0.4733333333333334
2020-09-03,0,1,0,0.55,0.36666666666666664,0.7985076962177717,0.456758402495715,0.30250000000000005,0.13444444444444442,-0.008133027264274895,4.1128358503047755,0.0915710107608308,1.6740914721143136,2.1748330849844537,none,Ret_Vol_20,0,1,0.10000000000000009,0.0,0.10000000000000009,-0.2666666666666667
2020-09-04,0,1,0,0.5766666666666667,0.42,0.8595953881976097,0.5447271754416719,0.3325444444444444,0.17639999999999997,-0.027756342102360998,4.09790276106447,0.09450589242035906,2.0021977235731727,2.2681721892238476,none,Ret_Vol_20,0,1,0.15333333333333332,0.0,0.15333333333333332,-0.16000000000000003
2020-09-08,1,1,0,0.55,0.48,0.5978370007556204,0.7339691750802004,0.20249999999999996,0.27040000000000003,0.02014498633677464,4.084258847165097,0.0947826490788456,2.131804358605481,2.301679641171337,none,Ret_Vol_20,0,1,0.10000000000000009,0.0,0.10000000000000009,-0.040000000000000036
2020-09-09,0,1,0,0.5266666666666666,0.37,0.7479554170549402,0.4620354595965587,0.2773777777777777,0.1369,-0.01758479659017942,4.066173537849044,0.0984347277217467,2.508248437214184,2.4084743646203965,none,Ret_Vol_20,0,1,0.05333333333333323,0.0,0.05333333333333323,-0.26
2020-09-10,1,1,0,0.5333333333333333,0.48333333333333334,0.6286086594223742,0.7270487322356266,0.2177777777777778,0.2669444444444444,0.0005330721905940639,4.049739314334216,0.09917604249291895,2.613124489891488,2.4335858854490087,none,Ret_Vol_20,0,1,0.06666666666666665,0.0,0.06666666666666665,-0.033333333333333326
2020-09-11,1,1,1,0.5433333333333333,0.5933333333333334,0.6100322738494387,0.5219989243641159,0.20854444444444445,0.16537777777777773,0.012741829089357504,4.034827220108292,0.09833759483093776,2.9058322470764795,2.515181840615542,none,Ret_Vol_20,0,1,0.08666666666666667,0.18666666666666676,0.08666666666666667,0.18666666666666676
2020-09-14,1,1,0,0.5133333333333333,0.4633333333333333,0.666829872242572,0.7693085415255093,0.23684444444444447,0.28801111111111105,0.005219359577689042,4.021332028730334,0.0916311586857877,2.9488410113093617,2.5206744624906783,none,Ret_Vol_20,0,1,0.026666666666666616,0.0,0.026666666666666616,-0.07333333333333336
2020-09-15,0,1,0,0.5666666666666667,0.41333333333333333,0.8362480242006186,0.5332984796180493,0.32111111111111107,0.17084444444444444,-0.004618946596211537,4.009167037522897,0.09276914279149981,3.213908896142687,2.595670226689415,moderate,Ret_Vol_20,1,1,0.1333333333333333,0.0,0.1333333333333333,-0.17333333333333334
2020-09-16,0,1,1,0.54,0.64,0.7765287894989964,1.0216512475319814,0.2916,0.4096,-0.008412365876402483,4.060069804712272,0.0004193493118457744,0.0,1.6241537266784627,none,Ret_Vol_20,0,1,0.08000000000000007,0.28,0.08000000000000007,0.28
2020-09-17,0,0,1,0.48333333333333334,0.6566666666666666,0.6603573577369546,1.069053486426565,0.2336111111111111,0.43121111111111105,-0.011182581807410497,4.043635581197444,0.0008745229410072847,0.023701119447291807,1.6248269251954675,none,Ret_Vol_20,0,1,0.0,0.31333333333333324,-0.033333333333333326,0.31333333333333324
2020-09-18,0,1,1,0.6033333333333334,0.5,0.9246589815446719,0.6931471805599453,0.3640111111111112,0.25,-0.011571097930805796,4.028723486971522,0.0011723754789480312,0.23480345761288535,1.682282144716159,none,Ret_Vol_20,0,1,0.20666666666666678,0.0,0.20666666666666678,0.0
2020-09-21,1,1,1,0.5533333333333333,0.5733333333333334,0.5917946862996578,0.556287997842748,0.1995111111111111,0.18204444444444443,0.010517945160813724,4.0152282955935625,0.0011723754789480312,0.5135504378604473,1.7605081622392438,none,Ret_Vol_20,0,1,0.10666666666666669,0.14666666666666672,0.10666666666666669,0.14666666666666672
2020-09-22,0,1,1,0.52,0.64,0.7339691750802004,1.0216512475319814,0.27040000000000003,0.4096,-0.023721455093028143,4.003063304386126,0.0022441558634045122,0.3642574223071101,1.711175795205605,none,Ret_Vol_20,0,1,0.040000000000000036,0.28,0.040000000000000036,0.28
2020-09-23,1,1,1,0.5466666666666666,0.7266666666666667,0.6039160468320027,0.319287411867112,0.20551111111111114,0.0747111111111111,0.0029874591429570607,3.9921565651133957,0.0034210401619309268,0.8251497724000536,1.8454338698139536,none,Ret_Vol_20,0,1,0.09333333333333327,0.45333333333333337,0.09333333333333327,0.45333333333333337
2020-09-24,1,1,1,0.5333333333333333,0.66,0.6286086594223742,0.4155154439616658,0.2177777777777778,0.11559999999999998,0.0159767237756141,3.982448101930005,0.003921958297723428,1.1377191878272448,1.9354715846094925,none,Ret_Vol_20,0,1,0.06666666666666665,0.32000000000000006,0.06666666666666665,0.32000000000000006
2020-09-25,1,1,1,0.5266666666666666,0.5333333333333333,0.6411874416292344,0.6286086594223742,0.2240444444444445,0.2177777777777778,0.016110590199083896,3.973887825148696,0.004565839419774564,1.2247608627979172,1.958353140724786,none,Ret_Vol_20,0,1,0.05333333333333323,0.06666666666666665,0.05333333333333323,0.06666666666666665
2020-09-28,0,1,1,0.53,0.53,0.7550225842780328,0.7550225842780328,0.28090000000000004,0.28090000000000004,-0.0048126645432444715,3.973887825148696,0.0051447795904414634,1.1897633073445963,1.94802755613999,none,Ret_Vol_20,0,1,0.06000000000000005,0.06000000000000005,0.06000000000000005,0.06000000000000005
2020-09-29,1,1,1,0.5233333333333333,0.7233333333333334,0.647536669307893,0.3238851211157414,0.2272111111111111,0.07654444444444441,0.008253718228220741,3.973887825148696,0.00654421974112202,1.5462892242826698,2.055405163266616,none,Ret_Vol_20,0,1,0.046666666666666634,0.44666666666666677,0.046666666666666634,0.44666666666666677
2020-09-30,1,1,1,0.56,0.5733333333333334,0.579818495252942,0.556287997842748,0.19359999999999997,0.18204444444444443,0.005292907769290922,3.973887825148696,0.006448872995718589,1.659128351747276,2.089228297482377,none,Ret_Vol_20,0,1,0.1200000000000001,0.14666666666666672,0.1200000000000001,0.14666666666666672
2020-10-01,0,1,1,0.5433333333333333,0.5366666666666666,0.7838015488280762,0.7693085415255092,0.2952111111111111,0.28801111111111105,-0.009577652178616392,3.966433946957815,0.006448872995718589,1.5672953868806339,2.0586968567460318,none,Ret_Vol_20,0,1,0.08666666666666667,0.07333333333333325,0.08666666666666667,0.07333333333333325
2020-10-02,1,0,1,0.4633333333333333,0.6366666666666667,0.7693085415255093,0.4515090466095711,0.28801111111111105,0.13201111111111108,0.01797270867614209,3.9600517672249125,0.008211091630162566,1.7758798761569072,2.1192479972260863,none,Ret_Vol_20,0,1,0.0,0.27333333333333343,-0.07333333333333336,0.27333333333333343
2020-10-05,0,0,0,0.42333333333333334,0.3333333333333333,0.5504908801584221,0.4054651081081643,0.17921111111111113,0.1111111111111111,-0.013973515692226712,3.954712738008694,0.009257803404095209,2.0123205590933244,2.188358603952704,none,Ret_Vol_20,0,1,0.0,0.0,-0.15333333333333332,-0.33333333333333337
2020-10-06,1,1,1,0.5,0.5366666666666666,0.6931471805599453,0.6223781096717381,0.25,0.21467777777777783,0.01739675486921799,3.950393742514421,0.01060143565130766,2.030546395041312,2.1925018462135544,none,Ret_Vol_20,0,1,0.0,0.07333333333333325,0.0,0.07333333333333325
2020-10-07,1,0,0,0.45,0.30666666666666664,0.7985076962177716,1.181993897607161,0.30250000000000005,0.48071111111111114,0.008010123642494982,3.947076542835532,0.012134556159354198,1.5229933150530908,2.0393689784979463,none,Ret_Vol_20,0,1,0.0,0.0,-0.09999999999999998,-0.3866666666666667
2020-10-08,1,0,1,0.47333333333333333,0.54,0.7479554170549403,0.616186139423817,0.2773777777777777,0.21159999999999995,0.00879353312061526,3.938251202244033,0.013824142313439196,1.5778212474720301,2.052794097833254,none,Ret_Vol_20,0,1,0.0,0.08000000000000007,-0.053333333333333344,0.08000000000000007
2020-10-09,1,1,0,0.5266666666666666,0.42,0.6411874416292344,0.8675005677047231,0.2240444444444445,0.3364000000000001,0.01641581296364758,3.9308068720673965,0.01483397642637857,1.3922506680468392,1.994448142168924,none,Ret_Vol_20,0,1,0.05333333333333323,0.0,0.05333333333333323,-0.16000000000000003
2020-10-12,0,1,0,0.5,0.35,0.6931471805599453,0.4307829160924542,0.25,0.12249999999999998,-0.006306918994084421,3.92469266064448,0.015259472354836823,1.6301794732767025,2.0635087479472536,none,Ret_Vol_20,0,1,0.0,0.0,0.0,-0.30000000000000004
2020-10-13,0,1,0,0.5633333333333334,0.49,0.8285851514550495,0.6733445532637656,0.3173444444444445,0.24009999999999998,-0.006623141753502759,3.919868587678033,0.014201931313565187,1.625778282932327,2.0599414993449807,none,Ret_Vol_20,0,1,0.1266666666666667,0.0,0.1266666666666667,-0.020000000000000018
2020-10-14,0,1,1,0.5233333333333333,0.5966666666666667,0.7409378443962937,0.90799192905946,0.2738777777777778,0.3560111111111111,-0.0015277553060997207,3.9163041578943707,0.013319342394426146,1.398112981846546,1.9899513604300398,none,Ret_Vol_20,0,1,0.046666666666666634,0.19333333333333336,0.046666666666666634,0.19333333333333336
2020-10-15,1,0,1,0.47,0.5366666666666666,0.7550225842780328,0.6223781096717381,0.28090000000000004,0.21467777777777783,0.00013491955745537076,3.913977336093949,0.013319342394426146,1.4534274765893078,2.0056149801327,none,Ret_Vol_20,0,1,0.0,0.07333333333333325,-0.06000000000000005,0.07333333333333325
2020-10-16,0,1,1,0.54,0.64,0.7765287894989964,1.0216512475319814,0.2916,0.4096,-0.016329861778318078,3.912873839911446,0.015364494880286409,1.12442355708563,1.9070859515543532,none,Ret_Vol_20,0,1,0.08000000000000007,0.28,0.08000000000000007,0.28
2020-10-19,1,1,0,0.52,0.47,0.6539264674066639,0.7550225842780328,0.2304,0.28090000000000004,0.004727334073110212,3.912986696007088,0.016734872784422997,1.064647269846306,1.889609321192054,none,Ret_Vol_20,0,1,0.040000000000000036,0.0,0.040000000000000036,-0.06000000000000005
2020-10-20,0,0,1,0.48,0.5666666666666667,0.6539264674066639,0.8362480242006186,0.2304,0.32111111111111107,-0.0021956999281005363,3.912986696007088,0.016734872784422997,1.1012607832704389,1.9005933752192938,none,Ret_Vol_20,0,1,0.0,0.1333333333333333,-0.040000000000000036,0.1333333333333333
2020-10-21,1,1,1,0.5066666666666667,0.5333333333333333,0.6799019538099246,0.6286086594223742,0.24337777777777775,0.2177777777777778,0.005218925396392127,3.9141377453850144,0.018528795729177018,1.0317629883638897,1.880742633381926,none,Ret_Vol_20,0,1,0.01333333333333342,0.06666666666666665,0.01333333333333342,0.06666666666666665
2020-10-22,1,0,1,0.45,0.5633333333333334,0.7985076962177716,0.5738837597331276,0.30250000000000005,0.19067777777777775,0.003445761353703114,3.9141377453850144,0.01660638818899065,1.1184052607326327,1.9061585928304927,none,Ret_Vol_20,0,1,0.0,0.1266666666666667,-0.09999999999999998,0.1266666666666667
2020-10-23,0,0,1,0.46,0.5833333333333334,0.616186139423817,0.8754687373539001,0.2116,0.34027777777777785,-0.018589516294535646,3.916445945931137,0.01535259511551081,1.0876055748897564,1.897465829374035,none,Ret_Vol_20,0,1,0.0,0.16666666666666674,-0.07999999999999996,0.16666666666666674
2020-10-26,0,0,1,0.47,0.53,0.6348782724359695,0.7550225842780328,0.22089999999999999,0.28090000000000004,-0.0030256189119989285,3.919923670672271,0.017598153096683524,1.1407266800672007,1.9154669182180737,none,Ret_Vol_20,0,1,0.0,0.06000000000000005,-0.06000000000000005,0.06000000000000005
2020-10-27,0,1,1,0.5233333333333333,0.5666666666666667,0.7409378443962937,0.8362480242006186,0.2738777777777778,0.32111111111111107,-0.035287878760604796,3.919923670672271,0.016076968672142075,1.2705950069972296,1.95397106096972,none,Ret_Vol_20,0,1,0.046666666666666634,0.1333333333333333,0.046666666666666634,0.1333333333333333
2020-10-28,1,1,0,0.5433333333333333,0.3933333333333333,0.6100322738494387,0.9330978501905364,0.20854444444444445,0.36804444444444445,0.011947330894238384,3.919923670672271,0.01797816631321882,1.4899996711133072,2.0203628194968664,none,Ret_Vol_20,0,1,0.08666666666666667,0.0,0.08666666666666667,-0.21333333333333337
2020-10-29,0,1,0,0.58,0.45666666666666667,0.867500567704723,0.6100322738494387,0.3364,0.20854444444444445,-0.012129550130175693,3.919923670672271,0.02037367327719813,1.389578162395319,1.9909550189706635,none,Ret_Vol_20,0,1,0.15999999999999992,0.0,0.15999999999999992,-0.08666666666666667
2020-10-30,1,1,1,0.5633333333333334,0.5266666666666666,0.5738837597331276,0.6411874416292344,0.19067777777777775,0.2240444444444445,0.01231820260127181,3.919923670672271,0.021627466350677967,1.3224108014855565,1.9711809486197787,none,Ret_Vol_20,0,1,0.1266666666666667,0.05333333333333323,0.1266666666666667,0.05333333333333323
2020-11-02,1,1,1,0.5366666666666666,0.6166666666666667,0.6223781096717381,0.4834266495778762,0.21467777777777783,0.14694444444444443,0.01779929009643455,3.916445945931137,0.019381908369505253,1.1040981824350569,1.9036224056138236,none,Ret_Vol_20,0,1,0.07333333333333325,0.2333333333333334,0.07333333333333325,0.2333333333333334
2020-11-03,1,0,0,0.49,0.32666666666666666,0.7133498878774648,1.118814995985629,0.2601,0.45337777777777777,0.02204704770168342,3.9165603049244373,0.02110423472826739,1.5092574604392461,2.0257326305200287,none,Ret_Vol_20,0,1,0.0,0.0,-0.020000000000000018,-0.3466666666666667
2020-11-04,1,1,0,0.5433333333333333,0.24333333333333335,0.6100322738494387,1.41332303350781,0.20854444444444445,0.5725444444444443,0.01946019413896294,3.917962283183928,0.029290530466820258,2.18948957275655,2.2328189442405826,none,Ret_Vol_20,0,1,0.08666666666666667,0.0,0.08666666666666667,-0.5133333333333333
2020-11-05,0,1,0,0.5533333333333333,0.20666666666666667,0.8059426747052897,0.23151180098472637,0.30617777777777777,0.04271111111111111,-0.00028771518741854685,3.9206603176720063,0.056318750101587406,1.7014666449887645,2.095599745595908,none,Ret_Vol_20,0,1,0.10666666666666669,0.0,0.10666666666666669,-0.5866666666666667
2020-11-06,1,1,0,0.5633333333333334,0.43,0.5738837597331276,0.843970070294529,0.19067777777777775,0.3249000000000001,0.01169988923568721,3.92467142279043,0.055526242379001056,1.8226273722796758,2.133314653513775,none,Ret_Vol_20,0,1,0.1266666666666667,0.0,0.1266666666666667,-0.14
2020-11-09,0,1,1,0.5166666666666667,0.5166666666666667,0.7270487322356267,0.7270487322356267,0.2669444444444445,0.2669444444444445,-0.0013997945931910616,3.930021769619981,0.054357267785081105,1.8267580592236847,2.1363433059506223,none,Ret_Vol_20,0,1,0.03333333333333344,0.03333333333333344,0.03333333333333344,0.03333333333333344
2020-11-10,1,1,0,0.57,0.47333333333333333,0.5621189181535413,0.7479554170549403,0.18490000000000004,0.2773777777777777,0.007651855318760337,3.936747610701929,0.05365843206312343,1.8511694966929242,2.146147422907586,none,Ret_Vol_20,0,1,0.1399999999999999,0.0,0.1399999999999999,-0.053333333333333344
2020-11-11,0,0,0,0.48333333333333334,0.46,0.6603573577369546,0.616186139423817,0.2336111111111111,0.2116,-0.009978532303877019,3.9448966286713407,0.05150658345954087,1.7464301404374276,2.117339668637627,none,Ret_Vol_20,0,1,0.0,0.0,-0.033333333333333326,-0.07999999999999996
2020-11-12,1,0,0,0.46,0.49,0.7765287894989963,0.7133498878774648,0.2916,0.2601,0.013610335409063534,3.9545298309913854,0.05146297641962078,1.7390349042499085,2.118961296597413,none,Ret_Vol_20,0,1,0.0,0.0,-0.07999999999999996,-0.020000000000000018
2020-11-13,1,0,0,0.42333333333333334,0.41,0.8595953881976097,0.8915981192837836,0.3325444444444444,0.3481000000000001,0.011648051240012336,3.9657241778044794,0.051880126683971,1.9059145739985035,2.1736280813265343,none,Ret_Vol_20,0,1,0.0,0.0,-0.15333333333333332,-0.18000000000000005
2020-11-16,0,0,1,0.43666666666666665,0.5166666666666667,0.5738837597331276,0.7270487322356267,0.19067777777777775,0.2669444444444445,-0.004791925698091615,3.978576229897466,0.05104289180986585,1.9081918957284774,2.179200928220489,none,Ret_Vol_20,0,1,0.0,0.03333333333333344,-0.1266666666666667,0.03333333333333344
2020-11-17,0,0,1,0.4766666666666667,0.5133333333333333,0.647536669307893,0.7201758529478646,0.2272111111111111,0.2635111111111111,-0.011563829610944043,3.9932072644084182,0.04971216718227911,1.903698461671973,2.1833060944196427,none,Ret_Vol_20,0,1,0.0,0.026666666666666616,-0.046666666666666634,0.026666666666666616
2020-11-18,1,1,0,0.52,0.47,0.6539264674066639,0.7550225842780328,0.2304,0.28090000000000004,0.003946442467421596,4.009770574190315,0.05298352054079042,1.9333919046570793,2.199820857235487,none,Ret_Vol_20,0,1,0.040000000000000036,0.0,0.040000000000000036,-0.06000000000000005
2020-11-19,0,0,1,0.47333333333333333,0.5766666666666667,0.6411874416292344,0.8595953881976097,0.22404444444444443,0.3325444444444444,-0.006792562915180156,4.028462133686212,0.05339332387398657,2.0648014229042158,2.246843277507945,none,Ret_Vol_20,0,1,0.0,0.15333333333333332,-0.053333333333333344,0.15333333333333332
2020-11-20,1,0,1,0.46,0.5866666666666667,0.7765287894989963,0.5332984796180493,0.2916,0.17084444444444444,0.005635930617216234,4.049536665236084,0.05534999094279754,1.8739741865370507,2.198611919338388,none,Ret_Vol_20,0,1,0.0,0.17333333333333334,-0.07999999999999996,0.17333333333333334
2020-11-23,1,0,1,0.4533333333333333,0.5666666666666667,0.7911275889201491,0.5679840376059393,0.2988444444444444,0.1877777777777778,0.016161668273416252,4.073332776270151,0.05637606707713113,1.7210190730226587,2.1625516525379975,none,Ret_Vol_20,0,1,0.0,0.1333333333333333,-0.09333333333333338,0.1333333333333333
2020-11-24,0,1,1,0.5166666666666667,0.5266666666666666,0.7270487322356267,0.7479554170549402,0.2669444444444445,0.2773777777777777,-0.001584418237524976,4.100314192146598,0.0592268533063051,1.7474950136385754,2.1821422369421035,none,Ret_Vol_20,0,1,0.03333333333333344,0.05333333333333323,0.03333333333333344,0.05333333333333323
2020-11-25,1,0,1,0.43,0.5433333333333333,0.843970070294529,0.6100322738494387,0.3249000000000001,0.20854444444444445,0.002396979198154181,4.126736508522993,0.05570359264983591,1.6382330503154532,2.158875596298784,none,Ret_Vol_20,0,1,0.0,0.08666666666666667,-0.14,0.08666666666666667
2020-11-27,0,0,0,0.48,0.4866666666666667,0.6539264674066639,0.666829872242572,0.2304,0.23684444444444447,-0.004595548640170977,4.1581599481324005,0.05848098443328445,1.5867776154802717,2.156841559227027,none,Ret_Vol_20,0,1,0.0,0.0,-0.040000000000000036,-0.026666666666666616
2020-11-30,1,1,1,0.57,0.5833333333333334,0.5621189181535413,0.5389965007326869,0.18490000000000004,0.17361111111111108,0.011271187194776155,4.196178772375029,0.05936009027538404,1.4108716168020932,2.1195410210732546,none,Ret_Vol_20,0,1,0.1399999999999999,0.16666666666666674,0.1399999999999999,0.16666666666666674
2020-12-01,1,0,1,0.4633333333333333,0.58,0.7693085415255093,0.5447271754416722,0.28801111111111105,0.17640000000000003,0.0017911667548251575,4.243679208306229,0.06071549149521184,1.2438476877212181,2.088840637087421,none,Ret_Vol_20,0,1,0.0,0.15999999999999992,-0.07333333333333336,0.15999999999999992
2020-12-02,0,0,1,0.38666666666666666,0.58,0.4888467170472155,0.867500567704723,0.1495111111111111,0.3364,-0.000624157213091503,4.216064806529826,0.06071549149521184,1.3967653424819,2.123670172805064,none,Ret_Vol_20,0,1,0.0,0.15999999999999992,-0.22666666666666668,0.15999999999999992
2020-12-03,1,0,1,0.38333333333333336,0.58,0.958850346292951,0.5447271754416722,0.3802777777777778,0.17640000000000003,0.008836275129611826,4.192392098122169,0.059925085015111554,1.229942743149216,2.063917187698166,none,Ret_Vol_20,0,1,0.0,0.15999999999999992,-0.23333333333333328,0.15999999999999992
2020-12-04,0,0,1,0.36,0.5766666666666667,0.4462871026284195,0.8595953881976097,0.1296,0.3325444444444444,-0.0019356376714373402,4.168425157796818,0.06217507857732159,1.3753910651089039,2.098639906224595,none,Ret_Vol_20,0,1,0.0,0.15333333333333332,-0.28,0.15333333333333332
2020-12-07,1,0,1,0.4033333333333333,0.61,0.90799192905946,0.4942963218147801,0.3560111111111111,0.1521,0.002787148065356293,4.150402426354339,0.06066236390688843,1.1593308507620232,2.0261589349424094,none,Ret_Vol_20,0,1,0.0,0.21999999999999997,-0.19333333333333336,0.21999999999999997
2020-12-08,0,0,1,0.33,0.5366666666666666,0.4004775665971254,0.7693085415255092,0.10890000000000001,0.28801111111111105,-0.007949201604598555,4.138288018555982,0.05570303661299268,1.2172836695942808,2.037211219284575,none,Ret_Vol_20,0,1,0.0,0.07333333333333325,-0.33999999999999997,0.07333333333333325
2020-12-09,0,1,0,0.5033333333333333,0.4633333333333333,0.6998361687107418,0.6223781096717381,0.2533444444444444,0.21467777777777777,-0.0012851080682624305,4.123265577481709,0.05570303661299268,1.1297890167897926,2.0049538470135193,none,Ret_Vol_20,0,1,0.006666666666666599,0.0,0.006666666666666599,-0.07333333333333336
2020-12-10,0,0,1,0.44,0.5733333333333334,0.579818495252942,0.8517522107365839,0.1936,0.3287111111111111,-0.0012649972997506032,4.110516889473812,0.05570303661299268,1.2693425724557181,2.041720438510138,none,Ret_Vol_20,0,1,0.0,0.14666666666666672,-0.12,0.14666666666666672
2020-12-11,0,0,1,0.38,0.57,0.4780358009429998,0.8439700702945289,0.1444,0.32489999999999997,-0.004359258971957769,4.101362764874246,0.05570303661299268,1.398988642272752,2.0769526096154216,none,Ret_Vol_20,0,1,0.0,0.1399999999999999,-0.24,0.1399999999999999
2020-12-14,1,1,0,0.53,0.47333333333333333,0.6348782724359695,0.7479554170549403,0.22089999999999999,0.2773777777777777,0.012921249154708825,4.094022075458533,0.05583424504117038,1.4320862268410315,2.0839849717480736,none,Ret_Vol_20,0,1,0.06000000000000005,0.0,0.06000000000000005,-0.053333333333333344
2020-12-15,1,0,0,0.36333333333333334,0.49666666666666665,1.0124345924270572,0.699836168710742,0.4053444444444445,0.25334444444444454,0.0017727951669590514,4.0884150830455255,0.04669396047708983,1.4172992765616113,2.0745640043298206,none,Ret_Vol_20,0,1,0.0,0.0,-0.2733333333333333,-0.00666666666666671
2020-12-16,1,0,1,0.36333333333333334,0.7,1.0124345924270572,0.35667494393873245,0.4053444444444445,0.09000000000000002,0.005757654753379748,4.084483781931709,0.04339501491824971,1.124631576245577,1.9842014901218317,none,Ret_Vol_20,0,1,0.0,0.3999999999999999,-0.2733333333333333,0.3999999999999999
2020-12-17,0,0,1,0.31666666666666665,0.6466666666666666,0.38077249551779285,1.0403433805441338,0.10027777777777777,0.4181777777777777,-0.0035111185091528663,4.061459554987077,0.04339501491824971,1.3910665597846033,2.054922294405687,none,Ret_Vol_20,0,1,0.0,0.2933333333333332,-0.3666666666666667,0.2933333333333332
2020-12-18,0,0,1,0.48333333333333334,0.65,0.6603573577369546,1.0498221244986778,0.2336111111111111,0.42250000000000004,-0.0039062790518439305,4.070513520678431,0.046693960477589815,1.721743608695939,2.1587366790234315,none,Ret_Vol_20,0,1,0.0,0.30000000000000004,-0.033333333333333326,0.30000000000000004
2020-12-21,0,0,1,0.4166666666666667,0.5433333333333333,0.5389965007326871,0.7838015488280762,0.17361111111111113,0.2952111111111111,-0.002073092860288006,4.0573366788870295,0.041763728182531615,1.7854492514478388,2.171098565443923,none,Ret_Vol_20,0,1,0.0,0.08666666666666667,-0.16666666666666663,0.08666666666666667
2020-12-22,1,0,1,0.43333333333333335,0.66,0.8362480242006186,0.4155154439616658,0.32111111111111107,0.11559999999999998,0.000745811250824957,4.051010279510741,0.04349560477849424,1.485282998929191,2.079037692916602,none,Ret_Vol_20,0,1,0.0,0.32000000000000006,-0.1333333333333333,0.32000000000000006
2020-12-23,1,0,1,0.37666666666666665,0.6566666666666666,0.9763946559438605,0.42057874591821265,0.3885444444444444,0.1178777777777778,0.0035365890047962534,4.047513242418973,0.047511285647997475,1.1943958048036911,1.991577424103096,none,Ret_Vol_20,0,1,0.0,0.31333333333333324,-0.2466666666666667,0.31333333333333324
2020-12-24,1,0,1,0.4,0.6033333333333334,0.916290731874155,0.5052854433903752,0.36,0.1573444444444444,0.008722529021144565,4.051010279510741,0.048899385972358364,1.1983703139491069,1.9945850217807362,none,Ret_Vol_20,0,1,0.0,0.20666666666666678,-0.19999999999999996,0.20666666666666678
2020-12-28,0,0,1,0.39666666666666667,0.5933333333333334,0.5052854433903754,0.8997614299229446,0.15734444444444445,0.3520444444444445,-0.00222738052560012,4.037592161175001,0.04990482177997894,1.1796631515585378,1.9839072564715556,none,Ret_Vol_20,0,1,0.0,0.18666666666666676,-0.20666666666666667,0.18666666666666676
2020-12-29,1,0,1,0.44,0.6833333333333333,0.8209805520698302,0.38077249551779285,0.31360000000000005,0.10027777777777777,0.0013415471654707467,4.027463408218606,0.05113606099714408,1.3357448184458494,2.0270496271203404,none,Ret_Vol_20,0,1,0.0,0.3666666666666667,-0.12,0.3666666666666667
