date,feature,detectors,drift_index,severity_feature,severity_score,KS_stat,KS_ratio,PSI_value,PSI_ratio,PH_stat,PH_ratio,cooldown_blocked
2016-05-25,Ret_Vol_20,KS|PSI,1.0,3.450337102511015,2.3619917051409605,0.24708764665286398,1.9006742050220304,3.0284008799057247,15.142004399528624,3.6473680454293937,0.7294736090858788,0
2016-05-26,Ret_Vol_20,KS|PSI,1.0,3.488320900085606,2.0929925400513634,0.2569634340222575,1.9766418001712116,1.7279090605544105,8.639545302772053,0.0,0.0,1
2016-05-27,Ret_Vol_20,KS|PSI,1.0,3.4498593616240676,2.0767460463501557,0.2469634340222575,1.8997187232481347,1.6787150927260193,8.393575463630096,0.08538036719643938,0.017076073439287874,1
2016-05-31,Ret_Vol_20,KS|PSI,1.0,3.426684603155191,2.0736306155491144,0.24093799682034966,1.853369206310382,1.6726128519356944,8.363064259678472,0.22024817070000047,0.04404963414000009,0
2016-06-01,Ret_Vol_20,KS|PSI,1.0,3.4025314907667847,2.041518894460071,0.23465818759936408,1.8050629815335697,1.6631278079797356,8.315639039898677,0.0,0.0,1
2016-06-02,Ret_Vol_20,KS|PSI,1.0,3.3640699523052464,2.0353443530418462,0.22465818759936407,1.7281399046104928,1.6548865994685966,8.274432997342982,0.21127977073373228,0.042255954146746454,1
2016-06-03,Ret_Vol_20,KS|PSI,1.0,3.3256084138437076,2.0174794337615563,0.21465818759936406,1.6512168276874157,1.6478426709768943,8.239213354884471,0.27642981819164536,0.05528596363832907,1
2016-06-06,Ret_Vol_20,KS|PSI,1.0,3.292772410419469,2.018082578916921,0.20612082670906196,1.585544820838938,1.64195808241274,8.209790412063699,0.5302391583154968,0.10604783166309936,0
2016-06-07,Ret_Vol_20,KS|PSI,1.0,3.292772410419469,1.9756634462516813,0.20612082670906196,1.585544820838938,1.609837989725194,8.049189948625969,0.0,0.0,1
2016-06-08,Ret_Vol_20,KS|PSI,1.0,3.2543108719579306,1.9876052726689144,0.19612082670906195,1.5086217439158611,1.5979921414332343,7.989960707166171,0.43773436867695004,0.08754687373539001,1
2016-06-09,Ret_Vol_20,KS|PSI,1.0,3.215849333496392,1.980079947909884,0.18612082670906194,1.431698666992784,1.5799638197674366,7.899819098837183,0.6321293476506153,0.12642586953012308,1
2016-06-10,Ret_Vol_20,KS|PSI,1.0,3.1773877950348535,1.9477429358349432,0.17612082670906193,1.3547755900697072,1.5702943051865452,7.851471525932726,0.5163782351753917,0.10327564703507834,1
2016-06-13,Ret_Vol_20,KS|PSI,1.0,3.1389262565733156,1.9167958456893033,0.16612082670906203,1.277852513146631,1.5622460368844597,7.811230184422298,0.4180011468164231,0.08360022936328462,0
2016-06-14,Ret_Vol_20,KS|PSI,1.0,3.100464718111777,1.860278830867066,0.15612082670906202,1.200929436223554,1.5529463386575406,7.764731693287703,0.0,0.0,1
2016-06-15,Ret_Vol_20,KS|PSI,1.0,3.0620031796502385,1.846183554813377,0.146120826709062,1.124006359300477,1.54075433813975,7.7037716906987495,0.11227058779042387,0.022454117558084775,1
2016-06-16,Ret_Vol_20,KS|PSI,1.0,3.0235416411887,1.8272760384803177,0.136120826709062,1.0470832823774,1.5306854385335928,7.653427192667964,0.16438817208872236,0.032877634417744474,1
2016-06-17,Ret_Vol_20,KS|PSI,1.0,3.012351718234071,1.8223596557172344,0.1332114467408585,1.0247034364681422,1.522605382507872,7.61302691253936,0.1868578097098974,0.03737156194197948,1
2016-06-20,Ret_Vol_20,KS|PSI,1.0,3.0508132566956094,1.8516603004594507,0.1432114467408585,1.1016265133912193,1.516414400333877,7.582072001669385,0.2646543305260657,0.05293086610521314,0
2016-06-21,Ret_Vol_20,KS|PSI,1.0,3.0739880151644856,1.8443928090986912,0.1492368839427663,1.1479760303289714,1.5326797249017163,7.663398624508582,0.0,0.0,1
2016-06-22,Ret_Vol_20,KS|PSI,1.0,2.0700206627381514,1.243155332540653,0.1592368839427663,1.2248991072520485,0.5830284436448508,2.915142218224254,0.014286686222028111,0.002857337244405622,1
2016-06-23,Ret_Vol_20,KS|PSI,1.0,1.9384865048063382,1.1746926990350188,0.16923688394276631,1.3018221841751254,0.5150301650875102,2.575150825437551,0.1450099518901975,0.0290019903780395,1
2016-06-24,Ret_Vol_20,KS|PSI,1.0,1.950286548836636,1.176128860163425,0.16923688394276631,1.3018221841751254,0.5197501826996294,2.598750913498147,0.07446163576804243,0.014892327153608487,1
2016-06-27,Ret_Vol_20,KS|PSI,1.0,1.986170013249812,1.215077239416425,0.16923688394276631,1.3018221841751254,0.5341035684648997,2.6705178423244984,0.2921903933317269,0.058438078666345386,0
2016-06-28,Ret_Vol_20,KS|PSI,1.0,2.150824989120821,1.2904949934724925,0.1760572337042926,1.354286413109943,0.5894727130263397,2.9473635651316985,0.0,0.0,1
2016-06-29,Ret_Vol_20,KS|PSI,1.0,2.2939084709624966,1.4026312256939795,0.1760572337042926,1.354286413109943,0.6467061057630101,3.2335305288150504,0.32857678895602005,0.06571535779120401,1
2016-06-30,Ret_Vol_20,KS|PSI,1.0,2.2939084709624966,1.4140534357088208,0.1760572337042926,1.354286413109943,0.6467061057630101,3.2335305288150504,0.4713544141415372,0.09427088282830745,1
2016-07-01,Ret_Vol_20,KS|PSI,1.0,2.52443908672184,1.5428721571085227,0.1760572337042926,1.354286413109943,0.7389183520667474,3.694591760333737,0.35260881344273387,0.07052176268854678,1
2016-07-05,Ret_Vol_20,KS|PSI,1.0,3.1771432065549714,1.9279145109704556,0.1760572337042926,1.354286413109943,1.705487703543202,8.527438517716009,0.27035733796841177,0.05407146759368235,0
2016-07-06,Ret_Vol_20,KS|PSI,1.0,3.1771432065549714,1.9062859239329828,0.1760572337042926,1.354286413109943,1.685572861410126,8.42786430705063,0.0,0.0,1
2016-07-07,Ret_Vol_20,KS|PSI,1.0,3.1771432065549714,1.9141449361022647,0.1760572337042926,1.354286413109943,1.685572861410126,8.42786430705063,0.0982376521160242,0.01964753042320484,1
2016-07-08,Ret_Vol_20,KS|PSI,1.0,3.1771432065549714,1.9193842775484526,0.1760572337042926,1.354286413109943,1.685572861410126,8.42786430705063,0.16372942019337366,0.03274588403867473,1
2016-07-11,Ret_Vol_20,KS|PSI,1.0,3.1771432065549714,1.9265578169093103,0.1760572337042926,1.354286413109943,1.685572861410126,8.42786430705063,0.2533986622040927,0.05067973244081854,0
2016-07-12,Ret_Vol_20,KS|PSI,1.0,3.1771432065549714,1.9062859239329828,0.1760572337042926,1.354286413109943,1.685572861410126,8.42786430705063,0.0,0.0,1
2016-07-13,Ret_Vol_20,KS|PSI,1.0,3.1771432065549714,1.909116686768511,0.1760572337042926,1.354286413109943,1.685572861410126,8.42786430705063,0.03538453544410358,0.007076907088820717,1
2016-07-14,Ret_Vol_20,KS|PSI,1.0,3.1771432065549714,1.912445391186219,0.1760572337042926,1.354286413109943,1.685572861410126,8.42786430705063,0.07699334066545216,0.015398668133090432,1
2016-07-15,Ret_Vol_20,KS|PSI,1.0,3.1771432065549714,1.9105835684811017,0.1760572337042926,1.354286413109943,1.685572861410126,8.42786430705063,0.05372055685148491,0.010744111370296983,1
2016-07-18,Ret_Vol_20,KS|PSI,1.0,3.1771432065549714,1.9183867117168758,0.1760572337042926,1.354286413109943,1.685572861410126,8.42786430705063,0.15125984729866282,0.030251969459732565,0
2016-07-19,Ret_Vol_20,KS|PSI,1.0,3.1771432065549714,1.9062859239329828,0.1760572337042926,1.354286413109943,1.6627934428384044,8.31396721419202,0.0,0.0,1
2016-07-20,Ret_Vol_20,KS|PSI,1.0,3.1771432065549714,1.9102154615163194,0.1760572337042926,1.354286413109943,1.6627934428384044,8.31396721419202,0.049119219791706636,0.009823843958341327,1
2016-07-21,Ret_Vol_20,KS|PSI,1.0,3.1771432065549714,1.9085928092844127,0.1760572337042926,1.354286413109943,1.6627934428384044,8.31396721419202,0.028836066892872436,0.005767213378574487,1
2016-07-22,Ret_Vol_20,KS|PSI,1.0,3.1771432065549714,1.9166798879785478,0.1760572337042926,1.354286413109943,1.6627934428384044,8.31396721419202,0.1299245505695622,0.025984910113912442,1
2016-07-25,Ret_Vol_20,KS|PSI,1.0,3.1771432065549714,1.923275441256618,0.1760572337042926,1.354286413109943,1.6355457433674294,8.177728716837146,0.2123689665454409,0.04247379330908818,0
2016-07-26,Ret_Vol_20,KS|PSI,1.0,3.1771432065549714,1.9062859239329828,0.1760572337042926,1.354286413109943,1.6400417794890925,8.200208897445462,0.0,0.0,1
2016-07-27,Ret_Vol_20,KS|PSI,1.0,3.2156047450165097,1.9335772676362188,0.1860572337042925,1.4312094900330192,1.6366852679726593,8.183426339863296,0.05268025782891317,0.010536051565782634,1
2016-07-28,Ret_Vol_20,KS|PSI,1.0,3.254066283478048,1.9790370752523034,0.1960572337042925,1.508132566956096,1.6330622562620967,8.165311281310483,0.33246631456843423,0.06649326291368685,1
2016-07-29,Ret_Vol_20,KS|PSI,1.0,3.2925278219395864,1.9898301971301815,0.20605723370429252,1.5850556438791732,1.5781875278915178,7.890937639457589,0.1789187995803727,0.03578375991607454,1
2016-08-01,Ret_Vol_20,KS|PSI,1.0,3.330989360401125,2.0217902437777253,0.21605723370429253,1.66197872080225,1.55890678676647,7.7945339338323505,0.28995784421313076,0.05799156884262615,0
2016-08-02,Ret_Vol_20,KS|PSI,1.0,3.3218172924055276,1.9930903754433165,0.2136724960254372,1.6436345848110554,1.5655885959291904,7.827942979645952,0.0,0.0,1
2016-08-03,Ret_Vol_20,KS|PSI,1.0,3.360278830867066,2.0379917681142956,0.2236724960254372,1.7205576617341323,1.5658456572372197,7.8292282861860985,0.2728058699257032,0.05456117398514064,1
2016-08-04,Ret_Vol_20,KS|PSI,1.0,3.3987403693286047,2.0649588247101973,0.23367249602543722,1.7974807386572094,1.5811633374215417,7.905816687107708,0.3214325389129292,0.06428650778258585,1
2016-08-05,Ret_Vol_20,KS|PSI,1.0,3.437201907790143,2.075681556018261,0.24367249602543722,1.8744038155802862,1.6161496700880276,8.080748350440137,0.1670051418021885,0.0334010283604377,1
2016-08-08,Ret_Vol_20,KS|PSI,1.0,3.4756634462516818,2.102001478567895,0.25367249602543723,1.9513268925033633,1.6301753906162522,8.15087695308126,0.20754263521107508,0.04150852704221501,0
2016-08-09,Ret_Vol_20,KS|PSI,1.0,3.498838204720558,2.0993029228323348,0.259697933227345,1.9976764094411155,1.6590888400092916,8.295444200046457,0.0,0.0,1
2016-08-10,Ret_Vol_20,KS|PSI,1.0,3.5372997431820963,2.1533378944282675,0.26969793322734503,2.0745994863641926,1.7023213260168355,8.511606630084177,0.38697560648762064,0.07739512129752413,1
2016-08-11,Ret_Vol_20,KS|PSI,1.0,3.5757612816436346,2.1714216544703304,0.27969793322734504,2.1515225632872697,1.7813718706772106,8.906859353386052,0.3245610685518709,0.06491221371037417,1
2016-08-12,Ret_Vol_20,KS|PSI,1.0,3.614222820105173,2.1961399499873298,0.28969793322734505,2.2284456402103463,1.7984535348770918,8.992267674385458,0.3450782240528268,0.06901564481056535,1
2016-08-15,Ret_Vol_20,KS|PSI,1.0,3.6526843585667113,2.220697781400241,0.29969793322734495,2.3053687171334225,1.8231641757413972,9.115820878706986,0.3635895782526752,0.07271791565053504,0
2016-08-16,Ret_Vol_20,KS|PSI,1.0,3.6758591170355874,2.205515470221352,0.30572337042925274,2.351718234071175,1.8674965900957377,9.337482950478687,0.0,0.0,1
2016-08-17,Ret_Vol_20,KS|PSI,1.0,3.7143206554971258,2.2495502617674226,0.31572337042925275,2.428641310994252,1.9189759109261413,9.594879554630706,0.261973355864344,0.0523946711728688,1
2016-08-18,Ret_Vol_20,KS|PSI,1.0,3.752782193958664,2.2622587312779636,0.32572337042925276,2.5055643879173286,2.0056114206114284,10.028057103057142,0.1323676862845653,0.02647353725691306,1
2016-08-19,Ret_Vol_20,KS|PSI,1.0,3.791243732420203,2.2988800345177602,0.33572337042925277,2.5824874648404057,2.0289267351626057,10.144633675813028,0.30167243832048196,0.060334487664096395,1
2016-08-22,Ret_Vol_20,KS|PSI,1.0,3.791243732420203,2.288279988163473,0.33572337042925277,2.5824874648404057,2.0333455415704975,10.166727707852488,0.1691718588918908,0.033834371778378156,0
2016-08-23,Ret_Vol_20,KS|PSI,1.0,3.7759569524275403,2.265574171456524,0.33174880763116055,2.551913904855081,2.0538937579980057,10.269468789990027,0.0,0.0,1
2016-08-24,Ret_Vol_20,KS|PSI,1.0,3.7759569524275403,2.2929059668212015,0.33174880763116055,2.551913904855081,2.058750529661577,10.293752648307885,0.34164744205846687,0.06832948841169337,1
2016-08-25,Ret_Vol_20,KS|PSI,1.0,3.7759569524275403,2.287787312011376,0.33174880763116055,2.551913904855081,2.065583448694476,10.32791724347238,0.27766425693564767,0.05553285138712953,1
2016-08-26,Ret_Vol_20,KS|PSI,1.0,3.7759569524275403,2.284320915814893,0.33174880763116055,2.551913904855081,2.0621129865351655,10.310564932675828,0.23433430447960946,0.04686686089592189,1
2016-08-29,Ret_Vol_20,KS|PSI,1.0,3.7759569524275403,2.294878373141095,0.33174880763116055,2.551913904855081,2.071672467773582,10.35836233886791,0.36630252105714056,0.07326050421142812,0
2016-08-30,Ret_Vol_20,KS|PSI,1.0,3.7986425339366514,2.279185520361991,0.3376470588235294,2.5972850678733033,2.0401958347770797,10.200979173885397,0.0,0.0,1
2016-08-31,Ret_Vol_20,KS|PSI,1.0,3.8371040723981897,2.3222934549554135,0.3476470588235294,2.67420814479638,2.0694327829745056,10.347163914872528,0.2503876439562446,0.05007752879124892,1
2016-09-01,Ret_Vol_20,KS|PSI,1.0,3.8371040723981897,2.3149660365515765,0.3476470588235294,2.67420814479638,2.082296131673694,10.41148065836847,0.15879491390828415,0.03175898278165683,1
2016-09-02,Ret_Vol_20,KS|PSI,1.0,3.8371040723981897,2.33912810366724,0.3476470588235294,2.67420814479638,2.0974328346398723,10.48716417319936,0.46082075285408175,0.09216415057081635,1
2016-09-06,Ret_Vol_20,KS|PSI,1.0,3.8371040723981897,2.3349748082287998,0.3476470588235294,2.67420814479638,2.0990307091139253,10.495153545569625,0.4089045598735764,0.08178091197471528,0
2016-09-07,Ret_Vol_20,KS|PSI,1.0,3.8218172924055276,2.2930903754433163,0.3436724960254372,2.643634584811055,2.08731602128238,10.436580106411899,0.0,0.0,1
2016-09-08,Ret_Vol_20,KS|PSI,1.0,3.8218172924055276,2.297227798933246,0.3436724960254372,2.643634584811055,2.090610310893671,10.453051554468354,0.05171779362412099,0.010343558724824198,1
2016-09-09,Ret_Vol_20,KS|PSI,1.0,3.8218172924055276,2.295402485003827,0.3436724960254372,2.643634584811055,2.078437219544183,10.392186097720915,0.02890136950638522,0.005780273901277044,1
2016-09-12,Ret_Vol_20,KS|PSI,1.0,3.7833557539439893,2.27806769249396,0.3336724960254372,2.5667115078879785,2.0517748008355925,10.258874004177962,0.1006780015945864,0.020135600318917278,0
2016-09-13,Ret_Vol_20,KS|PSI,1.0,3.771126329949859,2.2626757979699152,0.3304928457869634,2.5422526598997184,1.9691229489236646,9.845614744618322,0.0,0.0,1
2016-09-14,Ret_Vol_20,KS|PSI,1.0,3.732664791488321,2.262510214825395,0.3204928457869634,2.4653295829766417,1.9289185788843457,9.644592894421727,0.28639174915503507,0.05727834983100701,1
2016-09-15,Ret_Vol_20,KS|PSI,1.0,3.6942032530267825,2.2456002792024536,0.3104928457869634,2.3884065060535646,1.8985680320104374,9.492840160052186,0.3634790923298059,0.07269581846596118,1
2016-09-16,Ret_Vol_20,KS|PSI,1.0,3.6557417145652438,2.2142750082586478,0.3004928457869634,2.3114834291304875,1.8752527174592601,9.3762635872963,0.26037474399377036,0.05207494879875407,1
2016-09-19,Ret_Vol_20,KS|PSI,1.0,3.617280176103706,2.205426440516035,0.2904928457869635,2.2345603522074113,1.8645574844182426,9.322787422091213,0.43822918567264435,0.08764583713452886,0
2016-09-20,Ret_Vol_20,KS|PSI,1.0,3.285041875208202,1.9710251251249211,0.2804928457869635,2.1576372752843342,0.882489295026414,4.41244647513207,0.0,0.0,1
2016-09-21,Ret_Vol_20,KS|PSI,1.0,3.0315682452734034,1.8214504807893788,0.2704928457869635,2.0807141983612576,0.7964844584371099,3.982422292185549,0.0313691703167116,0.006273834063342321,1
2016-09-22,Ret_Vol_20,KS|PSI,1.0,2.8654133822443906,1.7367538813033356,0.26049284578696347,2.0037911214381805,0.7454071286101202,3.7270356430506006,0.21882314945876669,0.04376462989175334,1
2016-09-23,Ret_Vol_20,KS|PSI,1.0,2.7400698544493496,1.6544721044017634,0.25049284578696346,1.9268680445151034,0.7106543328767191,3.5532716643835953,0.13037739665192172,0.026075479330384344,1
2016-09-26,Ret_Vol_20,KS|PSI,1.0,2.6404743670971205,1.598876011022346,0.24049284578696345,1.8499449675920265,0.686200753320443,3.4310037666022146,0.18239238455092288,0.036478476910184576,0
2016-09-27,Ret_Vol_20,KS|PSI,1.0,2.3745563197614197,1.4247337918568517,0.23049284578696344,1.7730218906689494,0.595218149770778,2.97609074885389,0.0,0.0,1
2016-09-28,Ret_Vol_20,KS|PSI,1.0,2.294324269612096,1.3888251916826606,0.22049284578696343,1.6960988137458726,0.5785099450956639,2.8925497254783195,0.1528828739425382,0.030576574788507636,1
2016-09-29,Ret_Vol_20,KS|PSI,1.0,2.251276274037524,1.362128505510994,0.216120826709062,1.6624678977620153,0.5680169300626067,2.8400846503130333,0.14203426360599403,0.028406852721198805,1
2016-09-30,Ret_Vol_20,KS|PSI,1.0,2.1425986667443198,1.293754127559651,0.216120826709062,1.6624678977620153,0.5245458871453248,2.6227294357266238,0.1024365939132389,0.020487318782647777,1
2016-10-03,Ret_Vol_20,KS|PSI,1.0,2.084879210842364,1.2693996287425506,0.216120826709062,1.6624678977620153,0.5014581047845427,2.507290523922713,0.23090127796415572,0.04618025559283114,0
2016-10-04,Ret_Vol_20,KS|PSI,1.0,1.8053275897577503,1.0831965538546502,0.216120826709062,1.6624678977620153,0.3896374563506971,1.9481872817534853,0.0,0.0,1
2016-10-05,Ret_Vol_20,KS|PSI,1.0,1.7900719877819378,1.0851579307093009,0.216120826709062,1.6624678977620153,0.3835352155603721,1.9176760778018604,0.13893422550172807,0.027786845100345615,1
2016-10-06,Ret_Vol_20,KS|PSI,1.0,1.8053275897577503,1.0932621823121265,0.216120826709062,1.6624678977620153,0.3896374563506971,1.9481872817534853,0.1258203557184544,0.025164071143690882,1
2016-10-07,Ret_Vol_20,KS|PSI,1.0,1.7896867510176921,1.085124939981636,0.216120826709062,1.6624678977620153,0.38338112085467385,1.9169056042733692,0.1414111171377601,0.028282223427552024,1
2016-10-10,HL_Range,KS|PSI,1.0,1.8400088765109595,1.1199683666246405,0.24538950715421304,1.8876115934939464,0.3584812319055945,1.7924061595279723,0.19953800897580976,0.03990760179516195,0
2016-10-11,HL_Range,KS|PSI,1.0,1.7034750977117903,1.0220850586270742,0.2430047694753577,1.8692674575027515,0.3075365475841659,1.5376827379208293,0.0,0.0,1
2016-10-12,HL_Range,KS|PSI,1.0,1.7513112653897571,1.0568096735730292,0.2530047694753577,1.9461905344258286,0.3112863992707371,1.5564319963536855,0.0752864292396872,0.01505728584793744,1
2016-10-13,HL_Range,KS|PSI,1.0,1.7254582263798597,1.04083944724757,0.2530047694753577,1.9461905344258286,0.3009451836667782,1.5047259183338908,0.06955639274567726,0.013911278549135453,1
2016-10-14,HL_Range,KS|PSI,1.0,1.6700422699125415,1.0310589530425447,0.2530047694753577,1.9461905344258286,0.27877880107985087,1.3938940053992543,0.3629198886877494,0.07258397773754988,1
2016-10-17,HL_Range,KS|PSI,1.0,1.7729863923243974,1.0944317950878915,0.2630047694753577,2.0231136113489057,0.3045718346599779,1.5228591732998893,0.38299949616566364,0.07659989923313273,0
2016-10-18,HL_Range,KS|PSI,1.0,1.7733145265561236,1.063988715933674,0.26062003179650245,2.004769475357711,0.3083719155509073,1.5418595777545365,0.0,0.0,1
2016-10-19,HL_Range,KS|PSI,1.0,1.7693862092260193,1.074340299917638,0.26062003179650245,2.004769475357711,0.30680058861886556,1.5340029430943276,0.1588571797753281,0.03177143595506562,1
2016-10-20,HL_Range,KS|PSI,1.0,1.7488928910141759,1.0630784984108512,0.26062003179650245,2.004769475357711,0.2986032613341281,1.4930163066706406,0.17178454752932204,0.03435690950586441,1
2016-10-21,Ret_Vol_20,KS|PSI,1.0,1.7748163121689777,1.0777529157778423,0.216120826709062,1.6624678977620153,0.377432945315188,1.88716472657594,0.16078910595569584,0.03215782119113917,1
2016-10-24,HL_Range,KS|PSI,1.0,1.8117699068688013,1.1222719466652484,0.26062003179650245,2.004769475357711,0.3237540676759783,1.6187703383798915,0.44012503179959556,0.08802500635991911,0
2016-10-25,Ret_Vol_20,KS|PSI,1.0,1.9231797182124697,1.1539078309274817,0.226120826709062,1.7393909746850922,0.42139369234796953,2.1069684617398474,0.0,0.0,1
2016-10-26,Ret_Vol_20,KS|PSI,1.0,1.9706073006562463,1.1852699477393467,0.236120826709062,1.8163140516081693,0.4249801099408647,2.1249005497043236,0.036319591819985786,0.007263918363997157,1
2016-10-27,Ret_Vol_20,KS|PSI,1.0,2.0621368436460954,1.24750096905016,0.24612082670906202,1.8932371285312461,0.446207311752189,2.2310365587609446,0.12773578578128686,0.025547157156257373,1
2016-10-28,Ret_Vol_20,KS|PSI,1.0,2.1617768455135074,1.3127699418082854,0.256120826709062,1.970160205454323,0.4706786971145384,2.353393485572692,0.1962979312522627,0.03925958625045254,1
2016-10-31,Ret_Vol_20,KS|PSI,1.0,2.2828922837917967,1.3917965682400735,0.266120826709062,2.0470832823774,0.5037402570412386,2.518701285206193,0.2757649745624462,0.05515299491248924,0
2016-11-01,Ret_Vol_20,KS|PSI,1.0,2.4114572404606003,1.44687434427636,0.26294117647058823,2.02262443438914,0.5600580093064121,2.8002900465320604,0.0,0.0,1
2016-11-02,Ret_Vol_20,KS|PSI,1.0,2.548814185772586,1.5300858800595842,0.27294117647058824,2.0995475113122173,0.5996161720465909,2.9980808602329545,0.009967107450408519,0.001993421490081704,1
2016-11-03,Ret_Vol_20,KS|PSI,1.0,2.709598581948155,1.6418378828147138,0.28294117647058825,2.1764705882352944,0.6485453151322031,3.2427265756610155,0.20098417057275997,0.040196834114551994,1
2016-11-04,Ret_Vol_20,KS|PSI,1.0,2.9092877520427343,1.7636897078202585,0.29294117647058826,2.253393665158371,0.7130363677854196,3.5651818389270975,0.22646320743272463,0.045292641486544924,1
2016-11-07,Ret_Vol_20,KS|PSI,1.0,2.817592438698682,1.7025251394813672,0.28294117647058825,2.1764705882352944,0.691742857832414,3.4587142891620695,0.14962095327697356,0.02992419065539471,0
2016-11-08,Ret_Vol_20,KS|PSI,1.0,2.6694808909575527,1.6016885345745315,0.28214626391096975,2.170355876238229,0.6337211811353753,3.1686059056768765,0.0,0.0,1
2016-11-09,Ret_Vol_20,KS|PSI,1.0,2.6327397961647527,1.583785504856485,0.27779014308426075,2.1368472544943136,0.6257264675670385,3.1286323378351923,0.0517703394704202,0.010354067894084041,1
2016-11-10,Ret_Vol_20,KS|PSI,1.0,2.6327397961647527,1.6006736913608794,0.27779014308426075,2.1368472544943136,0.6257264675670385,3.1286323378351923,0.26287267077535037,0.052574534155070074,1
2016-11-11,Ret_Vol_20,KS|PSI,1.0,2.652726580085595,1.6275543778925017,0.27779014308426075,2.1368472544943136,0.6337211811353753,3.1686059056768765,0.4489803730143098,0.08979607460286196,1
2016-11-14,Ret_Vol_20,KS|PSI,1.0,2.548322676665628,1.5702949820346874,0.26779014308426075,2.0599241775712365,0.6073442351520041,3.0367211757600203,0.5162672004413802,0.10325344008827604,0
2016-11-15,Ret_Vol_20,KS|PSI,1.0,2.603147658737312,1.5618885952423873,0.26779014308426075,2.0599241775712365,0.6292742279806776,3.146371139903388,0.0,0.0,1
2016-11-16,Ret_Vol_20,KS|PSI,1.0,2.6298857413398555,1.5996512410718886,0.26779014308426075,2.0599241775712365,0.6399694610216949,3.1998473051084746,0.2714974533496912,0.05429949066993824,1
2016-11-17,Ret_Vol_20,KS|PSI,1.0,2.747937977849488,1.6667033240726563,0.26779014308426075,2.0599241775712365,0.687190355625548,3.4359517781277398,0.22425671703704414,0.04485134340740883,1
2016-11-18,Ret_Vol_20,KS|PSI,1.0,2.9549369655046203,1.7901811781843637,0.26779014308426075,2.0599241775712365,0.7699899506876009,3.8499497534380045,0.21523748601989406,0.04304749720397881,1
2016-11-21,Ret_Vol_20,KS|PSI,1.0,3.5299620887856182,2.1502886902999068,0.26779014308426075,2.0599241775712365,1.7210787870083981,8.60539393504199,0.40389296285670057,0.08077859257134011,0
2016-11-22,Ret_Vol_20,KS|PSI,1.0,3.5299620887856182,2.1179772532713708,0.26779014308426075,2.0599241775712365,1.7109041653851313,8.554520826925657,0.0,0.0,1
2016-11-23,Ret_Vol_20,KS|PSI,1.0,3.5299620887856182,2.1358803170097023,0.26779014308426075,2.0599241775712365,1.7110380604802715,8.555190302401357,0.22378829672914557,0.044757659345829114,1
2016-11-25,Ret_Vol_20,KS|PSI,1.0,3.5299620887856182,2.1682376342287175,0.26779014308426075,2.0599241775712365,1.7135165438270479,8.567582719135238,0.6282547619668368,0.12565095239336738,1
2016-11-28,Ret_Vol_20,KS|PSI,1.0,3.5299620887856182,2.1901609057468043,0.26779014308426075,2.0599241775712365,1.718381572733283,8.591907863666414,0.9022956559429217,0.18045913118858434,0
2016-11-29,Ret_Vol_20,KS|PSI,1.0,3.5299620887856182,2.1179772532713708,0.26779014308426075,2.0599241775712365,1.786607223133532,8.93303611566766,0.0,0.0,1
2016-11-30,Ret_Vol_20,KS|PSI,1.0,3.5299620887856182,2.125680977556002,0.26779014308426075,2.0599241775712365,1.7825694066396114,8.912847033198057,0.09629655355789213,0.019259310711578426,1
2016-12-01,Ret_Vol_20,KS|PSI,1.0,3.5299620887856182,2.1420124091641535,0.26779014308426075,2.0599241775712365,1.7828956449255429,8.914478224627715,0.300439448659786,0.0600878897319572,1
2016-12-02,Ret_Vol_20,KS|PSI,1.0,3.5299620887856182,2.152092072023289,0.26779014308426075,2.0599241775712365,1.7875897093492676,8.937948546746338,0.426435234398973,0.0852870468797946,1
2016-12-05,Ret_Vol_20,KS|PSI,1.0,3.5299620887856182,2.153106613248297,0.26779014308426075,2.0599241775712365,1.7968618575569837,8.984309287784917,0.4391169997115819,0.08782339994231639,0
2016-12-06,Ret_Vol_20,KS|PSI,1.0,3.5684236272471566,2.1410541763482938,0.27779014308426075,2.1368472544943136,1.8346275146738829,9.173137573369413,0.0,0.0,1
2016-12-07,Ret_Vol_20,KS|PSI,1.0,3.573254249724838,2.1569040329186584,0.2790461049284579,2.146508499449676,1.8287492553740137,9.143746276870068,0.16189353854694855,0.032378707709389706,1
2016-12-08,Ret_Vol_20,KS|PSI,1.0,3.6117157881863764,2.1768087675625747,0.2890461049284579,2.223431576372753,1.8700083258030196,9.350041629015097,0.12224118313436239,0.024448236626872476,1
2016-12-09,Ret_Vol_20,KS|PSI,1.0,3.650177326647915,2.225440691245415,0.2990461049284579,2.30035465329583,1.920641550512608,9.603207752563039,0.4416786907083251,0.08833573814166502,1
2016-12-12,Ret_Vol_20,KS|PSI,1.0,3.6886388651094535,2.25939158383293,0.30904610492845785,2.3772777302189065,1.9868852001458719,9.934426000729358,0.5776033095907244,0.11552066191814488,0
2016-12-13,Ret_Vol_20,KS|PSI,1.0,3.706126941421059,2.2236761648526353,0.3135930047694754,2.4122538828421183,2.0671964610967923,10.335982305483961,0.0,0.0,1
2016-12-14,Ret_Vol_20,KS|PSI,1.0,3.744588479882598,2.256835283721904,0.3235930047694754,2.4891769597651954,3.005856256871834,15.02928128435917,0.12602744740431482,0.025205489480862965,1
2016-12-15,Ret_Vol_20,KS|PSI,1.0,3.7830500183441362,2.2779930040620675,0.3335930047694754,2.566100036688272,2.997005894519402,14.985029472597008,0.10203741319482285,0.02040748263896457,1
2016-12-16,Ret_Vol_20,KS|PSI,1.0,3.8215115568056746,2.3101401332453384,0.3435930047694754,2.643023113611349,2.9792075745076114,14.896037872538056,0.21541498952417348,0.0430829979048347,1
2016-12-19,Ret_Vol_20,KS|PSI,1.0,3.8215115568056746,2.312096720294626,0.3435930047694754,2.643023113611349,2.974686189093311,14.873430945466554,0.239872327640268,0.0479744655280536,0
2016-12-20,Ret_Vol_20,KS|PSI,1.0,3.825914149443561,2.2955484896661367,0.3447376788553259,2.6518282988871222,2.999103313480034,14.995516567400168,0.0,0.0,1
2016-12-21,Ret_Vol_20,KS|PSI,1.0,3.825914149443561,2.3071356926707147,0.3447376788553259,2.6518282988871222,2.9709286147359175,14.854643073679586,0.14484003755722696,0.028968007511445393,1
2016-12-22,Ret_Vol_20,KS|PSI,1.0,3.825914149443561,2.304535678020437,0.3447376788553259,2.6518282988871222,2.945887585438333,14.729437927191663,0.1123398544287545,0.0224679708857509,1
2016-12-23,Ret_Vol_20,KS|PSI,1.0,3.825914149443561,2.3116666637568533,0.3447376788553259,2.6518282988871222,2.923516339824344,14.61758169912172,0.201477176133959,0.0402954352267918,1
2016-12-27,Ret_Vol_20,KS|PSI,1.0,3.825914149443561,2.3120675667295507,0.3447376788553259,2.6518282988871222,2.923516339824344,14.61758169912172,0.20648846329267484,0.04129769265853497,0
2016-12-28,Ret_Vol_20,KS|PSI,1.0,3.7940564999388524,2.2764338999633114,0.3364546899841017,2.5881129998777053,2.88550760479244,14.4275380239622,0.0,0.0,1
2016-12-29,Ret_Vol_20,KS|PSI,1.0,3.7940564999388524,2.279350170795635,0.3364546899841017,2.5881129998777053,2.869415209186993,14.347076045934966,0.03645338540404397,0.007290677080808794,1
2016-12-30,Ret_Vol_20,KS|PSI,1.0,3.7940564999388524,2.2977330401816265,0.3364546899841017,2.5881129998777053,2.855041734746331,14.275208673731653,0.26623925272894156,0.05324785054578831,1
2017-01-03,Ret_Vol_20,KS|PSI,1.0,3.79093799682035,2.3060197767627275,0.33564387917329097,2.5818759936406996,2.842262377750145,14.211311888750723,0.3932122333814748,0.07864244667629497,0
2017-01-04,Ret_Vol_20,KS|PSI,1.0,3.77870857282622,2.267225143695732,0.3324642289348172,2.55741714565244,2.842262377750145,14.211311888750723,0.0,0.0,1
2017-01-05,Ret_Vol_20,KS|PSI,1.0,3.77870857282622,2.2747257986425744,0.3324642289348172,2.55741714565244,2.830976477669855,14.154882388349273,0.09375818683552939,0.01875163736710588,1
2017-01-06,Ret_Vol_20,KS|PSI,1.0,3.77870857282622,2.276473263690156,0.3324642289348172,2.55741714565244,2.830976477669855,14.154882388349273,0.11560149993030316,0.023120299986060633,1
2017-01-09,Ret_Vol_20,KS|PSI,1.0,3.77870857282622,2.2720667942379524,0.3324642289348172,2.55741714565244,2.830976477669855,14.154882388349273,0.06052063177775657,0.012104126355551314,0
2017-01-10,Ret_Vol_20,KS|PSI,1.0,3.76647914883209,2.259887489299254,0.3292845786963434,2.5329582976641802,2.8211023593245366,14.105511796622682,0.0,0.0,1
2017-01-11,Ret_Vol_20,KS|PSI,1.0,3.76647914883209,2.28026333053751,0.3292845786963434,2.5329582976641802,2.8211023593245366,14.105511796622682,0.25469801547819815,0.05093960309563963,1
2017-01-12,Ret_Vol_20,KS|PSI,1.0,3.76647914883209,2.2821390596979727,0.3292845786963434,2.5329582976641802,2.8211023593245366,14.105511796622682,0.27814462998398193,0.055628925996796384,1
2017-01-13,Ret_Vol_20,KS|PSI,1.0,3.76647914883209,2.2712728462431526,0.3292845786963434,2.5329582976641802,2.8211023593245366,14.105511796622682,0.142316961798731,0.0284633923597462,1
2017-01-17,Ret_Vol_20,KS|PSI,1.0,3.76647914883209,2.290524362899035,0.3292845786963434,2.5329582976641802,2.8211023593245366,14.105511796622682,0.38296091999726223,0.07659218399945245,0
2017-01-18,Ret_Vol_20,KS|PSI,1.0,3.751192368839428,2.250715421303657,0.3253100158982512,2.5023847376788555,2.8493783924974014,14.246891962487007,0.0,0.0,1
2017-01-19,Ret_Vol_20,KS|PSI,1.0,3.751192368839428,2.273709320604894,0.3253100158982512,2.5023847376788555,2.8493783924974014,14.246891962487007,0.2874237412654609,0.057484748253092174,1
2017-01-20,Ret_Vol_20,KS|PSI,1.0,3.751192368839428,2.265254241767697,0.3253100158982512,2.5023847376788555,2.8493783924974014,14.246891962487007,0.18173525580050054,0.036347051160100105,1
2017-01-23,Ret_Vol_20,KS|PSI,1.0,3.751192368839428,2.2712005973985603,0.3253100158982512,2.5023847376788555,2.8493783924974014,14.246891962487007,0.2560647011862902,0.051212940237258045,0
2017-01-24,Ret_Vol_20,KS|PSI,1.0,3.74202030084383,2.245212180506298,0.3229252782193959,2.4840406016876604,2.840849654535165,14.204248272675825,0.0,0.0,1
2017-01-25,Ret_Vol_20,KS|PSI,1.0,3.74202030084383,2.2733033670712266,0.3229252782193959,2.4840406016876604,2.840849654535165,14.204248272675825,0.35113983206160887,0.07022796641232178,1
2017-01-26,Ret_Vol_20,KS|PSI,1.0,3.74202030084383,2.279825940918307,0.3229252782193959,2.4840406016876604,2.840849654535165,14.204248272675825,0.43267200515011633,0.08653440103002327,1
2017-01-27,Ret_Vol_20,KS|PSI,1.0,3.74202030084383,2.2815499801695993,0.3229252782193959,2.4840406016876604,2.840849654535165,14.204248272675825,0.4542224957912689,0.09084449915825378,1
2017-01-30,Ret_Vol_20,KS|PSI,1.0,3.74202030084383,2.269699578935874,0.3229252782193959,2.4840406016876604,2.840849654535165,14.204248272675825,0.30609248036969977,0.061218496073939956,0
2017-01-31,Ret_Vol_20,KS|PSI,1.0,3.74202030084383,2.245212180506298,0.3229252782193959,2.4840406016876604,2.7867374087204615,13.933687043602307,0.0,0.0,1
2017-02-01,Ret_Vol_20,KS|PSI,1.0,3.74202030084383,2.2529784210839363,0.3229252782193959,2.4840406016876604,2.7867374087204615,13.933687043602307,0.09707800722047877,0.019415601444095754,1
2017-02-02,Ret_Vol_20,KS|PSI,1.0,3.74202030084383,2.2585808838503176,0.3229252782193959,2.4840406016876604,2.7867374087204615,13.933687043602307,0.16710879180024918,0.03342175836004983,1
2017-02-03,Ret_Vol_20,KS|PSI,1.0,3.74202030084383,2.2821172339632727,0.3229252782193959,2.4840406016876604,2.80752074953912,14.037603747695599,0.46131316821218293,0.09226263364243659,1
2017-02-06,Ret_Vol_20,KS|PSI,1.0,3.7804818393053687,2.2925634551666385,0.3329252782193959,2.5609636786107375,2.8700346675020096,14.350173337510048,0.30342939479271447,0.060685878958542896,0
2017-02-07,Ret_Vol_20,KS|PSI,1.0,3.8189433777669075,2.2913660266601443,0.3429252782193959,2.6378867555338146,2.891129446952513,14.455647234762564,0.0,0.0,1
2017-02-08,Ret_Vol_20,KS|PSI,1.0,3.857404916228446,2.3148449631712076,0.3529252782193959,2.7148098324568912,2.9881158769989913,14.940579384994956,0.005025167926750784,0.0010050335853501568,1
2017-02-09,Ret_Vol_20,KS|PSI,1.0,3.8958664546899837,2.3594126875358525,0.3629252782193958,2.7917329093799674,3.020952825533815,15.104764127669075,0.27366018402327663,0.054732036804655326,1
2017-02-10,Ret_Vol_20,KS|PSI,1.0,3.9343279931515225,2.4007555211741773,0.3729252782193958,2.8686559863030445,3.0602539269659643,15.30126963482982,0.5019840660407995,0.1003968132081599,1
2017-02-13,Ret_Vol_20,KS|PSI,1.0,3.972789531613061,2.429153524070174,0.3829252782193958,2.9455790632261216,3.108874706262516,15.54437353131258,0.5684975637792193,0.11369951275584386,0
2017-02-14,Ret_Vol_20,KS|PSI,1.0,4.011251070074599,2.4067506420447593,0.3929252782193958,3.0225021401491987,3.158716372071587,15.793581860357934,0.0,0.0,1
2017-02-15,Ret_Vol_20,KS|PSI,1.0,4.0497126085361375,2.4422544287487415,0.40292527821939583,3.0994252170722754,3.2562562769069707,16.281281384534854,0.15533579533823982,0.031067159067647964,1
2017-02-16,Ret_Vol_20,KS|PSI,1.0,4.088174146997677,2.4620904938594506,0.41292527821939584,3.1763482939953525,4.214317498700064,21.071587493500317,0.11482507076056203,0.022965014152112405,1
2017-02-17,Ret_Vol_20,KS|PSI,1.0,4.126635685459215,2.4920569211820074,0.42292527821939585,3.2532713709184296,4.235692021348944,21.17846010674472,0.20094387383098355,0.040188774766196714,1
2017-02-21,Ret_Vol_20,KS|PSI,1.0,4.165097223920753,2.5160173804848585,0.43292527821939586,3.3301944478415066,4.259767090877158,21.29883545438579,0.21198807665508435,0.042397615331016866,0
2017-02-22,Ret_Vol_20,KS|PSI,1.0,4.203558762382292,2.5221352574293747,0.44292527821939587,3.4071175247645833,4.188018074937113,20.940090374685564,0.0,0.0,1
2017-02-23,Ret_Vol_20,KS|PSI,1.0,4.24202030084383,2.552505042778056,0.4529252782193959,3.4840406016876604,4.218422437047522,21.09211218523761,0.09116077839697734,0.018232155679395467,1
2017-02-24,Ret_Vol_20,KS|PSI,1.0,4.280481839305368,2.576174929626896,0.4629252782193959,3.5609636786107375,4.253654859077025,21.268274295385122,0.09857282554593788,0.019714565109187576,1
2017-02-27,Ret_Vol_20,KS|PSI,1.0,4.3189433777669075,2.649517473657163,0.4729252782193959,3.6378867555338146,4.2953113098617575,21.476556549308786,0.7268930874627311,0.1453786174925462,0
2017-02-28,Ret_Vol_20,KS|PSI,1.0,4.357404916228445,2.6144429497370667,0.4829252782193958,3.714809832456891,4.3175334111854,21.587667055926996,0.0,0.0,1
2017-03-01,Ret_Vol_20,KS|PSI,1.0,4.395866454689983,2.649289451733907,0.4929252782193958,3.7917329093799674,4.382721887954334,21.91360943977167,0.14711973649897014,0.02942394729979403,1
2017-03-02,Ret_Vol_20,KS|PSI,1.0,4.4343279931515225,2.6700231481300984,0.5029252782193958,3.8686559863030445,4.482288813622036,22.41144406811018,0.1178294029898107,0.023565880597962142,1
2017-03-03,Ret_Vol_20,KS|PSI,1.0,4.472789531613061,2.715507735330666,0.5129252782193958,3.9455790632261216,5.44910236026155,27.24551180130775,0.39792520453536717,0.07958504090707344,1
2017-03-06,Ret_Vol_20,KS|PSI,1.0,4.511251070074599,2.764834189914389,0.5229252782193958,4.022502140149198,6.416228054908098,32.08114027454049,0.7260443483703707,0.14520886967407415,0
2017-03-07,Ret_Vol_20,KS|PSI,1.0,4.55137384492993,2.7308243069579583,0.5333571996817821,4.102747689859862,6.415184484977315,32.07592242488657,0.0,0.0,1
2017-03-08,Ret_Vol_20,KS|PSI,1.0,4.55137384492993,2.7630317619594416,0.5333571996817821,4.102747689859862,6.427233358404404,32.13616679202202,0.40259318751853834,0.08051863750370766,1
2017-03-09,Ret_Vol_20,KS|PSI,1.0,4.55137384492993,2.7842570548480943,0.5333571996817821,4.102747689859862,6.440512762260875,32.20256381130437,0.6679093486267007,0.13358186972534014,1
2017-03-10,Ret_Vol_20,KS|PSI,1.0,4.55137384492993,2.781793572186748,0.5333571996817821,4.102747689859862,6.469277079176651,32.34638539588325,0.6371158153598725,0.1274231630719745,1
2017-03-13,Ret_Vol_20,KS|PSI,1.0,4.576831283275197,2.7930523466772086,0.5399761336515513,4.153662566550394,6.501820387318329,32.50910193659164,0.586919708901128,0.1173839417802256,0
2017-03-14,Ret_Vol_20,KS|PSI,1.0,4.599993880423474,2.7599963282540845,0.5459984089101034,4.199987760846949,6.5154172017571295,32.57708600878564,0.0,0.0,1
2017-03-15,Ret_Vol_20,KS|PSI,1.0,4.638455418885013,2.805510273163707,0.5559984089101034,4.276910837770027,6.553654702805218,32.76827351402609,0.2804627729087432,0.056092554581748645,1
2017-03-16,Ret_Vol_20,KS|PSI,1.0,4.676916957346552,2.8305784880810143,0.5659984089101034,4.353833914693103,6.581513111574127,32.90756555787063,0.30535392091353986,0.06107078418270797,1
2017-03-17,Ret_Vol_20,KS|PSI,1.0,4.71537849580809,2.857796368332761,0.5759984089101035,4.43075699161618,6.614257877979691,33.07128938989845,0.3571158855988408,0.07142317711976816,1
2017-03-20,Ret_Vol_20,KS|PSI,1.0,4.753840034269629,2.8764877425335755,0.5859984089101035,4.5076800685392575,6.653470827688597,33.26735413844298,0.30229652464748,0.060459304929496006,0
2017-03-21,Ret_Vol_20,KS|PSI,1.0,4.756899822532281,2.8541398935193687,0.5867939538583931,4.513799645064561,6.699940460754778,33.49970230377389,0.0,0.0,1
2017-03-22,Ret_Vol_20,KS|PSI,1.0,4.756899822532281,2.863235487207195,0.5867939538583931,4.513799645064561,6.699940460754778,33.49970230377389,0.11369492109783041,0.022738984219566084,1
2017-03-23,Ret_Vol_20,KS|PSI,1.0,4.756899822532281,2.880635826571542,0.5867939538583931,4.513799645064561,6.699940460754778,33.49970230377389,0.3311991631521659,0.06623983263043318,1
2017-03-24,Ret_Vol_20,KS|PSI,1.0,4.756899822532281,2.8921275519106064,0.5867939538583931,4.513799645064561,6.699940460754778,33.49970230377389,0.474845729890472,0.0949691459780944,1
2017-03-27,Ret_Vol_20,KS|PSI,1.0,4.756899822532281,2.8769795535109735,0.5867939538583931,4.513799645064561,6.69852989703659,33.492649485182945,0.28549574989505866,0.057099149979011735,0
2017-03-28,Ret_Vol_20,KS|PSI,1.0,4.703139342757481,2.8218836056544885,0.5728162291169452,4.4062786855149625,6.648170242515226,33.240851212576125,0.0,0.0,1
2017-03-29,Ret_Vol_20,KS|PSI,1.0,4.703139342757481,2.826689378128171,0.5728162291169452,4.4062786855149625,6.648170242515226,33.240851212576125,0.060072155921031656,0.012014431184206332,1
2017-03-30,Ret_Vol_20,KS|PSI,1.0,4.703139342757481,2.8277055665140916,0.5728162291169452,4.4062786855149625,6.649268608805571,33.24634304402785,0.07277451074503671,0.014554902149007343,1
2017-03-31,Ret_Vol_20,KS|PSI,1.0,4.703139342757481,2.8268186836973346,0.5728162291169452,4.4062786855149625,6.651034360537885,33.255171802689425,0.06168847553557455,0.01233769510711491,1
2017-04-03,Ret_Vol_20,KS|PSI,1.0,4.703139342757481,2.836864960475826,0.5728162291169452,4.4062786855149625,6.653470827688597,33.26735413844298,0.18726693526671723,0.037453387053343445,0
2017-04-04,Ret_Vol_20,KS|PSI,1.0,4.729361728168411,2.8376170369010465,0.5796340493237868,4.458723456336822,6.661557571795333,33.30778785897666,0.0,0.0,1
2017-04-05,Ret_Vol_20,KS|PSI,1.0,4.767823266629949,2.8638375709616986,0.5896340493237868,4.535646533259898,6.712537969460486,33.56268984730243,0.03929513729661083,0.007859027459322165,1
2017-04-06,Ret_Vol_20,KS|PSI,1.0,4.8062848050914875,2.8889742988106573,0.5996340493237867,4.612569610182975,6.727654257017731,33.63827128508865,0.06504269694705767,0.013008539389411534,1
2017-04-07,Ret_Vol_20,KS|PSI,1.0,4.844746343553026,2.910599915680727,0.6096340493237867,4.689492687106052,6.74429267714636,33.721463385731795,0.046901369361393996,0.0093802738722788,1
2017-04-10,Ret_Vol_20,KS|PSI,1.0,4.883207882014564,2.9366919313314304,0.6196340493237867,4.766415764029128,6.762582354176182,33.81291177088091,0.08459002653364711,0.016918005306729423,0
2017-04-11,Ret_Vol_20,KS|PSI,1.0,4.907056377644613,2.944233826586768,0.6258346581875993,4.8141127552892256,6.782544144578221,33.9127207228911,0.0,0.0,1
2017-04-12,Ret_Vol_20,KS|PSI,1.0,4.9455179161061515,2.9686554140956503,0.6358346581875993,4.891035832212302,6.803522287727995,34.017611438639975,0.016808305399492518,0.0033616610798985038,1
2017-04-13,Ret_Vol_20,KS|PSI,1.0,4.98397945456769,3.0107625343380673,0.6458346581875993,4.96795890913538,6.826803198209099,34.134015991045494,0.25468576996816805,0.05093715399363361,1
2017-04-17,Ret_Vol_20,KS|PSI,1.0,5.0,3.0437956250902305,0.6558346581875993,5.044881986058456,6.8520484446747965,34.26024222337398,0.5474453136278797,0.10948906272557594,0
2017-04-18,Ret_Vol_20,KS|PSI,1.0,5.0,3.0,0.6624741447891807,5.095954959916774,6.7978308407147985,33.98915420357399,0.0,0.0,1
2017-04-19,Ret_Vol_20,KS|PSI,1.0,5.0,3.0134588894648484,0.6724741447891807,5.172878036839851,6.8292114935546095,34.14605746777305,0.16823611831060642,0.033647223662121285,1
2017-04-20,Ret_Vol_20,KS|PSI,1.0,5.0,3.012270505161514,0.6824741447891807,5.249801113762928,6.865393528548701,34.326967642743504,0.15338131451892195,0.03067626290378439,1
2017-04-21,Ret_Vol_20,KS|PSI,1.0,5.0,3.012842704121462,0.6924741447891807,5.326724190686005,6.907975564443241,34.539877822216205,0.16053380151827795,0.03210676030365559,1
2017-04-24,Ret_Vol_20,KS|PSI,1.0,5.0,3.03454414200603,0.7024741447891807,5.403647267609082,6.960021057546822,34.800105287734105,0.4318017750753721,0.08636035501507441,0
2017-04-25,Ret_Vol_20,KS|PSI,1.0,5.0,3.0,0.7084964200477326,5.449972461905635,6.995766752705984,34.97883376352992,0.0,0.0,1
2017-04-26,Ret_Vol_20,KS|PSI,1.0,5.0,3.019199926398829,0.7184964200477326,5.526895538828712,7.063553185334266,35.31776592667133,0.23999907998536552,0.047999815997073106,1
2017-04-27,Ret_Vol_20,KS|PSI,1.0,5.0,3.0145392354972866,0.7284964200477326,5.6038186157517895,7.165667135532713,35.82833567766356,0.18174044371608428,0.03634808874321686,1
2017-04-28,Ret_Vol_20,KS|PSI,1.0,5.0,3.0146546659346702,0.7384964200477326,5.680741692674866,8.135636440394777,40.67818220197388,0.18318332418337985,0.03663666483667597,1
2017-05-01,Ret_Vol_20,KS|PSI,1.0,5.0,3.0325963486091108,0.7484964200477326,5.757664769597943,8.238248108020535,41.191240540102676,0.407454357613883,0.08149087152277659,0
2017-05-02,Ret_Vol_20,KS|PSI,1.0,5.0,3.0,0.7545186953062848,5.803989963894498,9.15117871201377,45.75589356006885,0.0,0.0,1
2017-05-03,Ret_Vol_20,KS|PSI,1.0,5.0,3.0114352756779055,0.7545186953062848,5.803989963894498,9.153233137924728,45.766165689623634,0.14294094597381657,0.028588189194763313,1
2017-05-04,Ret_Vol_20,KS|PSI,1.0,5.0,3.031538449721217,0.7545186953062848,5.803989963894498,9.153233137924728,45.766165689623634,0.39423062151521127,0.07884612430304225,1
2017-05-05,Ret_Vol_20,KS|PSI,1.0,5.0,3.0389458279631074,0.7545186953062848,5.803989963894498,9.153233137924728,45.766165689623634,0.4868228495388436,0.09736456990776872,1
2017-05-08,Ret_Vol_20,KS|PSI,1.0,5.0,3.025950115062159,0.7545186953062848,5.803989963894498,9.153233137924728,45.766165689623634,0.32437643827698315,0.06487528765539663,0
2017-05-09,Ret_Vol_20,KS|PSI,1.0,5.0,3.0,0.7505409705648369,5.773392081267976,9.153233137924728,45.766165689623634,0.0,0.0,1
2017-05-10,Ret_Vol_20,KS|PSI,1.0,5.0,3.014413786913108,0.7505409705648369,5.773392081267976,9.153233137924728,45.766165689623634,0.18017233641384744,0.03603446728276949,1
2017-05-11,Ret_Vol_20,KS|PSI,1.0,5.0,3.030255742995943,0.7505409705648369,5.773392081267976,9.153233137924728,45.766165689623634,0.3781967874492864,0.07563935748985728,1
2017-05-12,Ret_Vol_20,KS|PSI,1.0,5.0,3.0308682454913733,0.7505409705648369,5.773392081267976,9.15117871201377,45.75589356006885,0.38585306864216906,0.07717061372843381,1
2017-05-15,Ret_Vol_20,KS|PSI,1.0,5.0,3.0466334150618035,0.7505409705648369,5.773392081267976,9.149664646689088,45.74832323344543,0.5829176882725444,0.11658353765450888,0
2017-05-16,Ret_Vol_20,KS|PSI,1.0,5.0,3.0,0.7465632458233891,5.742794198641454,9.15117871201377,45.75589356006885,0.0,0.0,1
2017-05-17,Ret_Vol_20,KS|PSI,1.0,5.0,3.0148936424273254,0.7365632458233891,5.665871121718377,9.126540701754596,45.63270350877298,0.18617053034156583,0.037234106068313164,1
2017-05-18,Ret_Vol_20,KS|PSI,1.0,5.0,3.012783399432675,0.7338345266507558,5.644880974236583,9.104155665819238,45.52077832909619,0.15979249290843878,0.031958498581687755,1
2017-05-19,Ret_Vol_20,KS|PSI,1.0,5.0,3.0162112571473174,0.724741447891806,5.5749342145523535,9.083764405655721,45.418822028278605,0.20264071434146824,0.04052814286829365,1
2017-05-22,Ret_Vol_20,KS|PSI,1.0,5.0,3.0362578831941334,0.724741447891806,5.5749342145523535,9.065165223626515,45.325826118132575,0.4532235399266671,0.09064470798533342,0
2017-05-23,Ret_Vol_20,KS|PSI,1.0,5.0,3.0,0.7214478918058871,5.549599167737592,9.065165223626515,45.325826118132575,0.0,0.0,1
2017-05-24,Ret_Vol_20,KS|PSI,1.0,5.0,3.004305226567695,0.7214478918058871,5.549599167737592,9.083764405655721,45.418822028278605,0.05381533209618272,0.010763066419236545,1
2017-05-25,Ret_Vol_20,KS|PSI,1.0,5.0,3.0211254153910834,0.7214478918058871,5.549599167737592,9.065165223626515,45.325826118132575,0.26406769238854366,0.052813538477708734,1
2017-05-26,Ret_Vol_20,KS|PSI,1.0,5.0,3.050183924433771,0.7214478918058871,5.549599167737592,9.048197954702465,45.24098977351232,0.6272990554221375,0.1254598110844275,1
2017-05-30,Ret_Vol_20,KS|PSI,1.0,5.0,3.069991098003493,0.7214478918058871,5.549599167737592,9.048197954702465,45.24098977351232,0.8748887250436601,0.17497774500873203,0
2017-05-31,Ret_Vol_20,KS|PSI,1.0,5.0,3.0,0.7256563245823389,5.581971727556453,9.048197954702465,45.24098977351232,0.0,0.0,1
2017-06-01,Ret_Vol_20,KS|PSI,1.0,5.0,3.005706252016061,0.7256563245823389,5.581971727556453,9.048197954702465,45.24098977351232,0.07132815020076155,0.01426563004015231,1
2017-06-02,Ret_Vol_20,KS|PSI,1.0,5.0,3.0188092673411564,0.7174701670644391,5.51900128511107,9.032733323525916,45.16366661762957,0.23511584176445433,0.047023168352890866,1
2017-06-05,Ret_Vol_20,KS|PSI,1.0,5.0,3.0124567148180317,0.7174701670644391,5.51900128511107,9.018665614350112,45.09332807175056,0.15570893522539697,0.031141787045079396,0
2017-06-06,Ret_Vol_20,KS|PSI,1.0,5.0,3.0,0.7142879872712808,5.494522979009853,9.005907481557577,45.02953740778788,0.0,0.0,1
2017-06-07,Ret_Vol_20,KS|PSI,1.0,5.0,3.009485191731558,0.7142879872712808,5.494522979009853,8.994386189043801,44.97193094521901,0.11856489664447478,0.023712979328894955,1
2017-06-08,Ret_Vol_20,KS|PSI,1.0,5.0,3.0082352548489393,0.7142879872712808,5.494522979009853,8.984040830846595,44.92020415423298,0.10294068561174041,0.020588137122348082,1
2017-06-09,Ret_Vol_20,KS|PSI,1.0,5.0,3.041656064416056,0.7142879872712808,5.494522979009853,8.973782757709737,44.86891378854868,0.5207008052007015,0.1041401610401403,1
2017-06-12,Ret_Vol_20,KS|PSI,1.0,5.0,3.0235907321473974,0.7142879872712808,5.494522979009853,8.964576913539556,44.82288456769778,0.294884151842468,0.058976830368493605,0
2017-06-13,Ret_Vol_20,KS|PSI,1.0,5.0,3.0,0.710310262529833,5.46392509638333,8.956385388052826,44.78192694026413,0.0,0.0,1
2017-06-14,Ret_Vol_20,KS|PSI,1.0,5.0,3.004597198666959,0.710310262529833,5.46392509638333,8.949176078162127,44.74588039081063,0.05746498333698835,0.01149299666739767,1
2017-06-15,Ret_Vol_20,KS|PSI,1.0,5.0,3.019905967999305,0.710310262529833,5.46392509638333,8.949176078162127,44.74588039081063,0.24882459999131412,0.049764919998262824,1
2017-06-16,Ret_Vol_20,KS|PSI,1.0,5.0,3.0338570293481752,0.710310262529833,5.46392509638333,8.949176078162127,44.74588039081063,0.42321286685218906,0.08464257337043782,1
2017-06-19,Ret_Vol_20,KS|PSI,1.0,5.0,3.018107532982883,0.710310262529833,5.46392509638333,8.949176078162127,44.74588039081063,0.22634416228603593,0.045268832457207184,0
2017-06-20,Ret_Vol_20,KS|PSI,1.0,5.0,3.0,0.706332537788385,5.433327213756807,8.942921927638507,44.71460963819253,0.0,0.0,1
2017-06-21,Ret_Vol_20,KS|PSI,1.0,5.0,3.0055260135392325,0.706332537788385,5.433327213756807,8.942690195442804,44.713450977214016,0.06907516924040857,0.013815033848081715,1
2017-06-22,Ret_Vol_20,KS|PSI,1.0,5.0,3.0095231681110453,0.706332537788385,5.433327213756807,8.942690195442804,44.713450977214016,0.11903960138806458,0.023807920277612915,1
2017-06-23,Ret_Vol_20,KS|PSI,1.0,5.0,3.0092444433141257,0.706332537788385,5.433327213756807,8.943123171487724,44.715615857438614,0.11555554142656943,0.023111108285313885,1
2017-06-26,Ret_Vol_20,KS|PSI,1.0,5.0,3.0154209134873016,0.706332537788385,5.433327213756807,8.943123171487724,44.715615857438614,0.19276141859126938,0.03855228371825388,0
2017-06-27,Ret_Vol_20,KS|PSI,1.0,5.0,3.0,0.7023548130469371,5.402729331130286,8.937600327735883,44.68800163867941,0.0,0.0,1
2017-06-28,Ret_Vol_20,KS|PSI,1.0,5.0,3.00206349475162,0.7023548130469371,5.402729331130286,8.938851965994266,44.69425982997132,0.025793684395246652,0.00515873687904933,1
2017-06-29,Ret_Vol_20,KS|PSI,1.0,5.0,3.0074553916827864,0.7023548130469371,5.402729331130286,8.940783263430525,44.703916317152625,0.09319239603483143,0.018638479206966284,1
2017-06-30,Ret_Vol_20,KS|PSI,1.0,5.0,3.012291533429194,0.7023548130469371,5.402729331130286,8.943398356368343,44.71699178184171,0.1536441678649233,0.03072883357298466,1
2017-07-03,Ret_Vol_20,KS|PSI,1.0,5.0,3.0309825088355327,0.7023548130469371,5.402729331130286,8.946702842441873,44.733514212209364,0.3872813604441572,0.07745627208883143,0
2017-07-05,Ret_Vol_20,KS|PSI,1.0,5.0,3.0,0.6983770883054892,5.372131448503763,7.97834600416933,39.891730020846644,0.0,0.0,1
2017-07-06,Ret_Vol_20,KS|PSI,1.0,5.0,3.0246175278493053,0.6983770883054892,5.372131448503763,7.982060200994882,39.91030100497441,0.30771909811631454,0.061543819623262906,1
2017-07-07,Ret_Vol_20,KS|PSI,1.0,5.0,3.0185901421360977,0.6983770883054892,5.372131448503763,7.9796300179822595,39.8981500899113,0.2323767767012223,0.04647535534024446,1
2017-07-10,Ret_Vol_20,KS|PSI,1.0,5.0,3.0287368031252497,0.6983770883054892,5.372131448503763,7.978175708227928,39.890878541139635,0.3592100390656237,0.07184200781312475,0
2017-07-11,Ret_Vol_20,KS|PSI,1.0,5.0,3.0,0.695194908512331,5.347653142402546,7.888795316465753,39.443976582328766,0.0,0.0,1
2017-07-12,Ret_Vol_20,KS|PSI,1.0,5.0,3.024630420677781,0.695194908512331,5.347653142402546,7.888288357414423,39.44144178707211,0.3078802584722624,0.06157605169445248,1
2017-07-13,Ret_Vol_20,KS|PSI,1.0,5.0,3.035658908229829,0.695194908512331,5.347653142402546,7.888795316465753,39.443976582328766,0.4457363528728583,0.08914727057457165,1
2017-07-14,Ret_Vol_20,KS|PSI,1.0,5.0,3.028826591721775,0.695194908512331,5.347653142402546,7.890318340395831,39.451591701979154,0.36033239652218774,0.07206647930443755,1
2017-07-17,Ret_Vol_20,KS|PSI,1.0,5.0,3.0417538503124124,0.695194908512331,5.347653142402546,7.892863917682973,39.46431958841487,0.5219231289051554,0.10438462578103107,0
2017-07-18,Ret_Vol_20,KS|PSI,1.0,5.0,3.0,0.691217183770883,5.317055259776023,7.896443025498655,39.482215127493276,0.0,0.0,1
2017-07-19,Ret_Vol_20,KS|PSI,1.0,5.0,3.010313164372084,0.691217183770883,5.317055259776023,7.905351468209082,39.5267573410454,0.12891455465104995,0.02578291093020999,1
2017-07-20,Ret_Vol_20,KS|PSI,1.0,5.0,3.018090037196279,0.691217183770883,5.317055259776023,7.9151920398787645,39.57596019939382,0.2261254649534855,0.0452250929906971,1
2017-07-21,Ret_Vol_20,KS|PSI,1.0,5.0,3.0284409547982727,0.691217183770883,5.317055259776023,7.925999524200824,39.629997621004115,0.35551193497841005,0.07110238699568201,1
2017-07-24,Ret_Vol_20,KS|PSI,1.0,5.0,3.034443767599704,0.691217183770883,5.317055259776023,7.937814305821329,39.68907152910664,0.43054709499629684,0.08610941899925936,0
2017-07-25,Ret_Vol_20,KS|PSI,1.0,5.0,3.0,0.6872394590294351,5.2864573771495005,7.945356695230368,39.72678347615184,0.0,0.0,1
2017-07-26,Ret_Vol_20,KS|PSI,1.0,5.0,3.029990642982378,0.6872394590294351,5.2864573771495005,7.945356695230368,39.72678347615184,0.37488303727972666,0.07497660745594534,1
2017-07-27,Ret_Vol_20,KS|PSI,1.0,5.0,3.0379609509133205,0.6872394590294351,5.2864573771495005,7.9327395066211945,39.66369753310597,0.4745118864165045,0.09490237728330089,1
2017-07-28,Ret_Vol_20,KS|PSI,1.0,5.0,3.0528914257527275,0.6872394590294351,5.2864573771495005,7.921182894682195,39.60591447341097,0.6611428219090947,0.13222856438181893,1
2017-07-31,Ret_Vol_20,KS|PSI,1.0,5.0,3.0270906007534624,0.6872394590294351,5.2864573771495005,7.910640201756907,39.553201008784534,0.3386325094182787,0.06772650188365574,0
2017-08-01,Ret_Vol_20,KS|PSI,1.0,5.0,3.0,0.6832617342879872,5.255859494522978,7.910640201756907,39.553201008784534,0.0,0.0,1
2017-08-02,Ret_Vol_20,KS|PSI,1.0,5.0,3.040601888412883,0.6832617342879872,5.255859494522978,7.901071383403904,39.50535691701952,0.5075236051610339,0.10150472103220678,1
2017-08-03,Ret_Vol_20,KS|PSI,1.0,5.0,3.0222353836408935,0.6832617342879872,5.255859494522978,7.89244202253599,39.46221011267995,0.2779422955111678,0.055588459102233555,1
2017-08-04,Ret_Vol_20,KS|PSI,1.0,5.0,3.035457144071484,0.6832617342879872,5.255859494522978,7.884722548613086,39.423612743065426,0.44321430089355285,0.08864286017871056,1
2017-08-07,Ret_Vol_20,KS|PSI,1.0,5.0,3.0443341908909782,0.6832617342879872,5.255859494522978,7.877887614836444,39.389438074182216,0.5541773861372269,0.11083547722744538,0
2017-08-08,Ret_Vol_20,KS|PSI,1.0,5.0,3.0,0.6792840095465393,5.225261611896456,7.818333507168861,39.0916675358443,0.0,0.0,1
2017-08-09,Ret_Vol_20,KS|PSI,1.0,5.0,3.00663169019371,0.6792840095465393,5.225261611896456,7.811802148139741,39.0590107406987,0.08289612742137209,0.01657922548427442,1
2017-08-10,Ret_Vol_20,KS|PSI,1.0,5.0,3.0367181585356335,0.6792840095465393,5.225261611896456,7.806142827057283,39.03071413528641,0.4589769816954201,0.09179539633908403,1
2017-08-11,Ret_Vol_20,KS|PSI,1.0,5.0,3.038577431012169,0.6792840095465393,5.225261611896456,7.80133779352605,39.00668896763025,0.48221788765211626,0.09644357753042325,1
2017-08-14,Ret_Vol_20,KS|PSI,1.0,5.0,3.034390248219916,0.6792840095465393,5.225261611896456,7.803818399148023,39.01909199574011,0.4298781027489482,0.08597562054978965,0
2017-08-15,Ret_Vol_20,KS|PSI,1.0,5.0,3.0,0.6753062848050915,5.1946637292699345,7.7090330769764766,38.54516538488238,0.0,0.0,1
2017-08-16,Ret_Vol_20,KS|PSI,1.0,5.0,3.0106586493320604,0.6753062848050915,5.1946637292699345,7.711263671906705,38.55631835953352,0.1332331166507541,0.02664662333015082,1
2017-08-17,Ret_Vol_20,KS|PSI,1.0,5.0,3.0377850903732146,0.6746221161495625,5.189400893458172,7.679469845784032,38.397349228920156,0.4723136296651811,0.09446272593303622,1
2017-08-18,Ret_Vol_20,KS|PSI,1.0,5.0,3.0281626508433908,0.6746221161495625,5.189400893458172,7.6526375106751825,38.26318755337591,0.35203313554238447,0.0704066271084769,1
2017-08-21,Ret_Vol_20,KS|PSI,1.0,5.0,3.039654738855643,0.6746221161495625,5.189400893458172,7.6526375106751825,38.26318755337591,0.49568423569553766,0.09913684713910753,0
2017-08-22,Ret_Vol_20,KS|PSI,1.0,5.0,3.0,0.6606443914081146,5.081879933908573,7.623385175966442,38.11692587983221,0.0,0.0,1
2017-08-23,Ret_Vol_20,KS|PSI,1.0,5.0,3.0028676771382448,0.6506443914081146,5.004956856985497,7.600470079319056,38.002350396595276,0.0358459642280583,0.00716919284561166,1
2017-08-24,Ret_Vol_20,KS|PSI,1.0,4.9640168900312105,2.987699323277297,0.6406443914081146,4.92803378006242,7.580294517426244,37.90147258713122,0.11611486573213914,0.02322297314642783,1
2017-08-25,Ret_Vol_20,KS|PSI,1.0,4.925555351569671,2.9631610372258863,0.6306443914081146,4.851110703139343,7.562523226644538,37.81261613322269,0.09784782855104557,0.019569565710209114,1
2017-08-28,Ret_Vol_20,KS|PSI,1.0,4.887093813108133,2.937786913776528,0.6206443914081146,4.774187626216266,7.546904632054801,37.734523160274,0.06913282389560238,0.013826564779120476,0
2017-08-29,Ret_Vol_20,KS|PSI,1.0,4.88403402484548,2.930420414907288,0.6198488464598249,4.76806804969096,7.533245865635287,37.666229328176435,0.0,0.0,1
2017-08-30,Ret_Vol_20,KS|PSI,1.0,4.845572486383942,2.9164093391049812,0.6098488464598248,4.691144972767884,6.56957999424789,32.84789997123945,0.11332309093270598,0.022664618186541197,1
2017-08-31,Ret_Vol_20,KS|PSI,1.0,4.8071109479224035,2.8903104669365196,0.5998488464598251,4.614221895844808,6.473981770032488,32.36990885016244,0.07554872728847062,0.015109745457694123,1
2017-09-01,Ret_Vol_20,KS|PSI,1.0,4.768649409460865,2.8781300418145244,0.589848846459825,4.537298818921731,6.4129380495728565,32.06469024786428,0.21175495172506675,0.04235099034501335,1
2017-09-05,Ret_Vol_20,KS|PSI,1.0,4.730187870999327,2.8691711102073065,0.579848846459825,4.460375741998654,6.367606775007479,31.838033875037393,0.3882298450963816,0.07764596901927631,0
2017-09-06,Ret_Vol_20,KS|PSI,1.0,4.703965485588397,2.8223792913530383,0.5730310262529833,4.407930971176794,6.366990110132383,31.83495055066191,0.0,0.0,1
2017-09-07,Ret_Vol_20,KS|PSI,1.0,4.665503947126859,2.807364485024989,0.5630310262529833,4.331007894253718,6.33054510023749,31.65272550118745,0.10077645936092106,0.020155291872184213,1
2017-09-08,Ret_Vol_20,KS|PSI,1.0,4.665503947126859,2.829953810444934,0.5630310262529833,4.331007894253718,6.320153411932276,31.60076705966138,0.3831430271102356,0.07662860542204712,1
2017-09-11,Ret_Vol_20,KS|PSI,1.0,4.62704240866532,2.812464361454658,0.5530310262529833,4.25408481733064,6.311522450922521,31.557612254612604,0.4529864531933253,0.09059729063866506,0
2017-09-12,Ret_Vol_20,KS|PSI,1.0,4.614803255614712,2.768881953368827,0.549848846459825,4.229606511229423,6.280080951472424,31.40040475736212,0.0,0.0,1
2017-09-13,Ret_Vol_20,KS|PSI,1.0,4.614803255614712,2.776351027379302,0.549848846459825,4.229606511229423,6.273012109573289,31.36506054786644,0.09336342513093554,0.01867268502618711,1
2017-09-14,Ret_Vol_20,KS|PSI,1.0,4.61174346735206,2.7727365847312573,0.5490533015115354,4.223486934704119,6.267550580904558,31.33775290452279,0.07113130400026713,0.014226260800053426,1
2017-09-15,Ret_Vol_20,KS|PSI,1.0,4.61174346735206,2.7727308124139713,0.5490533015115354,4.223486934704119,6.267550580904558,31.33775290452279,0.07105915003419172,0.014211830006838344,1
2017-09-18,Ret_Vol_20,KS|PSI,1.0,4.61174346735206,2.7845549745289153,0.5490533015115354,4.223486934704119,6.267550580904558,31.33775290452279,0.2188611764709898,0.04377223529419796,0
2017-09-19,Ret_Vol_20,KS|PSI,1.0,4.573251331007894,2.7439507986047365,0.5390453460620525,4.146502662015788,6.244546677768362,31.22273338884181,0.0,0.0,1
2017-09-20,Ret_Vol_20,KS|PSI,1.0,4.573251331007894,2.7550111494788827,0.5390453460620525,4.146502662015788,6.244660217551106,31.223301087755527,0.13825438592682782,0.027650877185365564,1
2017-09-21,Ret_Vol_20,KS|PSI,1.0,4.573251331007894,2.7543129498536656,0.5390453460620525,4.146502662015788,6.2459879250859345,31.229939625429672,0.12952689061161327,0.025905378122322652,1
2017-09-22,Ret_Vol_20,KS|PSI,1.0,4.573251331007894,2.7557187268328245,0.5390453460620525,4.146502662015788,6.248536996799393,31.242684983996963,0.14709910285110084,0.02941982057022017,1
2017-09-25,Ret_Vol_20,KS|PSI,1.0,4.573251331007894,2.751488023285074,0.5390453460620525,4.146502662015788,6.252321920158687,31.261609600793435,0.09421530850421944,0.018843061700843888,0
2017-09-26,Ret_Vol_20,KS|PSI,1.0,4.557952389694632,2.7347714338167792,0.5350676213206045,4.115904779389265,5.2068719512333725,26.03435975616686,0.0,0.0,1
2017-09-27,Ret_Vol_20,KS|PSI,1.0,4.557952389694632,2.7433262303979347,0.5350676213206045,4.115904779389265,5.212719566385726,26.06359783192863,0.10693495726444024,0.021386991452888048,1
2017-09-28,Ret_Vol_20,KS|PSI,1.0,4.557952389694632,2.7589176000297106,0.5350676213206045,4.115904779389265,5.21991702073211,26.099585103660548,0.3018270776616423,0.06036541553232846,1
2017-09-29,Ret_Vol_20,KS|PSI,1.0,4.557952389694632,2.7563401453313086,0.5350676213206045,4.115904779389265,5.228513708343266,26.14256854171633,0.2696088939316149,0.05392177878632298,1
2017-10-02,Ret_Vol_20,KS|PSI,1.0,4.557952389694632,2.7484763020034264,0.5350676213206045,4.115904779389265,5.2385720764028,26.192860382014,0.1713108523330883,0.034262170466617656,0
2017-10-03,Ret_Vol_20,KS|PSI,1.0,4.542653448381372,2.725592069028823,0.5310898965791566,4.085306896762743,5.202138923451296,26.010694617256476,0.0,0.0,1
2017-10-04,Ret_Vol_20,KS|PSI,1.0,4.542653448381372,2.732195259043201,0.5310898965791566,4.085306896762743,5.215374456241557,26.076872281207784,0.08253987517972428,0.016507975035944856,1
2017-10-05,Ret_Vol_20,KS|PSI,1.0,4.542653448381372,2.7386891570876277,0.5310898965791566,4.085306896762743,5.215374456241557,26.076872281207784,0.16371360073506136,0.03274272014701227,1
2017-10-06,Ret_Vol_20,KS|PSI,1.0,4.542653448381372,2.746848074810648,0.5310898965791566,4.085306896762743,5.215374456241557,26.076872281207784,0.26570007227281034,0.05314001445456207,1
2017-10-09,Ret_Vol_20,KS|PSI,1.0,4.542653448381372,2.749019787341383,0.5310898965791566,4.085306896762743,5.215374456241557,26.076872281207784,0.292846478906997,0.0585692957813994,0
2017-10-10,Ret_Vol_20,KS|PSI,1.0,4.536533871856067,2.72192032311364,0.5294988066825775,4.0730677437121345,5.161032018483034,25.80516009241517,0.0,0.0,1
2017-10-11,Ret_Vol_20,KS|PSI,1.0,4.536533871856067,2.7235532028944505,0.5294988066825775,4.0730677437121345,5.170747167344423,25.853735836722116,0.020410997260127628,0.004082199452025525,1
2017-10-12,Ret_Vol_20,KS|PSI,1.0,4.536533871856067,2.731836346352984,0.5294988066825775,4.0730677437121345,5.181765303640292,25.908826518201458,0.12395029049180051,0.0247900580983601,1
2017-10-13,Ret_Vol_20,KS|PSI,1.0,4.536533871856067,2.7305306551116084,0.5294988066825775,4.0730677437121345,5.188299566006096,25.941497830030478,0.10762914997460571,0.021525829994921142,1
2017-10-16,Ret_Vol_20,KS|PSI,1.0,4.536533871856067,2.7277906387299016,0.5294988066825775,4.0730677437121345,5.195837172980193,25.979185864900963,0.07337894520326882,0.014675789040653763,0
2017-10-17,Ret_Vol_20,KS|PSI,1.0,4.530414295330763,2.7182485771984575,0.5279077167859983,4.060828590661526,5.172180463747528,25.86090231873764,0.0,0.0,1
2017-10-18,Ret_Vol_20,KS|PSI,1.0,4.530414295330763,2.7249100847621652,0.5279077167859983,4.060828590661526,5.1837682316317615,25.918841158158806,0.08326884454634631,0.016653768909269263,1
2017-10-19,Ret_Vol_20,KS|PSI,1.0,4.530414295330763,2.7245100092473002,0.5279077167859983,4.060828590661526,5.196702695967462,25.983513479837306,0.07826790061053657,0.015653580122107314,1
2017-10-20,Ret_Vol_20,KS|PSI,1.0,4.530414295330763,2.7560875666355504,0.5279077167859983,4.060828590661526,5.21106911612025,26.055345580601248,0.47298736796365937,0.09459747359273188,1
2017-10-23,Ret_Vol_20,KS|PSI,1.0,4.530414295330763,2.7448860651257028,0.5279077167859983,4.060828590661526,5.226971289605872,26.13485644802936,0.3329685990905648,0.06659371981811296,0
2017-10-24,Ret_Vol_20,KS|PSI,1.0,4.524294718805459,2.714576831283275,0.5263166268894193,4.048589437610917,5.244536724229711,26.222683621148555,0.0,0.0,1
2017-10-25,Ret_Vol_20,KS|PSI,1.0,4.524294718805459,2.730202832176196,0.5263166268894193,4.048589437610917,5.2560144063303795,26.280072031651898,0.19532501116151185,0.03906500223230237,1
2017-10-26,Ret_Vol_20,KS|PSI,1.0,4.524294718805459,2.7473423378858963,0.5263166268894193,4.048589437610917,5.268644162895223,26.343220814476112,0.40956883253276305,0.0819137665065526,1
2017-10-27,Ret_Vol_20,KS|PSI,1.0,4.524294718805459,2.74567937778135,0.5263166268894193,4.048589437610917,5.282488613329921,26.412443066649605,0.3887818312259372,0.07775636624518743,1
2017-10-30,Ret_Vol_20,KS|PSI,1.0,4.524294718805459,2.746459090928918,0.5263166268894193,4.048589437610917,5.297622155697683,26.488110778488412,0.39852824557053235,0.07970564911410646,0
2017-10-31,Ret_Vol_20,KS|PSI,1.0,4.510272716155068,2.706163629693041,0.5226709062003179,4.020545432310137,5.314600290824158,26.57300145412079,0.0,0.0,1
2017-11-01,Ret_Vol_20,KS|PSI,1.0,4.510272716155068,2.707306564590803,0.5226709062003179,4.020545432310137,5.331231359321395,26.65615679660697,0.014286686222028,0.0028573372444056,1
2017-11-02,Ret_Vol_20,KS|PSI,1.0,4.510272716155068,2.7088144540946306,0.5226709062003179,4.020545432310137,5.3493370639168045,26.74668531958402,0.033135305019873273,0.006627061003974655,1
2017-11-03,Ret_Vol_20,KS|PSI,1.0,4.510272716155068,2.7093511225426754,0.5226709062003179,4.020545432310137,5.369047948042552,26.845239740212758,0.039843660620432986,0.007968732124086598,1
2017-11-06,Ret_Vol_20,KS|PSI,1.0,4.510272716155068,2.7086628477313917,0.5226709062003179,4.020545432310137,5.390525334957093,26.952626674785467,0.031240225479383987,0.006248045095876798,0
2017-11-07,Ret_Vol_20,KS|PSI,1.0,4.496272988330176,2.6977637929981055,0.5190309769658459,3.992545976660353,5.395201720865707,26.976008604328534,0.0,0.0,1
2017-11-08,Ret_Vol_20,KS|PSI,1.0,4.496272988330176,2.7354375452500563,0.5190309769658459,3.992545976660353,5.395201720865707,26.976008604328534,0.4709219031493863,0.09418438062987726,1
2017-11-09,Ret_Vol_20,KS|PSI,1.0,4.496272988330176,2.7658251579319773,0.5190309769658459,3.992545976660353,5.395201720865707,26.976008604328534,0.8507670616733988,0.17015341233467976,1
2017-11-10,Ret_Vol_20,KS|PSI,1.0,4.496272988330176,2.734307885771366,0.5190309769658459,3.992545976660353,5.395201720865707,26.976008604328534,0.45680115966575435,0.09136023193315088,1
2017-11-13,Ret_Vol_20,KS|PSI,1.0,4.496272988330176,2.752644785292014,0.5190309769658459,3.992545976660353,5.395201720865707,26.976008604328534,0.686012403673856,0.1372024807347712,0
2017-11-14,Ret_Vol_20,KS|PSI,1.0,4.480998350339097,2.688599010203458,0.5150595710881651,3.9619967006781933,5.3788162630608545,26.89408131530427,0.0,0.0,1
2017-11-15,Ret_Vol_20,KS|PSI,1.0,4.480998350339097,2.7287823437642516,0.5150595710881651,3.9619967006781933,5.3788162630608545,26.89408131530427,0.5022916695099165,0.1004583339019833,1
2017-11-16,Ret_Vol_20,KS|PSI,1.0,4.480998350339097,2.736512786950702,0.5150595710881651,3.9619967006781933,5.363687648939103,26.818438244695514,0.5989222093405504,0.11978444186811008,1
2017-11-17,Ret_Vol_20,KS|PSI,1.0,4.480998350339097,2.7572102466666104,0.5150595710881651,3.9619967006781933,5.3788162630608545,26.89408131530427,0.857640455789404,0.17152809115788079,1
2017-11-20,Ret_Vol_20,KS|PSI,1.0,4.480998350339097,2.7666891826605227,0.5150595710881651,3.9619967006781933,5.395201720865707,26.976008604328534,0.9761271557133105,0.1952254311426621,0
2017-11-21,Ret_Vol_20,KS|PSI,1.0,4.465723712348017,2.67943422740881,0.5110881652104844,3.931447424696034,5.395201720865707,26.976008604328534,0.0,0.0,1
2017-11-22,Ret_Vol_20,KS|PSI,1.0,4.465723712348017,2.681076686880721,0.5110881652104844,3.931447424696034,5.4129343991308865,27.064671995654432,0.020530743398887052,0.00410614867977741,1
2017-11-24,Ret_Vol_20,KS|PSI,1.0,4.465723712348017,2.686841307383292,0.5110881652104844,3.931447424696034,5.432122932306974,27.160614661534872,0.09258849968102478,0.018517699936204956,1
2017-11-27,Ret_Vol_20,KS|PSI,1.0,4.465723712348017,2.6838534707027653,0.5110881652104844,3.931447424696034,5.452899443706288,27.26449721853144,0.05524054117444199,0.011048108234888398,0
2017-11-28,Ret_Vol_20,KS|PSI,1.0,4.453504001955153,2.672102401173092,0.5079110405083399,3.907008003910307,5.47917531802106,27.3958765901053,0.0,0.0,1
2017-11-29,Ret_Vol_20,KS|PSI,1.0,4.453504001955153,2.672331628161451,0.5079110405083399,3.907008003910307,5.486812078332118,27.43406039166059,0.0028653373544925698,0.000573067470898514,1
2017-11-30,Ret_Vol_20,KS|PSI,1.0,4.453504001955153,2.679109557874717,0.5079110405083399,3.907008003910307,5.4986421370452465,27.49321068522623,0.08758945877031393,0.017517891754062785,1
2017-12-01,Ret_Vol_20,KS|PSI,1.0,4.471344779128735,2.7026379500424227,0.512549642573471,3.9426895582574693,5.515196043542696,27.57598021771348,0.24788853206477024,0.049577706412954045,1
2017-12-04,Ret_Vol_20,KS|PSI,1.0,4.509806317590273,2.7516084400934786,0.522549642573471,4.019612635180546,5.52217234822891,27.61086174114455,0.5715581192414322,0.11431162384828644,0
2017-12-05,Ret_Vol_20,KS|PSI,1.0,4.5329932180607315,2.719795930836439,0.5285782366957903,4.065986436121464,5.532173266492931,27.660866332464654,0.0,0.0,1
2017-12-06,Ret_Vol_20,KS|PSI,1.0,4.57145475652227,2.747654659939353,0.5385782366957903,4.142909513044541,5.545466303280043,27.727331516400213,0.05977257532489133,0.011954515064978266,1
2017-12-07,Ret_Vol_20,KS|PSI,1.0,4.609916294983808,2.7704228504251622,0.5485782366957903,4.219832589967617,5.562453908824811,27.812269544124053,0.055913417935968046,0.011182683587193609,1
2017-12-08,Ret_Vol_20,KS|PSI,1.0,4.648377833445347,2.8104875911803546,0.5585782366957903,4.296755666890695,5.588236518530876,27.94118259265438,0.2682611389143281,0.05365222778286562,1
2017-12-11,Ret_Vol_20,KS|PSI,1.0,4.686839371906886,2.845224973956969,0.5685782366957903,4.373678743813771,5.620868841840895,28.104344209204477,0.4140168851604663,0.08280337703209326,0
2017-12-12,Ret_Vol_20,KS|PSI,1.0,4.710026272377345,2.826015763426407,0.5746068308181096,4.4200525447546894,5.6631904246029405,28.3159521230147,0.0,0.0,1
2017-12-13,Ret_Vol_20,KS|PSI,1.0,4.748487810838883,2.8586746699713825,0.5846068308181096,4.496975621677766,5.721359338643152,28.60679669321576,0.11977479335065988,0.023954958670131976,1
2017-12-14,Ret_Vol_20,KS|PSI,1.0,4.786949349300421,2.8786166447470887,0.5946068308181096,4.573898698600843,5.814176076211553,29.070880381057766,0.08058793958544797,0.016117587917089594,1
2017-12-15,Ret_Vol_20,KS|PSI,1.0,4.82541088776196,2.9231068786635985,0.6046068308181096,4.65082177552392,6.773830754754853,33.86915377377426,0.3482543250802831,0.06965086501605662,1
2017-12-18,Ret_Vol_20,KS|PSI,1.0,4.843740453351256,2.9275245496816016,0.6093725178713265,4.687480906702511,6.773830754754853,33.86915377377426,0.2660034708856045,0.0532006941771209,0
2017-12-19,Ret_Vol_20,KS|PSI,1.0,4.828465815360175,2.897079489216105,0.6054011119936458,4.656931630720352,6.773830754754853,33.86915377377426,0.0,0.0,1
2017-12-20,Ret_Vol_20,KS|PSI,1.0,4.828465815360175,2.9079144873815213,0.6054011119936458,4.656931630720352,6.764051960379934,33.82025980189967,0.13543747706769993,0.027087495413539987,1
2017-12-21,Ret_Vol_20,KS|PSI,1.0,4.828465815360175,2.9124416979364476,0.6054011119936458,4.656931630720352,6.755025282388221,33.7751264119411,0.19202760900427895,0.03840552180085579,1
2017-12-22,Ret_Vol_20,KS|PSI,1.0,4.828465815360175,2.9129499509519903,0.6054011119936458,4.656931630720352,6.746730479005377,33.73365239502688,0.1983807716985645,0.0396761543397129,1
2017-12-26,Ret_Vol_20,KS|PSI,1.0,4.828465815360175,2.911661089975818,0.6054011119936458,4.656931630720352,6.739149672472022,33.695748362360106,0.18227000949641192,0.036454001899282384,0
2017-12-27,Ret_Vol_20,KS|PSI,1.0,4.813191177369097,2.887914706421458,0.6014297061159651,4.626382354738193,6.739149672472022,33.695748362360106,0.0,0.0,1
2017-12-28,Ret_Vol_20,KS|PSI,1.0,4.813191177369097,2.9065449999560293,0.6014297061159651,4.626382354738193,6.739149672472022,33.695748362360106,0.23287866918214228,0.046575733836428455,1
2017-12-29,Ret_Vol_20,KS|PSI,1.0,4.813191177369097,2.9054806441192578,0.6014297061159651,4.626382354738193,6.739149672472022,33.695748362360106,0.21957422122249526,0.043914844244499054,1
2018-01-02,Ret_Vol_20,KS|PSI,1.0,4.813191177369097,2.902552648970369,0.6014297061159651,4.626382354738193,6.732267103459705,33.661335517298525,0.1829742818613862,0.03659485637227724,0
2018-01-03,Ret_Vol_20,KS|PSI,1.0,4.8009714669762324,2.8805828801857394,0.5982525814138205,4.601942933952466,5.66106482701635,28.30532413508175,0.0,0.0,1
2018-01-04,Ret_Vol_20,KS|PSI,1.0,4.8009714669762324,2.8836444832706327,0.5982525814138205,4.601942933952466,5.66106482701635,28.30532413508175,0.03827003856116695,0.00765400771223339,1
2018-01-05,Ret_Vol_20,KS|PSI,1.0,4.8009714669762324,2.8914396299678247,0.5982525814138205,4.601942933952466,5.66106482701635,28.30532413508175,0.13570937227606827,0.027141874455213655,1
2018-01-08,Ret_Vol_20,KS|PSI,1.0,4.8205535528807975,2.908490807461233,0.6033439237490072,4.641107105761594,5.7574668890124325,28.78733444506216,0.20198344665942958,0.040396689331885914,0
2018-01-09,Ret_Vol_20,KS|PSI,1.0,4.846795380949471,2.9080772285696828,0.6101667990468627,4.693590761898943,6.720543036423111,33.60271518211555,0.0,0.0,1
2018-01-10,Ret_Vol_20,KS|PSI,1.0,4.846795380949471,2.9198957970854362,0.6101667990468627,4.693590761898943,6.720543036423111,33.60271518211555,0.14773210644691792,0.029546421289383583,1
2018-01-11,Ret_Vol_20,KS|PSI,1.0,4.88525691941101,2.947657198288538,0.6201667990468627,4.77051383882202,6.748994602410397,33.74497301205198,0.20628808302415058,0.041257616604830114,1
2018-01-12,Ret_Vol_20,KS|PSI,1.0,4.923718457872548,2.967595724391386,0.6301667990468626,4.847436915745097,6.78233498262178,33.9116749131089,0.1670581208482177,0.033411624169643536,1
2018-01-16,Ret_Vol_20,KS|PSI,1.0,4.962179996334086,2.989455443183829,0.6401667990468626,4.924359992668173,6.822155127487505,34.11077563743753,0.15184306729221742,0.030368613458443484,0
2018-01-17,Ret_Vol_20,KS|PSI,1.0,4.984774367127308,2.9908646202763847,0.6460413354531002,4.969548734254617,6.837968528814548,34.18984264407273,0.0,0.0,1
2018-01-18,Ret_Vol_20,KS|PSI,1.0,5.0,3.0094555511225694,0.6560413354531002,5.046471811177693,6.861599225654794,34.30799612827397,0.11819438903211521,0.023638877806423042,1
2018-01-19,Ret_Vol_20,KS|PSI,1.0,5.0,3.0217750115587005,0.6660413354531002,5.12339488810077,6.88840402969749,34.44202014848745,0.272187644483755,0.054437528896751,1
2018-01-22,Ret_Vol_20,KS|PSI,1.0,5.0,3.041241725760113,0.6760413354531002,5.200317965023848,6.919040085668454,34.59520042834227,0.515521572001413,0.1031043144002826,0
2018-01-23,Ret_Vol_20,KS|PSI,1.0,5.0,3.0,0.6830182684670374,5.253986680515672,6.959554501956218,34.79777250978108,0.0,0.0,1
2018-01-24,Ret_Vol_20,KS|PSI,1.0,5.0,3.0129864430277147,0.6930182684670374,5.330909757438749,7.001408002939373,35.00704001469686,0.16233053784643414,0.03246610756928683,1
2018-01-25,Ret_Vol_20,KS|PSI,1.0,5.0,3.011496131180354,0.7030182684670374,5.407832834361826,7.05255067759445,35.262753387972246,0.14370163975442374,0.02874032795088475,1
2018-01-26,Ret_Vol_20,KS|PSI,1.0,5.0,3.0217948303939,0.7030182684670374,5.407832834361826,6.152279885210731,30.761399426053657,0.2724353799237532,0.054487075984750645,1
2018-01-29,Ret_Vol_20,KS|PSI,1.0,5.0,3.020462179383693,0.7030182684670374,5.407832834361826,6.21047475720453,31.05237378602265,0.2557772422961625,0.0511554484592325,0
2018-01-30,Ret_Vol_20,KS|PSI,1.0,5.0,3.0,0.7098411437648928,5.460316490499175,6.176049483477039,30.880247417385192,0.0,0.0,1
2018-01-31,Ret_Vol_20,KS|PSI,1.0,5.0,3.0269095323571493,0.7098411437648928,5.460316490499175,6.175419248023152,30.87709624011576,0.3363691544643692,0.06727383089287384,1
2018-02-01,Ret_Vol_20,KS|PSI,1.0,5.0,3.0350356929698123,0.7098411437648928,5.460316490499175,7.068294766700808,35.34147383350403,0.4379461621226557,0.08758923242453114,1
2018-02-02,Ret_Vol_20,KS|PSI,1.0,5.0,3.0344567753226963,0.7098411437648928,5.460316490499175,6.168023974317089,30.840119871585443,0.4307096915337021,0.08614193830674041,1
2018-02-05,Ret_Vol_20,KS|PSI,1.0,5.0,3.0349633567263217,0.7098411437648928,5.460316490499175,5.236187204800231,26.180936024001156,0.4370419590790211,0.08740839181580422,0
2018-02-06,Ret_Vol_20,KS|PSI,1.0,5.0,3.0,0.7114297061159651,5.472536200892039,5.321648286379501,26.608241431897504,0.0,0.0,1
2018-02-07,Ret_Vol_20,KS|PSI,1.0,5.0,3.0102987317542116,0.7114297061159651,5.472536200892039,5.286995142098743,26.434975710493713,0.12873414692764218,0.025746829385528434,1
2018-02-08,Ret_Vol_20,KS|PSI,1.0,5.0,3.011545325421935,0.7114297061159651,5.472536200892039,5.320617575729257,26.60308787864628,0.1443165677741861,0.028863313554837223,1
2018-02-09,Ret_Vol_20,KS|PSI,1.0,5.0,3.0074507712917167,0.7014297061159651,5.395613123968962,5.26887248062852,26.3443624031426,0.09313464114646097,0.018626928229292194,1
2018-02-12,Ret_Vol_20,KS|PSI,1.0,5.0,3.0097298623002464,0.6914297061159651,5.3186900470458855,5.226459209135279,26.132296045676394,0.12162327875308054,0.024324655750616108,0
2018-02-13,Ret_Vol_20,KS|PSI,1.0,5.0,3.0,0.6814297061159651,5.241766970122808,5.190480834997869,25.952404174989343,0.0,0.0,1
2018-02-14,Ret_Vol_20,KS|PSI,1.0,5.0,3.0046152829647537,0.6714297061159651,5.164843893199731,5.156963671316046,25.784818356580228,0.05769103705942269,0.011538207411884539,1
2018-02-15,Ret_Vol_20,KS|PSI,1.0,5.0,3.0084650986640598,0.6614297061159651,5.087920816276654,5.1272176601706745,25.63608830085337,0.10581373330074906,0.021162746660149813,1
2018-02-16,Ret_Vol_20,KS|PSI,1.0,5.0,3.0064242115898625,0.6514297061159651,5.010997739353577,5.100577860601383,25.502889303006917,0.08030264487328165,0.01606052897465633,1
2018-02-20,Ret_Vol_20,KS|PSI,1.0,4.96703733121525,2.985925679205271,0.6414297061159651,4.9340746624305005,5.076575857744398,25.38287928872199,0.07129100595151472,0.014258201190302943,0
2018-02-21,Ret_Vol_20,KS|PSI,1.0,4.928575792753712,2.957145475652227,0.631429706115965,4.857151585507423,5.054867932110259,25.274339660551295,0.0,0.0,1
2018-02-22,Ret_Vol_20,KS|PSI,1.0,4.890114254292174,2.935050196931949,0.621429706115965,4.780228508584346,5.0362030900235295,25.181015450117645,0.012270554458058802,0.0024541108916117603,1
2018-02-23,Ret_Vol_20,KS|PSI,1.0,4.851652715830635,2.923052454511018,0.6114297061159651,4.703305431661271,5.018066189026288,25.090330945131438,0.15076031265795964,0.030152062531591927,1
2018-02-26,Ret_Vol_20,KS|PSI,1.0,4.813191177369097,2.89885606107609,0.6014297061159651,4.626382354738193,5.001592355790748,25.007961778953735,0.13676693318289435,0.02735338663657887,0
2018-02-27,Ret_Vol_20,KS|PSI,1.0,4.774729638907559,2.864837783344535,0.5914297061159651,4.549459277815116,4.986652403422935,24.933262017114675,0.0,0.0,1
2018-02-28,Ret_Vol_20,KS|PSI,1.0,4.736268100446019,2.84551813306098,0.5814297061159651,4.472536200892039,4.973141037935926,24.86570518967963,0.04696590991710181,0.009393181983420363,1
2018-03-01,Ret_Vol_20,KS|PSI,1.0,4.697806561984481,2.8353228269270176,0.5714297061159651,4.395613123968962,4.960971625588343,24.804858127941714,0.20798612170411324,0.04159722434082265,1
2018-03-02,Ret_Vol_20,KS|PSI,1.0,4.659345023522943,2.823116395705302,0.5614297061159651,4.3186900470458855,4.950072406619763,24.750362033098813,0.3438672698942056,0.06877345397884112,1
2018-03-05,Ret_Vol_20,KS|PSI,1.0,4.620883485061404,2.802913672307378,0.5514297061159651,4.241766970122808,4.9403837029319755,24.701918514659877,0.37979476588169825,0.07595895317633965,0
2018-03-06,Ret_Vol_20,KS|PSI,1.0,4.582421946599865,2.7494531679599192,0.5414297061159651,4.164843893199731,4.931855826579071,24.659279132895353,0.0,0.0,1
2018-03-07,Ret_Vol_20,KS|PSI,1.0,4.543960408138327,2.7268991281456905,0.5314297061159651,4.087920816276654,4.924447494167988,24.622237470839938,0.006536040783676311,0.0013072081567352622,1
2018-03-08,Ret_Vol_20,KS|PSI,1.0,4.505498869676789,2.7036479106478692,0.5214297061159651,4.010997739353577,4.918124614707285,24.590623073536424,0.004357360522450837,0.0008714721044901675,1
2018-03-09,Ret_Vol_20,KS|PSI,1.0,4.46703733121525,2.690192684110888,0.511429706115965,3.9340746624305,3.9545340117991845,19.77267005899592,0.12462856727172489,0.024925713454344977,1
2018-03-12,Ret_Vol_20,KS|PSI,1.0,4.428575792753712,2.6650767238930446,0.501429706115965,3.8571515855074234,3.857600218954021,19.288001094770102,0.09914060301021443,0.019828120602042885,0
2018-03-13,Ret_Vol_20,KS|PSI,1.0,4.390114254292174,2.6340685525753043,0.49142970611596504,3.7802285085843463,3.853170524697632,19.265852623488158,0.0,0.0,1
2018-03-14,Ret_Vol_20,KS|PSI,1.0,4.351652715830635,2.616769680807923,0.48142970611596514,3.70330543166127,3.7911300486460107,18.955650243230053,0.07222564136927245,0.014445128273854491,1
2018-03-15,Ret_Vol_20,KS|PSI,1.0,4.313191177369097,2.5947371261514722,0.47142970611596513,3.626382354738193,2.8292818024703887,14.146409012351944,0.08528024662517264,0.017056049325034527,1
2018-03-16,Ret_Vol_20,KS|PSI,1.0,4.274729638907559,2.5852579254077868,0.4614297061159651,3.5494592778151164,2.7341647488209135,13.670823744104567,0.25525177579064207,0.05105035515812841,1
2018-03-19,Ret_Vol_20,KS|PSI,1.0,4.236268100446019,2.5640702627274305,0.4514297061159651,3.4725362008920393,2.6887636156923604,13.4438180784618,0.2788675307477405,0.055773506149548104,0
2018-03-20,Ret_Vol_20,KS|PSI,1.0,4.197806561984481,2.5186839371906884,0.4414297061159651,3.395613123968962,2.6287085335036853,13.143542667518426,0.0,0.0,1
2018-03-21,Ret_Vol_20,KS|PSI,1.0,4.159345023522943,2.4959207412122066,0.4314297061159651,3.318690047045885,2.5843981810921655,12.921990905460827,0.003921588730512848,0.0007843177461025697,1
2018-03-22,Ret_Vol_20,KS|PSI,1.0,4.1208834850614044,2.47475978185884,0.4214297061159651,3.2417669701228085,2.5496628295205,12.7483141476025,0.02787113527497065,0.00557422705499413,1
2018-03-23,Ret_Vol_20,KS|PSI,1.0,4.082421946599865,2.478077492587414,0.4114297061159651,3.1648438931997314,2.5216492530723476,12.608246265361737,0.35780405784368396,0.0715608115687368,1
2018-03-26,Ret_Vol_20,KS|PSI,1.0,4.043960408138327,2.4607161689406922,0.40142970611596507,3.0879208162766543,2.5227057417992245,12.613528708996121,0.42924905072120445,0.0858498101442409,0
2018-03-27,Ret_Vol_20,KS|PSI,1.0,4.005498869676789,2.403299321806073,0.39142970611596506,3.010997739353577,2.489954983683763,12.449774918418814,0.0,0.0,1
2018-03-28,Ret_Vol_20,KS|PSI,1.0,3.9670373312152503,2.4039130369573964,0.38142970611596505,2.9340746624305,2.4930540347189765,12.465270173594881,0.2961329778530827,0.05922659557061653,1
2018-03-29,Ret_Vol_20,KS|PSI,1.0,3.928575792753712,2.378022444060622,0.37142970611596504,2.8571515855074234,2.497516688467309,12.487583442336545,0.2609621051049381,0.052192421020987624,1
2018-04-02,Ret_Vol_20,KS|PSI,1.0,3.8901142542921736,2.3734741975567033,0.36142970611596514,2.7802285085843472,2.503376135623081,12.516880678115404,0.4925705622674892,0.09851411245349784,0
2018-04-03,Ret_Vol_20,KS|PSI,1.0,3.8516527158306353,2.310991629498381,0.35142970611596513,2.70330543166127,2.510677223547796,12.55338611773898,0.0,0.0,1
2018-04-04,Ret_Vol_20,KS|PSI,1.0,3.8131911773690965,2.291345379291755,0.3414297061159651,2.626382354738193,2.5194782774714315,12.597391387357156,0.04288341087871261,0.008576682175742523,1
2018-04-05,Ret_Vol_20,KS|PSI,1.0,3.774729638907558,2.2723514762673815,0.3314297061159651,2.5494592778151164,2.529853655878459,12.649268279392293,0.09392116153557961,0.01878423230711592,1
2018-04-06,Ret_Vol_20,KS|PSI,1.0,3.7362681004460194,2.26516654503225,0.3214297061159651,2.4725362008920393,2.5418973214521468,12.709486607260732,0.2925710595579765,0.0585142119115953,1
2018-04-09,Ret_Vol_20,KS|PSI,1.0,3.697806561984481,2.2436119954923583,0.3114297061159651,2.395613123968962,2.555727867999446,12.77863933999723,0.31160072877087125,0.06232014575417425,0
2018-04-10,Ret_Vol_20,KS|PSI,1.0,3.6593450235229428,2.1956070141137656,0.3014297061159651,2.318690047045885,3.4377429625838225,17.188714812919113,0.0,0.0,1
2018-04-11,Ret_Vol_20,KS|PSI,1.0,3.6208834850614044,2.17569283197587,0.2914297061159651,2.2417669701228085,3.4556408475500446,17.278204237750224,0.039534261737846466,0.007906852347569293,1
2018-04-12,Ret_Vol_20,KS|PSI,1.0,3.5824219465998657,2.1539784723839133,0.2814297061159651,2.1648438931997314,3.475919713782436,17.37959856891218,0.0565663052999259,0.01131326105998518,1
2018-04-13,Ret_Vol_20,KS|PSI,1.0,3.5498258691269013,2.140662796452466,0.2729547259729944,2.099651738253803,3.4989134931366555,17.494567465683275,0.13459093720406323,0.026918187440812646,1
2018-04-16,Ret_Vol_20,KS|PSI,1.0,3.58828740758844,2.1820222153170614,0.2829547259729944,2.1765748151768802,3.4981367255483455,17.490683627741728,0.36312213454996867,0.07262442690999374,0
2018-04-17,Ret_Vol_20,KS|PSI,1.0,3.6114743080588987,2.1668845848353393,0.2889833200953137,2.2229486161177974,3.535239839334388,17.676199196671938,0.0,0.0,1
2018-04-18,Ret_Vol_20,KS|PSI,1.0,3.649935846520437,2.198504471924185,0.2989833200953137,2.2998716930408745,3.565563894090844,17.82781947045422,0.10678705014902956,0.02135741002980591,1
2018-04-19,Ret_Vol_20,KS|PSI,1.0,3.688397384981976,2.220350033333247,0.3089833200953137,2.3767947699639516,3.5661195106474564,17.83059755323728,0.09139502930077448,0.018279005860154896,1
2018-04-20,Ret_Vol_20,KS|PSI,1.0,3.7268589234435145,2.257533619311877,0.3189833200953137,2.4537178468870287,3.601550857459964,18.007754287299818,0.2677283155721033,0.05354566311442066,1
2018-04-23,Ret_Vol_20,KS|PSI,1.0,3.765320461905053,2.27949585654264,0.3289833200953137,2.5306409238101053,3.6433527259904737,18.216763629952368,0.2537947424951045,0.05075894849902089,0
2018-04-24,Ret_Vol_20,KS|PSI,1.0,3.7536506384798685,2.252190383087921,0.32594916600476576,2.5073012769597365,3.6240612738868485,18.120306369434243,0.0,0.0,1
2018-04-25,Ret_Vol_20,KS|PSI,1.0,3.7536506384798685,2.2562294197815214,0.32594916600476576,2.5073012769597365,3.589617573114976,17.94808786557488,0.05048795867000111,0.010097591734000221,1
2018-04-26,Ret_Vol_20,KS|PSI,1.0,3.7608602676116574,2.2615665099629676,0.327823669579031,2.521720535223315,3.560022732447613,17.80011366223806,0.06312936744966458,0.012625873489932915,1
2018-04-27,Ret_Vol_20,KS|PSI,1.0,3.799321806073196,2.295605723408332,0.337823669579031,2.5986436121463923,3.5342924128995366,17.671462064497682,0.2001579970551799,0.04003159941103598,1
2018-04-30,Ret_Vol_20,KS|PSI,1.0,3.799321806073196,2.291587517378198,0.337823669579031,2.5986436121463923,3.5117722270690477,17.558861135345236,0.14993042167850368,0.029986084335700734,0
2018-05-01,Ret_Vol_20,KS|PSI,1.0,3.829565589295534,2.2977393535773203,0.34568705321683874,2.659131178591067,3.5147866618051347,17.573933309025673,0.0,0.0,1
2018-05-02,Ret_Vol_20,KS|PSI,1.0,3.868027127757072,2.331279113792167,0.35568705321683874,2.7360542555141443,3.4954284750563565,17.47714237528178,0.13078546422404758,0.026157092844809514,1
2018-05-03,Ret_Vol_20,KS|PSI,1.0,3.8746868699211827,2.3597878938450823,0.3574185861795075,2.7493737398423654,3.478504625300627,17.392523126503132,0.43719714865466297,0.08743942973093259,1
2018-05-04,Ret_Vol_20,KS|PSI,1.0,3.8746868699211827,2.365378983030692,0.3574185861795075,2.7493737398423654,3.382547219581522,16.912736097907608,0.5070857634747846,0.10141715269495692,1
2018-05-07,Ret_Vol_20,KS|PSI,1.0,3.8746868699211827,2.37395582418203,0.3574185861795075,2.7493737398423654,3.321077319860861,16.605386599304303,0.614296277866513,0.1228592555733026,0
2018-05-08,Ret_Vol_20,KS|PSI,1.0,3.916203335980937,2.349722001588562,0.36821286735504366,2.8324066719618743,3.307287932981473,16.536439664907363,0.0,0.0,1
2018-05-09,Ret_Vol_20,KS|PSI,1.0,3.916203335980937,2.3517737333640643,0.36821286735504366,2.8324066719618743,3.2619964579814873,16.309982289907435,0.025646647193775185,0.005129329438755037,1
2018-05-10,Ret_Vol_20,KS|PSI,1.0,3.916203335980937,2.3545638610587805,0.36821286735504366,2.8324066719618743,3.2262235430289583,16.13111771514479,0.06052324337773296,0.012104648675546592,1
2018-05-11,Ret_Vol_20,KS|PSI,1.0,3.916203335980937,2.3663122788385764,0.36821286735504366,2.8324066719618743,3.1971099833561576,15.985549916780787,0.20737846562517903,0.04147569312503581,1
2018-05-14,Ret_Vol_20,KS|PSI,1.0,3.916203335980937,2.3612269729935815,0.36821286735504366,2.8324066719618743,3.173080906007436,15.865404530037178,0.14381214256274488,0.028762428512548975,0
2018-05-15,Ret_Vol_20,KS|PSI,1.0,3.9284230463738012,2.3570538278242807,0.37138999205718826,2.856846092747602,3.1531731505503795,15.765865752751896,0.0,0.0,1
2018-05-16,Ret_Vol_20,KS|PSI,1.0,3.9284230463738012,2.3589654543777345,0.37138999205718826,2.856846092747602,3.136756449069661,15.683782245348304,0.023895331918174167,0.004779066383634833,1
2018-05-17,Ret_Vol_20,KS|PSI,1.0,3.9284230463738012,2.3732996270271536,0.37138999205718826,2.856846092747602,2.187077273816481,10.935386369082405,0.203072490035908,0.0406144980071816,1
2018-05-18,Ret_Vol_20,KS|PSI,1.0,3.9284230463738012,2.3755190158480857,0.37138999205718826,2.856846092747602,2.097631034349229,10.488155171746145,0.230814850297562,0.0461629700595124,1
2018-05-21,Ret_Vol_20,KS|PSI,1.0,3.9284230463738012,2.3790478373663113,0.37138999205718826,2.856846092747602,2.042784005220506,10.21392002610253,0.2749251192753829,0.05498502385507657,0
2018-05-22,Ret_Vol_20,KS|PSI,1.0,3.9284230463738012,2.3570538278242807,0.37138999205718826,2.856846092747602,1.1311750884609828,5.655875442304914,0.0,0.0,1
2018-05-23,Ret_Vol_20,KS|PSI,1.0,3.9284230463738012,2.3646834329146627,0.37138999205718826,2.856846092747602,1.0967498147334915,5.4837490736674575,0.09537006362977518,0.019074012725955037,1
2018-05-24,Ret_Vol_20,KS|PSI,1.0,3.9284230463738012,2.366764346358857,0.37138999205718826,2.856846092747602,1.1453287575942457,5.726643787971228,0.12138148168220408,0.024276296336440815,1
2018-05-25,Ret_Vol_20,KS|PSI,1.0,3.9284230463738012,2.3651242725996853,0.37138999205718826,2.856846092747602,2.062375609537407,10.311878047687035,0.10088055969255627,0.020176111938511255,1
2018-05-29,Ret_Vol_20,KS|PSI,1.0,3.9284230463738012,2.3804625156153265,0.37138999205718826,2.856846092747602,2.0089275229952044,10.044637614976022,0.29260859738807277,0.05852171947761455,0
2018-05-30,Ret_Vol_20,KS|PSI,1.0,3.9284230463738012,2.3570538278242807,0.37138999205718826,2.856846092747602,1.9723921015336554,9.861960507668277,0.0,0.0,1
2018-05-31,Ret_Vol_20,KS|PSI,1.0,3.9284230463738012,2.3758539729941104,0.37138999205718826,2.856846092747602,1.9455023272290684,9.72751163614534,0.23500181462286784,0.04700036292457357,1
2018-06-01,Ret_Vol_20,KS|PSI,1.0,3.9284230463738012,2.3684037524704546,0.37138999205718826,2.856846092747602,1.9259059326965127,9.629529663482563,0.14187405807717257,0.028374811615434516,1
2018-06-04,Ret_Vol_20,KS|PSI,1.0,3.9284230463738012,2.3731030984121095,0.37138999205718826,2.856846092747602,1.91214489368884,9.5607244684442,0.20061588234785832,0.04012317646957166,0
2018-06-05,Ret_Vol_20,KS|PSI,1.0,3.9284230463738012,2.3570538278242807,0.37138999205718826,2.856846092747602,1.864949333478701,9.324746667393505,0.0,0.0,1
2018-06-06,Ret_Vol_20,KS|PSI,1.0,3.9284230463738012,2.359307945286326,0.37138999205718826,2.856846092747602,1.8579415617177917,9.289707808588958,0.028176468275565858,0.005635293655113172,1
2018-06-07,Ret_Vol_20,KS|PSI,1.0,3.9284230463738012,2.369551375866629,0.37138999205718826,2.856846092747602,1.8296800330259582,9.14840016512979,0.1562193505293542,0.03124387010587084,1
2018-06-08,Ret_Vol_20,KS|PSI,1.0,3.9284230463738012,2.374376265862501,0.37138999205718826,2.856846092747602,1.812760845423789,9.063804227118943,0.2165304754777544,0.043306095095550876,1
2018-06-11,Ret_Vol_20,KS|PSI,1.0,3.9284230463738012,2.3661236200114737,0.37138999205718826,2.856846092747602,1.8047700133274138,9.023850066637069,0.11337240233990942,0.022674480467981883,0
2018-06-12,Ret_Vol_20,KS|PSI,1.0,3.9284230463738012,2.3570538278242807,0.37138999205718826,2.856846092747602,1.811269647248213,9.056348236241064,0.0,0.0,1
2018-06-13,Ret_Vol_20,KS|PSI,1.0,3.9284230463738012,2.3658806823110337,0.37138999205718826,2.856846092747602,1.8157634422528204,9.078817211264102,0.11033568108441028,0.022067136216882055,1
2018-06-14,Ret_Vol_20,KS|PSI,1.0,3.9284230463738012,2.3730587460304613,0.37138999205718826,2.856846092747602,1.8298532675704695,9.149266337852348,0.20006147757725545,0.04001229551545109,1
2018-06-15,Ret_Vol_20,KS|PSI,1.0,3.9284230463738012,2.3878110068469742,0.37138999205718826,2.856846092747602,1.8557581488517965,9.278790744258982,0.38446473778366774,0.07689294755673355,1
2018-06-18,Ret_Vol_20,KS|PSI,1.0,3.9284230463738012,2.386543020848748,0.37138999205718826,2.856846092747602,1.8992053171299783,9.496026585649892,0.3686149128058448,0.07372298256116896,0
2018-06-19,Ret_Vol_20,KS|PSI,1.0,3.9284230463738012,2.3570538278242807,0.37138999205718826,2.856846092747602,1.982874447470206,9.91437223735103,0.0,0.0,1
2018-06-20,Ret_Vol_20,KS|PSI,1.0,3.9284230463738012,2.3626072856184495,0.37138999205718826,2.856846092747602,2.913415566340704,14.56707783170352,0.06941822242710793,0.013883644485421587,1
2018-06-21,Ret_Vol_20,KS|PSI,1.0,3.9284230463738012,2.3659793524013395,0.37138999205718826,2.856846092747602,2.994634665279136,14.973173326395678,0.1115690572132324,0.02231381144264648,1
2018-06-22,Ret_Vol_20,KS|PSI,1.0,3.9284230463738012,2.3622281651346735,0.37138999205718826,2.856846092747602,3.943632738841589,19.71816369420794,0.06467921637990925,0.012935843275981851,1
2018-06-25,Ret_Vol_20,KS|PSI,1.0,3.9284230463738012,2.3727089473802323,0.37138999205718826,2.856846092747602,3.9546261677669956,19.773130838834977,0.19568899444939536,0.039137798889879075,0
2018-06-26,Ret_Vol_20,KS|PSI,1.0,3.940642756766665,2.364385654059999,0.37456711675933285,2.8812855135333297,3.9805460517977727,19.90273025898886,0.0,0.0,1
2018-06-27,Ret_Vol_20,KS|PSI,1.0,3.9785849575365066,2.3912926016795373,0.38443208895949166,2.957169915073013,3.9805460517977727,19.90273025898886,0.0517703394704202,0.010354067894084041,1
2018-06-28,Ret_Vol_20,KS|PSI,1.0,3.9785849575365066,2.391553214422553,0.38443208895949166,2.957169915073013,3.959262711551218,19.796313557756086,0.055027998758115926,0.011005599751623185,1
2018-06-29,Ret_Vol_20,KS|PSI,1.0,3.940123419074968,2.369931671751112,0.37443208895949165,2.8802468381499358,3.951271879454843,19.756359397274213,0.07322025382663755,0.01464405076532751,1
2018-07-02,Ret_Vol_20,KS|PSI,1.0,3.901661880613429,2.360861977508151,0.36443208895949164,2.8033237612268587,2.9847709648563656,14.923854824281827,0.24831061425117595,0.04966212285023519,0
2018-07-03,Ret_Vol_20,KS|PSI,1.0,3.9047168082116452,2.342830084926987,0.3652263701350278,2.8094336164232905,3.9086947742358396,19.543473871179195,0.0,0.0,1
2018-07-05,Ret_Vol_20,KS|PSI,1.0,3.8662552697501065,2.3202322094919325,0.3552263701350278,2.7325105395002134,3.8778458179775885,19.38922908988794,0.005988095523357884,0.0011976191046715768,1
2018-07-06,Ret_Vol_20,KS|PSI,1.0,3.8277937312885686,2.302757816262978,0.3452263701350278,2.655587462577137,3.8508166796332253,19.254083398166124,0.07601971862296131,0.015203943724592262,1
2018-07-09,Ret_Vol_20,KS|PSI,1.0,3.8277937312885686,2.310630184314393,0.3452263701350278,2.655587462577137,3.838290430520188,19.191452152600938,0.1744243192656505,0.034884863853130096,0
2018-07-10,Ret_Vol_20,KS|PSI,1.0,3.8015519032198934,2.280931141931936,0.33840349483717236,2.6031038064397873,2.8824883137788992,14.412441568894495,0.0,0.0,1
2018-07-11,Ret_Vol_20,KS|PSI,1.0,3.8015519032198934,2.284180159528839,0.33840349483717236,2.6031038064397873,2.8726143366672803,14.3630716833364,0.0406127199612929,0.00812254399225858,1
2018-07-12,Ret_Vol_20,KS|PSI,1.0,3.8015519032198934,2.287469019750659,0.33840349483717236,2.6031038064397873,2.8523354704348893,14.261677352174447,0.08172347273404312,0.016344694546808626,1
2018-07-13,Ret_Vol_20,KS|PSI,1.0,3.8015519032198934,2.2958811190756783,0.33840349483717236,2.6031038064397873,2.8344375854686676,14.172187927343337,0.18687471429677904,0.03737494285935581,1
2018-07-16,Ret_Vol_20,KS|PSI,1.0,3.8015519032198934,2.3072673972097686,0.33840349483717236,2.6031038064397873,2.8186697445397173,14.093348722698586,0.3292031909729103,0.06584063819458205,0
2018-07-17,Ret_Vol_20,KS|PSI,1.0,3.8015519032198934,2.280931141931936,0.33840349483717236,2.6031038064397873,2.81121742282917,14.05608711414585,0.0,0.0,1
2018-07-18,Ret_Vol_20,KS|PSI,1.0,3.8015519032198934,2.290749114285076,0.33840349483717236,2.6031038064397873,2.7978145349866383,13.98907267493319,0.12272465441425395,0.024544930882850792,1
2018-07-19,Ret_Vol_20,KS|PSI,1.0,3.8015519032198934,2.290360041968444,0.33840349483717236,2.6031038064397873,2.7862164087152284,13.931082043576142,0.1178612504563531,0.02357225009127062,1
2018-07-20,Ret_Vol_20,KS|PSI,1.0,3.8015519032198934,2.2925714381942575,0.33840349483717236,2.6031038064397873,2.780906369357235,13.904531846786174,0.1455037032790223,0.02910074065580446,1
2018-07-23,Ret_Vol_20,KS|PSI,1.0,3.8015519032198934,2.2899686365124072,0.33840349483717236,2.6031038064397873,2.776833016773468,13.88416508386734,0.11296868225589296,0.02259373645117859,0
2018-07-24,Ret_Vol_20,KS|PSI,1.0,3.763090364758355,2.257854218855013,0.32840349483717235,2.5261807295167102,2.741369600700091,13.706848003500456,0.0,0.0,1
2018-07-25,Ret_Vol_20,KS|PSI,1.0,3.724628826296817,2.2374994343078902,0.31840349483717234,2.449257652593633,2.7226260774189517,13.613130387094758,0.0340267316225078,0.00680534632450156,1
2018-07-26,Ret_Vol_20,KS|PSI,1.0,3.6861672878352785,2.220946209298604,0.30840349483717233,2.3723345756705565,2.6293301284679447,13.146650642339722,0.11557295746796525,0.023114591493593052,1
2018-07-27,Ret_Vol_20,KS|PSI,1.0,3.6477057493737397,2.193777336590848,0.2984034948371723,2.2954114987474794,2.6140969540016594,13.070484770008296,0.06442358708255191,0.012884717416510382,1
2018-07-30,Ret_Vol_20,KS|PSI,1.0,3.618958880674528,2.1778874917645705,0.2909293089753773,2.2379177613490557,2.6014970724668096,13.007485362334048,0.0814020419981718,0.01628040839963436,0
2018-07-31,Ret_Vol_20,KS|PSI,1.0,3.62506873587096,2.175041241522576,0.2925178713264496,2.25013747174192,2.555454834949656,12.77727417474828,0.0,0.0,1
2018-08-01,Ret_Vol_20,KS|PSI,1.0,3.599376794769964,2.165001564490315,0.2858379666401906,2.198753589539928,2.544223656790215,12.721118283951073,0.06719359535420921,0.013438719070841843,1
2018-08-02,Ret_Vol_20,KS|PSI,1.0,3.573532107289057,2.153893438592472,0.2791183478951549,2.1470642145781142,2.547972048722172,12.73986024361086,0.12217717773797554,0.024435435547595107,1
2018-08-03,Ret_Vol_20,KS|PSI,1.0,3.5478401661880614,2.138028235197641,0.27243844320889593,2.0956803323761224,2.5220671674408446,12.610335837204222,0.11655169356005779,0.023310338712011557,1
2018-08-06,Ret_Vol_20,KS|PSI,1.0,3.5093786277265226,2.116790810317601,0.2624384432088959,2.0187572554530453,2.5007838271942897,12.503919135971447,0.1395454210210898,0.02790908420421796,0
2018-08-07,Ret_Vol_20,KS|PSI,1.0,3.497158917333659,2.0982953504001953,0.2592613185067514,1.9943178346673183,2.5112499497898693,12.556249748949346,0.0,0.0,1
2018-08-08,Ret_Vol_20,KS|PSI,1.0,3.4586973788721207,2.0755093376964355,0.2492613185067514,1.9173947577442414,1.5675319891279682,7.837659945639841,0.0036363796645398905,0.0007272759329079781,1
2018-08-09,Ret_Vol_20,KS|PSI,1.0,3.4202358404105824,2.058810881860014,0.2392613185067514,1.8404716808211645,1.4924179295320008,7.462089647660004,0.0833672201708121,0.016673444034162422,1
2018-08-10,Ret_Vol_20,KS|PSI,1.0,3.3817743019490436,2.0400280105751176,0.22926131850675138,1.7635486038980874,1.4844270974356257,7.422135487178128,0.13704286757114548,0.027408573514229095,1
2018-08-13,Ret_Vol_20,KS|PSI,1.0,3.3433127634875053,2.037394139494056,0.2192613185067514,1.6866255269750108,1.484427097435626,7.42213548717813,0.3925810175194092,0.07851620350388185,0
2018-08-14,Ret_Vol_20,KS|PSI,1.0,3.313313374473025,1.9879880246838149,0.2114614773629865,1.62662674894605,1.4924179295320008,7.462089647660004,0.0,0.0,1
2018-08-15,Ret_Vol_20,KS|PSI,1.0,3.313313374473025,2.0000322283951717,0.2114614773629865,1.62662674894605,1.4987443289082887,7.493721644541443,0.15055254639196086,0.03011050927839217,1
2018-08-16,Ret_Vol_20,KS|PSI,1.0,3.313313374473025,1.999394021296195,0.2114614773629865,1.62662674894605,1.5119211706996907,7.559605853498453,0.14257495765475153,0.028514991530950308,1
2018-08-17,Ret_Vol_20,KS|PSI,1.0,3.313313374473025,1.9962160031211444,0.2114614773629865,1.62662674894605,1.5060792448963625,7.530396224481812,0.1028497304666195,0.0205699460933239,1
2018-08-20,Ret_Vol_20,KS|PSI,1.0,3.313313374473025,2.0123657358688347,0.2114614773629865,1.62662674894605,1.5022705051284155,7.511352525642077,0.3047213898127493,0.060944277962549864,0
2018-08-21,Ret_Vol_20,KS|PSI,1.0,3.2717969084132705,1.9630781450479622,0.20066719618745035,1.543593816826541,1.4934660726328972,7.467330363164486,0.0,0.0,1
2018-08-22,Ret_Vol_20,KS|PSI,1.0,3.2717969084132705,1.969966282113097,0.20066719618745035,1.543593816826541,1.4873407510917873,7.436703755458936,0.08610171331418504,0.017220342662837007,1
2018-08-23,Ret_Vol_20,KS|PSI,1.0,3.2717969084132705,1.9790365270961114,0.20066719618745035,1.543593816826541,1.4837673675997538,7.418836837998769,0.19947977560186458,0.03989595512037292,1
2018-08-24,Ret_Vol_20,KS|PSI,1.0,3.2613796053033544,1.9774380610610343,0.19795869737887212,1.5227592106067085,1.4826744084413404,7.413372042206701,0.2576287234877723,0.051525744697554464,1
2018-08-27,Ret_Vol_20,KS|PSI,1.0,3.2613796053033544,1.9888104833673186,0.19795869737887212,1.5227592106067085,1.4840391334962035,7.420195667481018,0.3997840023163247,0.07995680046326495,0
2018-08-28,Ret_Vol_20,KS|PSI,1.0,3.2229180668418156,1.9337508401050894,0.1879586973788721,1.4458361336836316,1.4900155172801264,7.4500775864006314,0.0,0.0,1
2018-08-29,Ret_Vol_20,KS|PSI,1.0,3.2229180668418156,1.9415170806827275,0.1879586973788721,1.4458361336836316,1.4942861483526948,7.4714307417634735,0.09707800722047866,0.01941560144409573,1
2018-08-30,Ret_Vol_20,KS|PSI,1.0,3.2229180668418156,1.9414227965538662,0.1879586973788721,1.4458361336836316,1.5014172079156358,7.507086039578179,0.09589945560970936,0.01917989112194187,1
2018-08-31,Ret_Vol_20,KS|PSI,1.0,3.2229180668418156,1.9465727660765977,0.1879586973788721,1.4458361336836316,1.51158086384896,7.5579043192448,0.1602740746438548,0.03205481492877096,1
2018-09-04,Ret_Vol_20,KS|PSI,1.0,3.2229180668418156,1.9442874003471362,0.1879586973788721,1.4458361336836316,1.5250465052791624,7.625232526395812,0.1317070030255849,0.026341400605116982,0
2018-09-05,Ret_Vol_20,KS|PSI,1.0,3.2259729944400317,1.935583796664019,0.18875297855440826,1.4519459888800634,1.5520162957386325,7.760081478693162,0.0,0.0,1
2018-09-06,Mom_Sum_20,KS|PSI,1.0,3.2496181340502233,1.972927240064938,0.194900714853058,1.499236268100446,1.4115410416108098,7.057705208054049,0.28945449543505075,0.05789089908701015,1
2018-09-07,Mom_Sum_20,KS|PSI,1.0,3.2880796725117616,1.9896271664441878,0.20490071485305797,1.5761593450235227,1.448786380222737,7.243931901113685,0.20974203671413705,0.04194840734282741,1
2018-09-10,Mom_Sum_20,KS|PSI,1.0,3.3265412109733,2.0202370862507384,0.21490071485305798,1.6530824219465998,1.448941765000884,7.24470882500442,0.30390449583447887,0.060780899166895774,0
2018-09-11,Mom_Sum_20,KS|PSI,1.0,3.3527830390419746,2.011669823425185,0.22172359015091345,1.7055660780839494,1.4502070755849479,7.251035377924739,0.0,0.0,1
2018-09-12,Mom_Sum_20,KS|PSI,1.0,3.391244577503513,2.044339788553074,0.23172359015091343,1.7824891550070263,1.46350011237206,7.3175005618602995,0.11991302563707285,0.02398260512741457,1
2018-09-13,Mom_Sum_20,KS|PSI,1.0,3.391244577503513,2.0420176527209404,0.23172359015091343,1.7824891550070263,1.462273301679507,7.311366508397535,0.09088632773540684,0.018177265547081368,1
2018-09-14,Ret_Vol_20,KS|PSI,1.0,3.4106739170281664,2.0728603426765297,0.2367752184273233,1.821347834056333,1.6455381490602947,8.227690745301473,0.33069990574537267,0.06613998114907453,1
2018-09-17,Ret_Vol_20,KS|PSI,1.0,3.449135455489705,2.106648361448564,0.2467752184273233,1.89827091097941,1.6217685507939876,8.108842753969938,0.46458860193426277,0.09291772038685256,0
2018-09-18,Ret_Vol_20,KS|PSI,1.0,3.4875969939512435,2.092558196370746,0.2567752184273233,1.975193987902487,1.7528093380752408,8.764046690376203,0.0,0.0,1
2018-09-19,Ret_Vol_20,KS|PSI,1.0,3.526058532412782,2.128634233735488,0.2667752184273233,2.052117064825564,1.7875734595666282,8.93786729783314,0.1624889285977389,0.03249778571954778,1
2018-09-20,Ret_Vol_20,KS|PSI,1.0,3.56452007087432,2.1502990410302836,0.2767752184273232,2.12904014174864,1.8598581568780754,9.299290784390376,0.14483748132114938,0.028967496264229876,1
2018-09-21,Ret_Vol_20,KS|PSI,1.0,3.602981609335859,2.1822318516443304,0.28677521842732323,2.2059632186717173,2.8012194701294693,14.006097350647346,0.25553607553518765,0.05110721510703753,1
2018-09-24,Ret_Vol_20,KS|PSI,1.0,3.641443147797397,2.200658355539735,0.29677521842732324,2.282886295594794,2.8204953051421455,14.102476525710728,0.1974058357662124,0.03948116715324248,0
2018-09-25,Ret_Vol_20,KS|PSI,1.0,3.6799046862589355,2.2079428117553612,0.30677521842732325,2.359809372517871,2.765195385940183,13.825976929700916,0.0,0.0,1
2018-09-26,Ret_Vol_20,KS|PSI,1.0,3.718366224720474,2.237227450408512,0.31677521842732326,2.436732449440948,2.803456544523338,14.01728272261669,0.07759644470285099,0.015519288940570197,1
2018-09-27,Ret_Vol_20,KS|PSI,1.0,3.7568277631820126,2.25901946282081,0.32677521842732327,2.5136555263640252,2.852973904989158,14.264869524945789,0.061535061395031065,0.012307012279006213,1
2018-09-28,Ret_Vol_20,KS|PSI,1.0,3.795289301643551,2.287169168562141,0.3367752184273233,2.590578603287102,3.7776729510571254,18.888364755285625,0.12494484470013201,0.0249889689400264,1
2018-10-01,Ret_Vol_20,KS|PSI,1.0,3.795289301643551,2.2917816158113955,0.3367752184273233,2.590578603287102,3.7647206055426716,18.823603027713357,0.1826004353158086,0.03652008706316172,0
2018-10-02,Ret_Vol_20,KS|PSI,1.0,3.800849269872304,2.2805095619233824,0.33822081016679906,2.601698539744608,3.7647206055426716,18.823603027713357,0.0,0.0,1
2018-10-03,Ret_Vol_20,KS|PSI,1.0,3.8393108083338428,2.309150997098814,0.34822081016679907,2.678621616667685,3.7614256891305784,18.80712844565289,0.06955640123135887,0.013911280246271774,1
2018-10-04,Ret_Vol_20,KS|PSI,1.0,3.877772346795381,2.3510120317927177,0.3582208101667991,2.755544693590762,3.770108735917373,18.850543679586863,0.3043577964436134,0.060871559288722676,1
2018-10-05,Ret_Vol_20,KS|PSI,1.0,3.905266695179324,2.4032512166901445,0.3653693407466243,2.8105333903586485,3.785293082942654,18.926465414713267,0.7511399947818808,0.15022799895637615,1
2018-10-08,Ret_Vol_20,KS|PSI,1.0,3.9408260524225573,2.4241683394554427,0.37461477362986495,2.8816521048451147,3.808317309887287,19.041586549436435,0.7459088500238552,0.14918177000477104,0
2018-10-09,Ret_Vol_20,KS|PSI,1.0,3.9792875908840957,2.387572554530457,0.38461477362986496,2.958575181768192,3.8371381239816644,19.18569061990832,0.0,0.0,1
2018-10-10,Ret_Vol_20,KS|PSI,1.0,3.9792875908840957,2.397472634336307,0.38461477362986496,2.958575181768192,2.936867331597946,14.684336657989729,0.12375099757312508,0.024750199514625017,1
2018-10-11,Ret_Vol_20,KS|PSI,1.0,3.9580558440764957,2.387796431832657,0.3790945194598888,2.916111688152991,2.8526140313096393,14.263070156548196,0.1620365673344935,0.0324073134668987,1
2018-10-12,Ret_Vol_20,KS|PSI,1.0,3.9580558440764957,2.385924985339068,0.3790945194598888,2.916111688152991,1.9863667776542133,9.931833888271067,0.13864348616463107,0.027728697232926213,1
2018-10-15,Ret_Vol_20,KS|PSI,1.0,3.919594305614957,2.361594909042928,0.3690945194598888,2.839188611229914,1.8935500400858123,9.46775020042906,0.12297907092442073,0.024595814184884147,0
2018-10-16,Ret_Vol_20,KS|PSI,1.0,3.916539378016741,2.3499236268100443,0.36830023828435265,2.833078756033482,1.885472343341884,9.42736171670942,0.0,0.0,1
2018-10-17,Ret_Vol_20,KS|PSI,1.0,3.8780778395552025,2.3313798511454014,0.35830023828435265,2.756155679110405,1.8279651209934904,9.139825604967452,0.05666434265350162,0.011332868530700323,1
2018-10-18,Ret_Vol_20,KS|PSI,1.0,3.839616301093664,2.3109000572953757,0.34830023828435264,2.679232602187328,1.7863471040043137,8.931735520021569,0.08912845798971791,0.01782569159794358,1
2018-10-19,Ret_Vol_20,KS|PSI,1.0,3.8011547626321254,2.2888260797205375,0.33830023828435263,2.6023095252642507,1.7544655010769739,8.772327505384869,0.10166527676577586,0.02033305535315517,1
2018-10-22,Ret_Vol_20,KS|PSI,1.0,3.8011547626321254,2.298748440129071,0.33830023828435263,2.6023095252642507,1.7358652882725836,8.679326441362917,0.22569478187244862,0.045138956374489725,0
2018-10-23,Ret_Vol_20,KS|PSI,1.0,3.8011547626321254,2.2806928575792753,0.33830023828435263,2.6023095252642507,1.7232850563585396,8.616425281792697,0.0,0.0,1
2018-10-24,Ret_Vol_20,KS|PSI,1.0,3.8011547626321254,2.2984325577271716,0.33830023828435263,2.6023095252642507,1.715890412490907,8.579452062454534,0.22174625184870184,0.04434925036974037,1
2018-10-25,Ret_Vol_20,KS|PSI,1.0,3.7749129345634507,2.282439412210284,0.3314773629864972,2.5498258691269013,1.6356272099199405,8.178136049599702,0.21864564340267278,0.04372912868053456,1
2018-10-26,Ret_Vol_20,KS|PSI,1.0,3.7608908168876396,2.307229855207544,0.3278316123907863,2.521781633775279,1.5916155689732572,7.958077844866286,0.6336920634370026,0.12673841268740052,1
2018-10-29,Ret_Vol_20,KS|PSI,1.0,3.7608908168876396,2.2937961460924874,0.3278316123907863,2.521781633775279,1.56522990089766,7.8261495044883,0.4657706994987941,0.09315413989975882,0
2018-10-30,Ret_Vol_20,KS|PSI,1.0,3.722429278426101,2.2334575670556602,0.3178316123907863,2.444858556852202,1.5650441577296634,7.825220788648317,0.0,0.0,1
2018-10-31,Ret_Vol_20,KS|PSI,1.0,3.6839677399645625,2.2174487865583266,0.30783161239078627,2.367935479929125,1.5337104363499248,7.668552181749623,0.08835178224486562,0.017670356448973124,1
2018-11-01,Ret_Vol_20,KS|PSI,1.0,3.645506201503024,2.199083958534463,0.29783161239078626,2.291012403006048,1.5093733388063908,7.546866694031953,0.14725297040810947,0.029450594081621893,1
2018-11-02,Ret_Vol_20,KS|PSI,1.0,3.607044663041486,2.1881834689607107,0.28783161239078625,2.2140893260829713,1.4904878829773212,7.452439414886605,0.2994583891977455,0.059891677839549094,1
2018-11-05,Ret_Vol_20,KS|PSI,1.0,3.5685831245799475,2.16607829764221,0.27783161239078635,2.137166249159895,1.4761329500956248,7.3806647504781235,0.3116052861780215,0.062321057235604306,0
2018-11-06,Ret_Vol_20,KS|PSI,1.0,3.530121586118409,2.1180729516710453,0.26783161239078634,2.060243172236818,1.4657328383313735,7.328664191656867,0.0,0.0,1
2018-11-07,Ret_Vol_20,KS|PSI,1.0,3.4916600476568704,2.1084549180589707,0.25783161239078634,1.9833200953137409,1.4589260516439693,7.294630258219846,0.16823611831060648,0.03364722366212129,1
2018-11-08,Ret_Vol_20,KS|PSI,1.0,3.453198509195332,2.086457424531793,0.24783161239078633,1.906397018390664,1.4554986891005692,7.277493445502846,0.18172898768242407,0.036345797536484814,1
2018-11-09,Ret_Vol_20,KS|PSI,1.0,3.4147369707337933,2.0698082099192185,0.23783161239078632,1.829473941467587,1.4553505258066974,7.276752629033487,0.26207534348678185,0.05241506869735637,1
2018-11-12,Ret_Vol_20,KS|PSI,1.0,3.376275432272255,2.038391721554883,0.2278316123907863,1.75255086454451,1.458480505262356,7.292402526311779,0.15783077739412354,0.03156615547882471,0
2018-11-13,Ret_Vol_20,KS|PSI,1.0,3.3408688214089324,2.0045212928453595,0.21862589356632245,1.681737642817865,1.4649866399181473,7.324933199590736,0.0,0.0,1
2018-11-14,Ret_Vol_20,KS|PSI,1.0,3.302407282947394,1.9819263033090833,0.20862589356632244,1.6048145658947879,1.4750802955051685,7.375401477525842,0.006024169258087242,0.0012048338516174484,1
2018-11-15,Ret_Vol_20,KS|PSI,1.0,3.302407282947394,1.983197172316635,0.20862589356632244,1.6048145658947879,1.4924147180048746,7.462073590024373,0.02191003185248319,0.0043820063704966385,1
2018-11-16,Ret_Vol_20,KS|PSI,1.0,3.2802285085843463,1.9723404991829876,0.2028594122319301,1.5604570171686931,1.5074744411729686,7.537372205864843,0.05254242540474652,0.010508485080949304,1
2018-11-19,Ret_Vol_20,KS|PSI,1.0,3.2802285085843463,1.9903959786741394,0.2028594122319301,1.5604570171686931,1.5269694256891606,7.634847128445803,0.2782359190441439,0.055647183808828785,0
2018-11-20,Ret_Vol_20,KS|PSI,1.0,3.2802285085843463,1.9681371051506078,0.2028594122319301,1.5604570171686931,1.4939862264709691,7.469931132354845,0.0,0.0,1
2018-11-21,Ret_Vol_20,KS|PSI,1.0,3.241766970122808,1.9584725869313262,0.1928594122319301,1.483533940245616,1.4964712830283777,7.482356415141888,0.16765506072051772,0.03353101214410355,1
2018-11-23,Ret_Vol_20,KS|PSI,1.0,3.2033054316612697,1.9389687496877006,0.18285941223193009,1.4066108633225392,1.4788044263214897,7.394022131607448,0.21231863363673426,0.04246372672734685,1
2018-11-26,Ret_Vol_20,KS|PSI,1.0,3.164843893199731,1.9156161645351668,0.17285941223193008,1.329687786399462,1.4657475569158087,7.328737784579043,0.20887285769160474,0.04177457153832095,0
2018-11-27,Ret_Vol_20,KS|PSI,1.0,3.1251681545799195,1.8751008927479516,0.16254372019077906,1.250336309159839,1.4645307473467983,7.322653736733991,0.0,0.0,1
2018-11-28,Ret_Vol_20,KS|PSI,1.0,3.1040723981900453,1.8708017955669174,0.15705882352941175,1.2081447963800904,1.4567476759766758,7.283738379883379,0.10447945816112658,0.020895891632225317,1
2018-11-29,Ret_Vol_20,KS|PSI,1.0,3.1114100525865234,1.8779540983168617,0.1589666136724961,1.2228201051730467,1.4760328811474202,7.3801644057371005,0.13885083456184677,0.027770166912369353,1
2018-11-30,Ret_Vol_20,KS|PSI,1.0,3.1498715910480612,1.9002471089459447,0.168966613672496,1.299743182096123,1.5063172191025462,7.531586095512731,0.12905192896385043,0.025810385792770084,1
2018-12-03,Ret_Vol_20,KS|PSI,1.0,3.1883331295096,1.9268621665323749,0.178966613672496,1.3766662590192,1.5535381137063993,7.767690568531996,0.17327861033268666,0.03465572206653733,0
2018-12-04,Ret_Vol_20,KS|PSI,1.0,3.211981426040203,1.9271888556241217,0.1851151707704527,1.4239628520804053,1.588342257945387,7.941711289726935,0.0,0.0,1
2018-12-06,Ret_Vol_20,KS|PSI,1.0,3.250442964501741,1.9546874536770376,0.1951151707704527,1.5008859290034824,1.6219685593080488,8.109842796540244,0.05527093719991194,0.011054187439982387,1
2018-12-07,Ret_Vol_20,KS|PSI,1.0,3.2889045029632795,1.984067036983885,0.20511517077045271,1.5778090059265593,1.665155080314988,8.325775401574939,0.13405419007396757,0.026810838014793514,1
2018-12-10,Ret_Vol_20,KS|PSI,1.0,3.3273660414248183,2.0207592514675405,0.21511517077045272,1.6547320828496364,1.7240257555385035,8.620128777692516,0.30424533265812004,0.06084906653162401,0
2018-12-11,Ret_Vol_20,KS|PSI,1.0,3.3531246178305003,2.0118747706983,0.2218124006359301,1.7062492356610008,1.8001823567977264,9.00091178398863,0.0,0.0,1
2018-12-12,Ret_Vol_20,KS|PSI,1.0,3.391586156292039,2.0524203998397144,0.23181240063593012,1.7831723125840777,2.761016770642483,13.805083853212414,0.21835882580613442,0.04367176516122688,1
2018-12-13,Ret_Vol_20,KS|PSI,1.0,3.4300476947535774,2.0867215173859184,0.24181240063593012,1.8600953895071548,2.8554605123965433,14.277302561982715,0.35866125667214854,0.0717322513344297,1
2018-12-14,Ret_Vol_20,KS|PSI,1.0,3.4685092332151157,2.151440245033414,0.25181240063593013,1.9370184664302317,3.8173381200273337,19.086690600136667,0.8791838138043095,0.1758367627608619,1
2018-12-17,Ret_Vol_20,KS|PSI,1.0,3.506970771676654,2.150163076716768,0.26181240063593014,2.0139415433533085,3.8313607955477473,19.156803977738736,0.5747576713846971,0.11495153427693942,0
2018-12-18,Ret_Vol_20,KS|PSI,1.0,3.5301455301455302,2.118087318087318,0.2678378378378379,2.0602910602910605,2.9270784022209875,14.635392011104937,0.0,0.0,1
2018-12-19,Ret_Vol_20,KS|PSI,1.0,3.5686070686070686,2.1639044305783477,0.2778378378378378,2.1372141372141367,2.9314000501533752,14.657000250766876,0.2842523676763342,0.05685047353526684,1
2018-12-20,Ret_Vol_20,KS|PSI,1.0,3.607068607068607,2.1996983046763394,0.2878378378378378,2.2141372141372138,2.950068627529765,14.750343137648825,0.4432142554396943,0.08864285108793886,1
2018-12-21,Ret_Vol_20,KS|PSI,1.0,3.645530145530145,2.206510758888744,0.2978378378378378,2.291060291060291,2.9715127079536936,14.857563539768467,0.23990839463321212,0.04798167892664242,1
2018-12-24,Ret_Vol_20,KS|PSI,1.0,3.6839916839916835,2.2896788248455295,0.3078378378378378,2.3679833679833675,2.996186071786993,14.980930358934964,0.9910476806314953,0.19820953612629905,0
2018-12-26,Ret_Vol_20,KS|PSI,1.0,3.70716644246056,2.224299865476336,0.31386327503974565,2.4143328849211203,3.024737545124961,15.123687725624805,0.0,0.0,1
2018-12-27,Ret_Vol_20,KS|PSI,1.0,3.745627980922099,2.2536306313688867,0.32386327503974566,2.4912559618441974,3.058144189420423,15.290720947102114,0.07817303519534702,0.015634607039069402,1
2018-12-28,Ret_Vol_20,KS|PSI,1.0,3.7840895193836372,2.276687714156904,0.33386327503974567,2.568179038767274,3.0979888227596772,15.489944113798385,0.07792503158402486,0.015585006316804973,1
2018-12-31,Ret_Vol_20,KS|PSI,1.0,3.8225510578451756,2.3070411655812855,0.3438632750397457,2.645102115690351,3.105800063622194,15.52900031811097,0.16888163592725391,0.03377632718545078,0
2019-01-02,Ret_Vol_20,KS|PSI,1.0,3.8487831723125843,2.3092699033875506,0.3506836248012719,2.6975663446251685,3.1147062969334796,15.573531484667397,0.0,0.0,1
2019-01-03,Ret_Vol_20,KS|PSI,1.0,3.887244710774123,2.3524394238283968,0.3606836248012719,2.7744894215482456,3.1247500481535204,15.6237502407676,0.25115746704904107,0.05023149340980822,1
2019-01-04,Ret_Vol_20,KS|PSI,1.0,3.925706249235661,2.365745261766058,0.37068362480127187,2.851412498471322,3.1402757740935763,15.701378870467881,0.12901890280826966,0.025803780561653934,1
2019-01-07,Ret_Vol_20,KS|PSI,1.0,3.9641677876971997,2.3893365498269254,0.3806836248012719,2.928335575394399,3.1518209532216583,15.75910476610829,0.13544846510757158,0.027089693021514316,0
2019-01-08,Ret_Vol_20,KS|PSI,1.0,3.990399902164608,2.3942399412987645,0.3875039745627981,2.9807998043292163,3.1496902289372573,15.748451144686285,0.0,0.0,1
2019-01-09,Ret_Vol_20,KS|PSI,1.0,4.028861440626146,2.4200957592882784,0.3975039745627981,3.057722881252293,3.1634925749957703,15.817462874978851,0.03473618640738374,0.006947237281476748,1
2019-01-10,Ret_Vol_20,KS|PSI,1.0,4.067322979087685,2.4422463840610042,0.40750397456279813,3.13464595817537,3.1787035896929003,15.8935179484645,0.023157457604922493,0.004631491520984498,1
2019-01-11,Ret_Vol_20,KS|PSI,1.0,4.105784517549224,2.468045484184476,0.41750397456279814,3.211569035098447,3.23004321975291,16.15021609876455,0.057184670686770134,0.011436934137354027,1
2019-01-14,Ret_Vol_20,KS|PSI,1.0,4.144246056010762,2.4911150406273337,0.4275039745627981,3.288492112021524,3.2967636837187433,16.483818418593714,0.05709258776095627,0.011418517552191254,0
2019-01-15,Ret_Vol_20,KS|PSI,1.0,4.167420814479637,2.5004524886877824,0.43352941176470583,3.3348416289592757,3.3975739972980485,16.987869986490242,0.0,0.0,1
2019-01-16,Ret_Vol_20,KS|PSI,1.0,4.205882352941176,2.5259543966373625,0.44352941176470584,3.4117647058823524,4.358803857499689,21.794019287498443,0.0303123109082174,0.00606246218164348,1
2019-01-17,Ret_Vol_20,KS|PSI,1.0,4.244343891402715,2.550608905761608,0.45352941176470585,3.4886877828054295,4.376604463884425,21.88302231942212,0.050032136499739255,0.010006427299947851,1
2019-01-18,Ret_Vol_20,KS|PSI,1.0,4.282805429864253,2.5736101593652623,0.46352941176470586,3.5656108597285066,4.396021653233699,21.980108266168497,0.049086268083880724,0.009817253616776146,1
2019-01-22,Ret_Vol_20,KS|PSI,1.0,4.321266968325792,2.6049088555772664,0.47352941176470587,3.6425339366515836,4.417217269103304,22.08608634551652,0.15185843227239604,0.030371686454479206,0
2019-01-23,Ret_Vol_20,KS|PSI,1.0,4.344441726794668,2.6066650360768007,0.47955484896661366,3.6888834535893356,4.4403948348491795,22.201974174245898,0.0,0.0,1
2019-01-24,Ret_Vol_20,KS|PSI,1.0,4.382903265256206,2.6334265707100357,0.48955484896661366,3.7658065305124127,4.465815617331011,22.329078086655056,0.04605764445390281,0.009211528890780562,1
2019-01-25,Ret_Vol_20,KS|PSI,1.0,4.421364803717745,2.6670908776653746,0.4995548489666137,3.8427296074354897,4.477160310496718,22.38580155248359,0.17839994293409256,0.03567998858681851,1
2019-01-28,Ret_Vol_20,KS|PSI,1.0,4.459826342179284,2.696069234857931,0.5095548489666137,3.9196526843585673,4.492353038509762,22.46176519254881,0.25216786937950963,0.05043357387590193,0
2019-01-29,Ret_Vol_20,KS|PSI,1.0,4.486058456646692,2.691635073988015,0.51637519872814,3.9721169132933842,4.511980190834141,22.559900954170704,0.0,0.0,1
2019-01-30,Ret_Vol_20,KS|PSI,1.0,4.52451999510823,2.7384866225049445,0.52637519872814,4.049039990216461,4.536968831671272,22.68484415835636,0.29718281800008084,0.059436563600016167,1
2019-01-31,Ret_Vol_20,KS|PSI,1.0,4.5629815335697685,2.7515601806227816,0.5363751987281399,4.125963067139537,4.568864106041724,22.84432053020862,0.1721407560115088,0.03442815120230176,1
2019-02-01,Ret_Vol_20,KS|PSI,1.0,4.5629815335697685,2.7653537148711242,0.5363751987281399,4.125963067139537,4.568864106041724,22.84432053020862,0.3445599341157909,0.06891198682315818,1
2019-02-04,Ret_Vol_20,KS|PSI,1.0,4.5629815335697685,2.767564875439519,0.5363751987281399,4.125963067139537,3.667892847933481,18.339464239667404,0.37219944122072,0.074439888244144,0
2019-02-05,Ret_Vol_20,KS|PSI,1.0,4.589213648037177,2.753528188822306,0.5431955484896661,4.1784272960743545,3.7587713046694953,18.793856523347475,0.0,0.0,1
2019-02-06,Ret_Vol_20,KS|PSI,1.0,4.589213648037177,2.757822529555126,0.5431955484896661,4.1784272960743545,4.625696137676401,23.128480688382005,0.053679259160249626,0.010735851832049925,1
2019-02-07,Ret_Vol_20,KS|PSI,1.0,4.589213648037177,2.769366994819795,0.5431955484896661,4.1784272960743545,4.543527215710331,22.717636078551653,0.19798507496861306,0.03959701499372261,1
2019-02-08,Ret_Vol_20,KS|PSI,1.0,4.589213648037177,2.769455727810757,0.5431955484896661,4.1784272960743545,4.496708312109892,22.483541560549458,0.1990942373556397,0.03981884747112794,1
2019-02-11,Ret_Vol_20,KS|PSI,1.0,4.589213648037177,2.7672828717764384,0.5431955484896661,4.1784272960743545,4.477225352976884,22.38612676488442,0.17193353692665547,0.034386707385331096,0
2019-02-12,Ret_Vol_20,KS|PSI,1.0,4.589213648037177,2.753528188822306,0.5431955484896661,4.1784272960743545,4.4711555621027115,22.355777810513555,0.0,0.0,1
2019-02-13,Ret_Vol_20,KS|PSI,1.0,4.589213648037177,2.756060679998879,0.5431955484896661,4.1784272960743545,4.456188904331908,22.28094452165954,0.03165613970716341,0.006331227941432682,1
2019-02-14,Ret_Vol_20,KS|PSI,1.0,4.589213648037177,2.7622884160835692,0.5431955484896661,4.1784272960743545,4.447704194081112,22.23852097040556,0.10950284076579175,0.02190056815315835,1
2019-02-15,Ret_Vol_20,KS|PSI,1.0,4.589213648037177,2.765379351070496,0.5431955484896661,4.1784272960743545,4.445059406423182,22.225297032115908,0.14813952810237352,0.029627905620474702,1
2019-02-19,Ret_Vol_20,KS|PSI,1.0,4.589213648037177,2.7647724671660083,0.5431955484896661,4.1784272960743545,4.448063330469548,22.24031665234774,0.14055347929628026,0.028110695859256053,0
2019-02-20,Ret_Vol_20,KS|PSI,1.0,4.589213648037177,2.753528188822306,0.5431955484896661,4.1784272960743545,3.51230795770278,17.561539788513898,0.0,0.0,1
2019-02-21,Ret_Vol_20,KS|PSI,1.0,4.589213648037177,2.7586878736299503,0.5431955484896661,4.1784272960743545,3.482019879165918,17.41009939582959,0.06449606009555164,0.012899212019110328,1
2019-02-22,Ret_Vol_20,KS|PSI,1.0,4.589213648037177,2.7579774725546295,0.5431955484896661,4.1784272960743545,3.4730290511637976,17.365145255818987,0.05561604665404696,0.011123209330809392,1
2019-02-25,Ret_Vol_20,KS|PSI,1.0,4.589213648037177,2.7568080314671786,0.5431955484896661,4.1784272960743545,3.472771989855768,17.363859949278837,0.04099803306090888,0.008199606612181776,0
2019-02-26,Ret_Vol_20,KS|PSI,1.0,4.589213648037177,2.753528188822306,0.5431955484896661,4.1784272960743545,3.4731106133959777,17.36555306697989,0.0,0.0,1
2019-02-27,Ret_Vol_20,KS|PSI,1.0,4.589213648037177,2.7584423357465195,0.5431955484896661,4.1784272960743545,3.472708622392564,17.36354311196282,0.06142683655267178,0.012285367310534357,1
2019-02-28,Ret_Vol_20,KS|PSI,1.0,4.589213648037177,2.766997464818601,0.5431955484896661,4.1784272960743545,2.612554205258041,13.062771026290205,0.16836594995368698,0.033673189990737394,1
2019-03-01,Ret_Vol_20,KS|PSI,1.0,4.589213648037177,2.7612114574921476,0.5431955484896661,4.1784272960743545,3.4727086223925636,17.363543111962816,0.09604085837301779,0.019208171674603557,1
2019-03-04,Ret_Vol_20,KS|PSI,1.0,4.589213648037177,2.7750022347873173,0.5431955484896661,4.1784272960743545,3.457915603651561,17.289578018257803,0.2684255745626425,0.053685114912528496,0
2019-03-05,Ret_Vol_20,KS|PSI,1.0,4.589213648037177,2.753528188822306,0.5431955484896661,4.1784272960743545,3.5052853463883045,17.52642673194152,0.0,0.0,1
2019-03-06,Ret_Vol_20,KS|PSI,1.0,4.589213648037177,2.755766534968228,0.5431955484896661,4.1784272960743545,3.5548351450231195,17.774175725115597,0.027979326824022266,0.005595865364804453,1
2019-03-07,Ret_Vol_20,KS|PSI,1.0,4.589213648037177,2.76124071393319,0.5431955484896661,4.1784272960743545,4.471001412875779,22.355007064378896,0.09640656388605018,0.019281312777210034,1
2019-03-08,Ret_Vol_20,KS|PSI,1.0,4.589213648037177,2.758746294444052,0.5431955484896661,4.1784272960743545,4.448074569193603,22.24037284596801,0.06522632027182473,0.013045264054364947,1
2019-03-11,Ret_Vol_20,KS|PSI,1.0,4.589213648037177,2.7639561748436163,0.5431955484896661,4.1784272960743545,4.457065397195723,22.28532698597861,0.13034982526637862,0.026069965053275725,0
2019-03-12,Ret_Vol_20,KS|PSI,1.0,4.589213648037177,2.753528188822306,0.5431955484896661,4.1784272960743545,4.4875780871244615,22.437890435622307,0.0,0.0,1
2019-03-13,Ret_Vol_20,KS|PSI,1.0,4.589213648037177,2.759045114550526,0.5431955484896661,4.1784272960743545,4.551912590762662,22.759562953813308,0.06896157160275085,0.01379231432055017,1
2019-03-14,Ret_Vol_20,KS|PSI,1.0,4.5507521095756385,2.741574062711953,0.5331955484896661,4.101504219151278,4.52986467378651,22.64932336893255,0.1390349620821255,0.027806992416425102,1
2019-03-15,Ret_Vol_20,KS|PSI,1.0,4.53674941910236,2.736908109605693,0.5295548489666138,4.0734988382047215,4.51206635377472,22.560331768873596,0.18573072680346103,0.037146145360692204,1
2019-03-18,Ret_Vol_20,KS|PSI,1.0,4.501345236639354,2.7103222860281395,0.520349761526232,4.002690473278708,4.491775967067213,22.458879835336063,0.11893930055659341,0.02378786011131868,0
2019-03-19,Ret_Vol_20,KS|PSI,1.0,4.465941054176348,2.6795646325058087,0.5111446740858505,3.931882108352696,4.478478107325028,22.39239053662514,0.0,0.0,1
2019-03-20,Ret_Vol_20,KS|PSI,1.0,4.433594227711875,2.6670746888987393,0.5027344992050875,3.86718845542375,4.463471206789576,22.317356033947878,0.08647690339517722,0.017295380679035445,1
2019-03-21,Ret_Vol_20,KS|PSI,1.0,4.407362113244466,2.652959380969951,0.4959141494435612,3.8147242264889325,4.454484149300431,22.272420746502153,0.1067764127908909,0.02135528255817818,1
2019-03-22,Ret_Vol_20,KS|PSI,1.0,4.368900574782928,2.6372646739127883,0.4859141494435612,3.7378011495658554,4.450509096203332,22.252545481016657,0.19905411303789433,0.039810822607578865,1
2019-03-25,Ret_Vol_20,KS|PSI,1.0,4.33043903632139,2.611461200244609,0.47591414944356125,3.6608780726427788,4.430513749415061,22.152568747075303,0.16497223064719446,0.032994446129438894,0
2019-03-26,Ret_Vol_20,KS|PSI,1.0,4.29197749785985,2.5751864987159103,0.46591414944356124,3.5839549957197017,4.4031435521212074,22.015717760606037,0.0,0.0,1
2019-03-27,Ret_Vol_20,KS|PSI,1.0,4.253515959398312,2.5694424581434325,0.45591414944356123,3.5070319187966246,4.384983210914629,21.924916054573142,0.21666103130556535,0.043332206261113074,1
2019-03-28,Ret_Vol_20,KS|PSI,1.0,4.215054420936774,2.549185360274005,0.4459141494435612,3.430108841873548,4.3682921724350425,21.84146086217521,0.2519088463992576,0.05038176927985152,1
2019-03-29,Ret_Vol_20,KS|PSI,1.0,4.176592882475235,2.5244590056646983,0.4359141494435612,3.353185764950471,4.352963072421703,21.764815362108514,0.23129095224445928,0.04625819044889186,1
2019-04-01,Ret_Vol_20,KS|PSI,1.0,4.138131344013697,2.5173313024851818,0.4259141494435612,3.2762626880273937,4.338906774447978,21.69453387223989,0.43065620096204027,0.08613124019240806,0
2019-04-02,Ret_Vol_20,KS|PSI,1.0,4.099669805552159,2.4598018833312953,0.41591414944356125,3.199339611104317,4.257289667276941,21.286448336384705,0.0,0.0,1
2019-04-03,Ret_Vol_20,KS|PSI,1.0,4.06120826709062,2.4427362483763457,0.40591414944356125,3.1224165341812404,4.243770605395733,21.218853026978664,0.07514110152466891,0.015028220304933781,1
2019-04-04,Ret_Vol_20,KS|PSI,1.0,4.022746728629082,2.427448240595169,0.39591414944356124,3.0454934572581633,4.207215680339109,21.036078401695544,0.1725025427214958,0.03450050854429916,1
2019-04-05,Ret_Vol_20,KS|PSI,1.0,3.984285190167543,2.4086145084229384,0.3859141494435612,2.9685703803350862,4.175443984466662,20.87721992233331,0.22554242903016086,0.045108485806032175,1
2019-04-08,Ret_Vol_20,KS|PSI,1.0,3.9458236517060046,2.4039406059074997,0.3759141494435612,2.891647303412009,4.147466330106921,20.737331650534603,0.45558018604871287,0.09111603720974257,0
2019-04-09,Ret_Vol_20,KS|PSI,1.0,3.9073621132444663,2.3444172679466795,0.3659141494435612,2.8147242264889325,4.122623291236655,20.613116456183274,0.0,0.0,1
2019-04-10,Ret_Vol_20,KS|PSI,1.0,3.868900574782928,2.3228664155083316,0.35591414944356126,2.737801149565856,4.100451030001326,20.50225515000663,0.019075882982188153,0.0038151765964376306,1
2019-04-11,Ret_Vol_20,KS|PSI,1.0,3.8304390363213896,2.3024912233664745,0.34591414944356125,2.6608780726427788,4.080609907106836,20.403049535534176,0.05284751967051288,0.010569503934102576,1
2019-04-12,Ret_Vol_20,KS|PSI,1.0,3.791977497859851,2.3031911757610386,0.33591414944356124,2.5839549957197017,4.062843456282414,20.314217281412066,0.3500584630641035,0.0700116926128207,1
2019-04-15,Ret_Vol_20,KS|PSI,1.0,3.7810321633851043,2.299396979597255,0.33306836248012717,2.562064326770209,4.061479048030575,20.307395240152875,0.3847210195774059,0.07694420391548118,0
2019-04-16,Ret_Vol_20,KS|PSI,1.0,3.7810321633851043,2.2686192980310627,0.33306836248012717,2.562064326770209,4.058018369976847,20.290091849884234,0.0,0.0,1
2019-04-17,Ret_Vol_20,KS|PSI,1.0,3.7810321633851043,2.276941875810546,0.33306836248012717,2.562064326770209,4.042484007543742,20.212420037718708,0.10403222224354469,0.02080644444870894,1
2019-04-18,Ret_Vol_20,KS|PSI,1.0,3.7810321633851043,2.2850924030859048,0.33306836248012717,2.562064326770209,4.024044021019084,20.12022010509542,0.20591381318552915,0.04118276263710583,1
2019-04-22,Ret_Vol_20,KS|PSI,1.0,3.742570624923566,2.2620214138069046,0.32306836248012716,2.485141249847132,3.0743195929501255,15.371597964750627,0.20598798565956078,0.04119759713191216,0
2019-04-23,Ret_Vol_20,KS|PSI,1.0,3.742570624923566,2.2455423749541397,0.32306836248012716,2.485141249847132,3.083300265843687,15.416501329218434,0.0,0.0,1
2019-04-24,Ret_Vol_20,KS|PSI,1.0,3.7041090864620276,2.2241473813269566,0.31306836248012715,2.408218172924055,3.0037744930428065,15.018872465214033,0.021024118121749646,0.004204823624349929,1
2019-04-25,Ret_Vol_20,KS|PSI,1.0,3.665647548000489,2.216400996711321,0.30306836248012714,2.3312950960009777,2.0593321920172816,10.296660960086408,0.2126558488878474,0.042531169777569475,1
2019-04-26,Ret_Vol_20,KS|PSI,1.0,3.627186009538951,2.2017787902761388,0.2930683624801272,2.2543720190779015,1.9841723596752243,9.920861798376121,0.31833980690960184,0.06366796138192037,1
2019-04-29,Ret_Vol_20,KS|PSI,1.0,3.588724471077412,2.184975216656891,0.2830683624801272,2.1774489421548244,1.9458895675700252,9.729447837850126,0.39675667513055013,0.07935133502611003,0
2019-04-30,Ret_Vol_20,KS|PSI,1.0,3.565549712608536,2.1393298275651214,0.2770429252782194,2.131099425217072,1.0361641555015388,5.1808207775076935,0.0,0.0,1
2019-05-01,Ret_Vol_20,KS|PSI,1.0,3.5270881741469973,2.120065311680371,0.2670429252782194,2.054176348293995,1.0210710867090933,5.1053554335454665,0.047655089902162384,0.009531017980432478,1
2019-05-02,Ret_Vol_20,KS|PSI,1.0,3.4429244318134,2.08745171493909,0.25704292527821937,1.977253271370918,0.9817191184511764,4.908595592255882,0.2712131981381246,0.05424263962762492,1
2019-05-03,Ret_Vol_20,KS|PSI,1.0,3.246607934811635,1.9800421664824186,0.2470429252782194,1.9003301944478415,0.9185771350350858,4.592885675175428,0.40096756994297267,0.08019351398859453,1
2019-05-06,Ret_Vol_20,KS|PSI,1.0,3.089306929272403,1.9080220739436229,0.23704292527821938,1.8234071175247644,0.8710413482040084,4.355206741020042,0.6804739547522635,0.13609479095045268,0
2019-05-07,Ret_Vol_20,KS|PSI,1.0,3.104620981787443,1.8627725890724658,0.2410174880763116,1.853980677510089,0.8710522572129595,4.355261286064797,0.0,0.0,1
2019-05-08,Ret_Vol_20,KS|PSI,1.0,3.0718603418386685,1.8433608541838986,0.2410174880763116,1.853980677510089,0.8579480012334497,4.289740006167248,0.0030581135087179856,0.0006116227017435971,1
2019-05-09,Ret_Vol_20,KS|PSI,1.0,3.043673241727162,1.8386765335228556,0.2410174880763116,1.853980677510089,0.8466731611888471,4.233365805944235,0.15590735608198325,0.03118147121639665,1
2019-05-10,Ret_Vol_20,KS|PSI,1.0,3.019769357505399,1.822951717556374,0.2410174880763116,1.853980677510089,0.8371116075001419,4.1855580375007095,0.1386262881641842,0.02772525763283684,1
2019-05-13,Ret_Vol_20,KS|PSI,1.0,3.0145576938714207,1.852103469580941,0.2410174880763116,1.853980677510089,0.8350269420465506,4.1751347102327525,0.54211066572611,0.108422133145222,0
2019-05-14,Ret_Vol_20,KS|PSI,1.0,2.8644257904296424,1.7186554742577853,0.23101748807631162,1.7770576005870125,0.7903587960544545,3.951793980272272,0.0,0.0,1
2019-05-15,Ret_Vol_20,KS|PSI,1.0,2.863511262992089,1.720477822192435,0.23101748807631162,1.7770576005870125,0.789992985079433,3.949964925397165,0.029638304964770157,0.005927660992954031,1
2019-05-16,Ret_Vol_20,KS|PSI,1.0,2.8655508633283913,1.7358691915673314,0.23101748807631162,1.7770576005870125,0.790808825213954,3.95404412606977,0.20673341962870928,0.04134668392574185,1
2019-05-17,Ret_Vol_20,KS|PSI,1.0,2.6352266826279496,1.6042621716132552,0.23101748807631162,1.7770576005870125,0.6986791529337774,3.4933957646688865,0.2890770254560684,0.057815405091213676,1
2019-05-20,Ret_Vol_20,KS|PSI,1.0,2.4916773154577885,1.5134729944260712,0.23101748807631162,1.7770576005870125,0.6412594060657129,3.2062970303285643,0.23083256439247757,0.04616651287849551,0
2019-05-21,Ret_Vol_20,KS|PSI,1.0,2.484815653909425,1.490889392345655,0.2270429252782194,1.7464840406016877,0.6446294534434325,3.223147267217162,0.0,0.0,1
2019-05-22,Ret_Vol_20,KS|PSI,1.0,2.3828999616755038,1.4300130156081183,0.2270429252782194,1.7464840406016877,0.603863176549864,3.0193158827493196,0.0034129825351999488,0.0006825965070399898,1
2019-05-23,Mom_Sum_20,KS|PSI,1.0,2.3739117865084873,1.425163719549006,0.3048330683624801,2.3448697566344623,0.4805907632765024,2.402953816382512,0.010208095548919105,0.002041619109783821,1
2019-05-24,Mom_Sum_20,KS|PSI,1.0,2.3739117865084873,1.4486740528298818,0.3048330683624801,2.3448697566344623,0.4805907632765024,2.402953816382512,0.304087261559868,0.060817452311973594,1
2019-05-28,Mom_Sum_20,KS|PSI,1.0,2.3739117865084873,1.4392085896501576,0.3048330683624801,2.3448697566344623,0.4805907632765024,2.402953816382512,0.18576897181331664,0.03715379436266333,0
2019-05-29,Mom_Sum_20,KS|PSI,1.0,2.412650382427356,1.4475902294564136,0.3048330683624801,2.3448697566344623,0.49608620164405004,2.48043100822025,0.0,0.0,1
2019-05-30,Mom_Sum_20,KS|PSI,1.0,2.412650382427356,1.4480840628893055,0.3048330683624801,2.3448697566344623,0.49608620164405004,2.48043100822025,0.006172917911149711,0.0012345835822299422,1
2019-05-31,Mom_Sum_20,KS|PSI,1.0,2.412650382427356,1.4606465705680254,0.3048330683624801,2.3448697566344623,0.49608620164405004,2.48043100822025,0.16320426389514675,0.03264085277902935,1
2019-06-03,Mom_Sum_20,KS|PSI,1.0,2.412650382427356,1.4551982814927902,0.3048330683624801,2.3448697566344623,0.49608620164405004,2.48043100822025,0.09510065045470861,0.019020130090941723,0
2019-06-04,Mom_Sum_20,KS|PSI,1.0,2.386417844844713,1.4318507069068278,0.3048330683624801,2.3448697566344623,0.4855931866109928,2.427965933054964,0.0,0.0,1
2019-06-05,Mom_Sum_20,KS|PSI,1.0,2.386417844844713,1.4332923043661556,0.3048330683624801,2.3448697566344623,0.4855931866109928,2.427965933054964,0.01801996824159835,0.00360399364831967,1
2019-06-06,Mom_Sum_20,KS|PSI,1.0,2.386417844844713,1.441727856365347,0.3048330683624801,2.3448697566344623,0.4855931866109928,2.427965933054964,0.12346436823149187,0.024692873646298373,1
2019-06-07,Mom_Sum_20,KS|PSI,1.0,2.3388474851879253,1.4152076702791376,0.3048330683624801,2.3448697566344623,0.4665650427482777,2.3328252137413883,0.14873973957978093,0.029747947915956186,1
2019-06-10,Mom_Sum_20,KS|PSI,1.0,2.3123456919079715,1.4179997052729902,0.3048330683624801,2.3448697566344623,0.45596432543629617,2.2798216271814806,0.38240362660259275,0.07648072532051856,0
2019-06-11,Mom_Sum_20,KS|PSI,1.0,2.4609705735548366,1.476582344132902,0.31801271860095387,2.446251681545799,0.4951378931127749,2.475689465563874,0.0,0.0,1
2019-06-12,Mom_Sum_20,KS|PSI,1.0,2.37349681438376,1.4277607763712754,0.30801271860095386,2.369328604622722,0.47553300482895955,2.3776650241447976,0.04578359676274524,0.009156719352549048,1
2019-06-13,Mom_Sum_20,KS|PSI,1.0,2.30885933128343,1.3896158829350134,0.29801271860095385,2.292405527699645,0.46506262697344314,2.3253131348672156,0.05375355206194221,0.010750710412388443,1
2019-06-14,Ret_Vol_20,KS|PSI,1.0,2.3998050834563505,1.4425078655016261,0.22227344992050874,1.709795768619298,0.6179628796586806,3.0898143982934028,0.03281019284769848,0.006562038569539697,1
2019-06-17,Ret_Vol_20,KS|PSI,1.0,2.5523486128756367,1.5335828940392724,0.22227344992050874,1.709795768619298,0.6789802914263952,3.3949014571319758,0.027171578923629758,0.005434315784725951,0
2019-06-18,Ret_Vol_20,KS|PSI,1.0,2.7378399852602757,1.6427039911561654,0.21829888712241657,1.6792222086339736,0.7592915523773156,3.796457761886578,0.0,0.0,1
2019-06-19,Ret_Vol_20,KS|PSI,1.0,3.3396111043169867,2.013149552475705,0.21829888712241657,1.6792222086339736,1.7287861708238361,8.64393085411918,0.11728612356891621,0.023457224713783243,1
2019-06-20,Ret_Vol_20,KS|PSI,1.0,3.3396111043169867,2.042437246866336,0.21829888712241657,1.6792222086339736,1.7662072738877215,8.831036369438607,0.48338230345180333,0.09667646069036066,1
2019-06-21,Ret_Vol_20,KS|PSI,1.0,3.3396111043169867,2.058936108898824,0.21829888712241657,1.6792222086339736,1.8130823211135279,9.065411605567638,0.6896180788579009,0.1379236157715802,1
2019-06-24,Ret_Vol_20,KS|PSI,1.0,3.3396111043169867,2.064694570933399,0.21829888712241657,1.6792222086339736,1.8755962390764176,9.377981195382088,0.7615988542900896,0.1523197708580179,0
2019-06-25,Ret_Vol_20,KS|PSI,1.0,3.3243243243243246,1.9945945945945946,0.21432432432432436,1.648648648648649,1.969548905264202,9.847744526321009,0.0,0.0,1
2019-06-26,Ret_Vol_20,KS|PSI,1.0,3.3243243243243246,2.0021642745801356,0.21432432432432436,1.648648648648649,2.933460168317586,14.66730084158793,0.0946209998192642,0.01892419996385284,1
2019-06-27,Ret_Vol_20,KS|PSI,1.0,3.3545921487097954,2.0217906597171056,0.22219395866454683,1.709184297419591,2.9454650109473057,14.727325054736529,0.11294213114035467,0.022588426228070935,1
2019-06-28,Ret_Vol_20,KS|PSI,1.0,3.3545921487097954,2.0557889015572606,0.22219395866454683,1.709184297419591,2.9454650109473057,14.727325054736529,0.5379201541422893,0.10758403082845787,1
2019-07-01,Ret_Vol_20,KS|PSI,1.0,3.3545921487097954,2.071800120669069,0.22219395866454683,1.709184297419591,2.9454650109473057,14.727325054736529,0.7380603930398955,0.1476120786079791,0
2019-07-02,Ret_Vol_20,KS|PSI,1.0,3.3545921487097954,2.0127552892258773,0.22219395866454683,1.709184297419591,2.9215957805215886,14.607978902607943,0.0,0.0,1
2019-07-03,Ret_Vol_20,KS|PSI,1.0,3.3545921487097954,2.01355265782191,0.22219395866454683,1.709184297419591,2.888139858571735,14.440699292858673,0.009967107450408519,0.001993421490081704,1
2019-07-05,Ret_Vol_20,KS|PSI,1.0,3.3545921487097954,2.0197385405700277,0.22219395866454683,1.709184297419591,2.877379304692122,14.38689652346061,0.08729064180187907,0.017458128360375812,1
2019-07-08,Ret_Vol_20,KS|PSI,1.0,3.3545921487097954,2.0202745789507413,0.22219395866454683,1.709184297419591,2.849223414405507,14.246117072027534,0.0939911215607987,0.018798224312159738,0
2019-07-09,Ret_Vol_20,KS|PSI,1.0,3.3545921487097954,2.0127552892258773,0.22219395866454683,1.709184297419591,2.830857736682116,14.15428868341058,0.0,0.0,1
2019-07-10,Ret_Vol_20,KS|PSI,1.0,3.3545921487097954,2.0183832845100027,0.22219395866454683,1.709184297419591,2.809901086952613,14.049505434763065,0.07034994105156755,0.014069988210313512,1
2019-07-11,Ret_Vol_20,KS|PSI,1.0,3.3545921487097954,2.02489112192845,0.22219395866454683,1.709184297419591,2.7917651890594724,13.958825945297361,0.15169790878215983,0.030339581756431967,1
2019-07-12,Ret_Vol_20,KS|PSI,1.0,3.3545921487097954,2.0249694375318734,0.22219395866454683,1.709184297419591,2.776121635550674,13.88060817775337,0.15267685382495166,0.030535370764990334,1
2019-07-15,Ret_Vol_20,KS|PSI,1.0,3.3545921487097954,2.0194804493485994,0.22219395866454683,1.709184297419591,2.762726479488806,13.813632397444028,0.08406450153402589,0.016812900306805177,0
2019-07-16,Ret_Vol_20,KS|PSI,1.0,3.3545921487097954,2.0127552892258773,0.22219395866454683,1.709184297419591,2.7680086065322396,13.840043032661198,0.0,0.0,1
2019-07-17,Ret_Vol_20,KS|PSI,1.0,3.3545921487097954,2.0130264767052926,0.22219395866454683,1.709184297419591,2.766781388910951,13.833906944554753,0.0033898434926893373,0.0006779686985378675,1
2019-07-18,Ret_Vol_20,KS|PSI,1.0,3.3545921487097954,2.0267664224053954,0.22219395866454683,1.709184297419591,2.7680086065322396,13.840043032661198,0.17513916474397606,0.03502783294879521,1
2019-07-19,Ret_Vol_20,KS|PSI,1.0,3.3545921487097954,2.033495855848338,0.22219395866454683,1.709184297419591,2.779353299697946,13.896766498489729,0.2592570827807569,0.05185141655615137,1
2019-07-22,Ret_Vol_20,KS|PSI,1.0,3.3545921487097954,2.0287546653084085,0.22219395866454683,1.709184297419591,2.794546027710991,13.972730138554953,0.19999220103164128,0.039998440206328256,0
2019-07-23,Ret_Vol_20,KS|PSI,1.0,3.3545921487097954,2.0127552892258773,0.22219395866454683,1.709184297419591,2.813365306140505,14.066826530702524,0.0,0.0,1
2019-07-24,Ret_Vol_20,KS|PSI,1.0,3.3545921487097954,2.0227736637043243,0.22219395866454683,1.709184297419591,2.81417318003537,14.07086590017685,0.1252296809805863,0.02504593619611726,1
2019-07-25,Ret_Vol_20,KS|PSI,1.0,3.3545921487097954,2.020416945252193,0.22219395866454683,1.709184297419591,2.8168608148254126,14.084304074127063,0.09577070032894608,0.019154140065789214,1
2019-07-26,Ret_Vol_20,KS|PSI,1.0,3.3545921487097954,2.029744746722735,0.22219395866454683,1.709184297419591,2.8214626061119983,14.107313030559991,0.21236821871072487,0.042473643742144976,1
2019-07-29,Ret_Vol_20,KS|PSI,1.0,3.3545921487097954,2.0257888978209087,0.22219395866454683,1.709184297419591,2.8280384684797966,14.140192342398983,0.1629201074378933,0.03258402148757866,0
2019-07-30,Ret_Vol_20,KS|PSI,1.0,3.3545921487097954,2.0127552892258773,0.22219395866454683,1.709184297419591,2.8280384684797966,14.140192342398983,0.0,0.0,1
2019-07-31,Ret_Vol_20,KS|PSI,1.0,3.3545921487097954,2.017111052755443,0.22219395866454683,1.709184297419591,2.8280384684797966,14.140192342398983,0.0544470441195688,0.01088940882391376,1
2019-08-01,Ret_Vol_20,KS|PSI,1.0,3.3545921487097954,2.027505659666838,0.22219395866454683,1.709184297419591,2.8280384684797966,14.140192342398983,0.18437963051201212,0.03687592610240242,1
2019-08-02,Ret_Vol_20,KS|PSI,1.0,3.3545921487097954,2.0263964145432887,0.22219395866454683,1.709184297419591,2.8480065592098134,14.240032796049066,0.17051406646763956,0.03410281329352791,1
2019-08-05,Ret_Vol_20,KS|PSI,1.0,3.3545921487097954,2.0234275341752928,0.22219395866454683,1.709184297419591,2.884436772128997,14.422183860644985,0.13340306186769357,0.026680612373538713,0
2019-08-06,Ret_Vol_20,KS|PSI,1.0,3.347193347193347,2.008316008316008,0.22027027027027024,1.694386694386694,2.910088085765256,14.550440428826278,0.0,0.0,1
2019-08-07,Ret_Vol_20,KS|PSI,1.0,3.347193347193347,2.0093550277721386,0.22027027027027024,1.694386694386694,2.9122900169048034,14.561450084524017,0.01298774320163032,0.0025975486403260637,1
2019-08-08,Ret_Vol_20,KS|PSI,1.0,3.322428763605234,2.01384569611316,0.21383147853736084,1.644857527210468,2.9168690584122046,14.584345292061021,0.2548554743752419,0.05097109487504838,1
2019-08-09,Ret_Vol_20,KS|PSI,1.0,3.322428763605234,2.0297863989051996,0.21383147853736084,1.644857527210468,2.923910582658366,14.619552913291828,0.45411425927573956,0.0908228518551479,1
2019-08-12,Ret_Vol_20,KS|PSI,1.0,3.322428763605234,2.014678604578329,0.21383147853736084,1.644857527210468,2.933552509377338,14.667762546886689,0.2652668301898613,0.05305336603797226,0
2019-08-13,Ret_Vol_20,KS|PSI,1.0,3.2839672251436953,1.970380335086217,0.20383147853736083,1.5679344502873909,2.000997739775302,10.004988698876508,0.0,0.0,1
2019-08-14,Ret_Vol_20,KS|PSI,1.0,3.245505686682157,1.9549001281567295,0.19383147853736082,1.491011373364314,1.925664598522399,9.628322992611995,0.09495895184294478,0.018991790368588956,1
2019-08-15,Ret_Vol_20,KS|PSI,1.0,3.2070441482206187,1.9335110276093328,0.18383147853736082,1.414088296441237,1.875547020309845,9.377735101549224,0.11605673346202339,0.023211346692404676,1
2019-08-16,Ret_Vol_20,KS|PSI,1.0,3.16858260975908,1.9216897623685278,0.1738314785373608,1.33716521951816,1.8419888600935463,9.20994430046773,0.25675245641350053,0.051350491282700104,1
2019-08-19,Ret_Vol_20,KS|PSI,1.0,2.811356675415106,1.7022633173650383,0.1638314785373608,1.260242142595083,0.8724942416470258,4.362471208235129,0.19311640144968378,0.03862328028993676,0
2019-08-20,Ret_Vol_20,KS|PSI,1.0,2.842704552134479,1.7056227312806873,0.16701112877583457,1.2847009905833429,0.880141622737123,4.4007081136856145,0.0,0.0,1
2019-08-21,Ret_Vol_20,KS|PSI,1.0,2.5647445899123382,1.5436172907804755,0.15701112877583456,1.2077779136602658,0.7843422532328822,3.9217112661644107,0.05963171041340887,0.011926342082681774,1
2019-08-22,Ret_Vol_20,KS|PSI,1.0,2.373739522031514,1.4334422281846804,0.14701112877583467,1.1308548367371898,0.7233248414651676,3.616624207325838,0.1149814370721518,0.022996287414430362,1
2019-08-23,Ret_Vol_20,KS|PSI,1.0,2.222285564954314,1.345890837537885,0.13701112877583466,1.0539317598141127,0.678127874018903,3.3906393700945148,0.15649373206620898,0.0312987464132418,1
2019-08-26,Ret_Vol_20,KS|PSI,1.0,2.116725644456369,1.277367676321156,0.1327027027027027,1.0207900207900207,0.6425322536245435,3.212661268122717,0.09165362059168547,0.018330724118337093,0
2019-08-27,Ret_Vol_20,KS|PSI,1.0,2.0607406360563187,1.2364443816337911,0.1327027027027027,1.0207900207900207,0.6201382502645234,3.100691251322617,0.0,0.0,1
2019-08-28,Ret_Vol_20,KS|PSI,1.0,2.029144715926651,1.2179931654308673,0.1327027027027027,1.0207900207900207,0.6074998822126564,3.0374994110632816,0.0063291984359616915,0.0012658396871923383,1
2019-08-29,Ret_Vol_20,KS|PSI,1.0,2.0106903330003623,1.2252712627411837,0.1327027027027027,1.0207900207900207,0.6001181290421408,3.000590645210704,0.23571328676207848,0.0471426573524157,1
2019-08-30,Ret_Vol_20,KS|PSI,1.0,2.0043645462853976,1.2227379739182451,0.1327027027027027,1.0207900207900207,0.5975878143561549,2.9879390717807746,0.2514905768375829,0.050298115367516584,1
2019-09-03,Ret_Vol_20,KS|PSI,1.0,1.9889503553370262,1.212988170961758,0.13969793322734503,1.0745994863641926,0.580660244861972,2.90330122430986,0.24522447199427955,0.04904489439885591,0
2019-09-04,Ret_Vol_20,KS|PSI,1.0,2.0244146920157493,1.2146488152094495,0.1457233704292527,1.1209490033019438,0.585576076145911,2.927880380729555,0.0,0.0,1
2019-09-05,Ret_Vol_20,KS|PSI,1.0,2.0716229240939716,1.2561410265907245,0.15572337042925272,1.197872080225021,0.5890747535925845,2.9453737679629226,0.16459090167926682,0.032918180335853364,1
2019-09-06,Ret_Vol_20,KS|PSI,1.0,2.137147784315155,1.2991952253571837,0.16572337042925273,1.2747951571480978,0.5999000822964425,2.9995004114822126,0.21133193460113237,0.042266386920226474,1
2019-09-09,Ret_Vol_20,KS|PSI,1.0,2.223822335703555,1.3442380516367936,0.17572337042925273,1.3517182340711749,0.619185287467187,3.095926437335935,0.1243081276832596,0.024861625536651923,0
2019-09-10,Ret_Vol_20,KS|PSI,1.0,2.554468378047244,1.5326810268283464,0.18254372019077908,1.404182463005993,0.740950858617699,3.704754293088495,0.0,0.0,1
2019-09-11,Ret_Vol_20,KS|PSI,1.0,2.7066282857576396,1.6266095001973666,0.1925437201907791,1.4811055399290698,0.7864302063172419,3.9321510315862094,0.03290660928478595,0.0065813218569571895,1
2019-09-12,Ret_Vol_20,KS|PSI,1.0,2.955499832503907,1.7802306940855044,0.20254372019077904,1.5580286168521464,0.8705942096311335,4.352971048155667,0.08663493228950447,0.017326986457900893,1
2019-09-13,Ret_Vol_20,KS|PSI,1.0,3.046603164207897,1.8428031152513513,0.21254372019077905,1.6349516937752233,0.8916509269281141,4.4582546346405705,0.18551520908266783,0.037103041816533566,1
2019-09-16,Ret_Vol_20,KS|PSI,1.0,3.070715868089814,1.8580624837490702,0.22254372019077906,1.7118747706983004,0.8859113930962655,4.429556965481328,0.19541203618977254,0.03908240723795451,0
2019-09-17,Ret_Vol_20,KS|PSI,1.0,2.9496577951448497,1.7697946770869097,0.2285691573926868,1.758224287636052,0.8282182605307296,4.141091302653647,0.0,0.0,1
2019-09-18,Ret_Vol_20,KS|PSI,1.0,3.0664164892902894,1.8428753901423984,0.2385691573926868,1.8351473645591292,0.85953712280429,4.297685614021449,0.03781870710280999,0.007563741420561998,1
2019-09-19,Ret_Vol_20,KS|PSI,1.0,3.1995885758110427,1.9376071349783526,0.2485691573926868,1.9120704414822063,0.8974213420279759,4.487106710139879,0.22317486864658825,0.04463497372931765,1
2019-09-20,Ret_Vol_20,KS|PSI,1.0,3.3563473848187626,2.031844496667974,0.25856915739268677,1.9889935184052827,0.9447402502464486,4.723701251232242,0.2254508222089559,0.04509016444179118,1
2019-09-23,Ret_Vol_20,KS|PSI,1.0,3.4944967592026415,2.1164601095320763,0.25856915739268677,1.9889935184052827,1.8042639942849876,9.021319971424937,0.2470256751311472,0.04940513502622944,0
2019-09-24,Ret_Vol_20,KS|PSI,1.0,3.5176715176715176,2.1106029106029105,0.2645945945945946,2.0353430353430353,1.8280812048224264,9.140406024112131,0.0,0.0,1
2019-09-25,Ret_Vol_20,KS|PSI,1.0,3.5176715176715176,2.1271936106337295,0.2645945945945946,2.0353430353430353,1.8621276299237635,9.310638149618816,0.20738375038523893,0.041476750077047785,1
2019-09-26,Ret_Vol_20,KS|PSI,1.0,3.5176715176715176,2.1274610912548493,0.2645945945945946,2.0353430353430353,2.778293897776424,13.89146948888212,0.21072725814923465,0.04214545162984693,1
2019-09-27,Ret_Vol_20,KS|PSI,1.0,3.5176715176715176,2.1195354234669828,0.2645945945945946,2.0353430353430353,2.759930485724538,13.79965242862269,0.11165641080090327,0.022331282160180654,1
2019-09-30,Ret_Vol_20,KS|PSI,1.0,3.5176715176715176,2.1296457758280427,0.2645945945945946,2.0353430353430353,2.759930485724538,13.79965242862269,0.23803581531415097,0.04760716306283019,0
2019-10-01,Ret_Vol_20,KS|PSI,1.0,3.5176715176715176,2.1106029106029105,0.2645945945945946,2.0353430353430353,2.745647703888284,13.728238519441419,0.0,0.0,1
2019-10-02,Ret_Vol_20,KS|PSI,1.0,3.5176715176715176,2.1127226118085307,0.2645945945945946,2.0353430353430353,2.7258563809662153,13.629281904831076,0.026496265070255154,0.005299253014051031,1
2019-10-03,Ret_Vol_20,KS|PSI,1.0,3.5176715176715176,2.1196861118066357,0.2645945945945946,2.0353430353430353,2.725631769574339,13.628158847871694,0.11354001504656286,0.022708003009312572,1
2019-10-04,Ret_Vol_20,KS|PSI,1.0,3.4792099792099793,2.0986071571678897,0.2545945945945946,1.9584199584199584,2.6877475503506525,13.438737751753262,0.1385146205237756,0.02770292410475512,1
2019-10-07,Ret_Vol_20,KS|PSI,1.0,3.440748440748441,2.0713811595703846,0.24459459459459465,1.8814968814968818,2.656428688077092,13.282143440385461,0.08665118901650326,0.017330237803300653,0
2019-10-08,Ret_Vol_20,KS|PSI,1.0,3.440748440748441,2.0644490644490645,0.24459459459459465,1.8814968814968818,2.6566532994689687,13.283266497344842,0.0,0.0,1
2019-10-09,Ret_Vol_20,KS|PSI,1.0,3.440748440748441,2.0795014054017327,0.24459459459459465,1.8814968814968818,2.6566532994689687,13.283266497344842,0.1881542619083545,0.037630852381670896,1
2019-10-10,Ret_Vol_20,KS|PSI,1.0,3.440748440748441,2.0798891664622143,0.24459459459459465,1.8814968814968818,2.6566532994689687,13.283266497344842,0.1930012751643727,0.03860025503287454,1
2019-10-11,Ret_Vol_20,KS|PSI,1.0,3.440748440748441,2.0801799872575755,0.24459459459459465,1.8814968814968818,2.6566532994689687,13.283266497344842,0.19663653510638623,0.03932730702127725,1
2019-10-14,Ret_Vol_20,KS|PSI,1.0,3.440748440748441,2.091439843787172,0.24459459459459465,1.8814968814968818,2.6566532994689687,13.283266497344842,0.3373847417263457,0.06747694834526914,0
2019-10-15,Ret_Vol_20,KS|PSI,1.0,3.4053442582854347,2.0432065549712606,0.23538950715421303,1.8106885165708695,2.6110518033533983,13.05525901676699,0.0,0.0,1
2019-10-16,Ret_Vol_20,KS|PSI,1.0,3.4053442582854347,2.0479507846675746,0.23538950715421303,1.8106885165708695,2.6059380436020145,13.029690218010073,0.059302871203923524,0.011860574240784705,1
2019-10-17,Ret_Vol_20,KS|PSI,1.0,3.4053442582854347,2.0554904019613467,0.23538950715421303,1.8106885165708695,2.602279180540609,13.011395902703043,0.15354808737607528,0.030709617475215056,1
2019-10-18,Ret_Vol_20,KS|PSI,1.0,3.4053442582854347,2.0550251648543685,0.23538950715421303,1.8106885165708695,2.600047641458467,13.000238207292334,0.14773262353884797,0.029546524707769594,1
2019-10-21,Ret_Vol_20,KS|PSI,1.0,3.4053442582854347,2.0555063211444318,0.23538950715421303,1.8106885165708695,2.599227234044113,12.996136170220565,0.15374707716463842,0.030749415432927685,0
2019-10-22,Ret_Vol_20,KS|PSI,1.0,3.4053442582854347,2.0432065549712606,0.23538950715421303,1.8106885165708695,2.599227234044113,12.996136170220565,0.0,0.0,1
2019-10-23,Ret_Vol_20,KS|PSI,1.0,3.4053442582854347,2.0531272276136345,0.23538950715421303,1.8106885165708695,2.600047641458467,13.000238207292334,0.12400840802967483,0.024801681605934968,1
2019-10-24,Ret_Vol_20,KS|PSI,1.0,3.4053442582854347,2.0617213261362677,0.23538950715421303,1.8106885165708695,2.600047641458467,13.000238207292334,0.2314346395625897,0.04628692791251794,1
2019-10-25,Ret_Vol_20,KS|PSI,1.0,3.4053442582854347,2.081437229417242,0.23538950715421303,1.8106885165708695,2.602279180540609,13.011395902703043,0.4778834305747677,0.09557668611495354,1
2019-10-28,Ret_Vol_20,KS|PSI,1.0,3.4053442582854347,2.0768174352905735,0.23538950715421303,1.8106885165708695,2.6059380436020145,13.029690218010073,0.42013600399140993,0.08402720079828199,0
2019-10-29,Ret_Vol_20,KS|PSI,1.0,3.4053442582854347,2.0432065549712606,0.23538950715421303,1.8106885165708695,2.6059380436020145,13.029690218010073,0.0,0.0,1
2019-10-30,Ret_Vol_20,KS|PSI,1.0,3.369573193102605,2.0656884074082873,0.22608903020667726,1.7391463862052097,2.5863108912776354,12.931554456388175,0.5493061443340548,0.10986122886681096,1
2019-10-31,Ret_Vol_20,KS|PSI,1.0,3.369573193102605,2.0453016308925065,0.22608903020667726,1.7391463862052097,2.5711181632645905,12.855590816322952,0.29447143788679575,0.05889428757735915,1
2019-11-01,Ret_Vol_20,KS|PSI,1.0,3.369573193102605,2.0523651541471146,0.22608903020667726,1.7391463862052097,2.5469666954877175,12.734833477438587,0.38276547856939847,0.07655309571387969,1
2019-11-04,Ret_Vol_20,KS|PSI,1.0,3.369573193102605,2.077692520006561,0.22608903020667726,1.7391463862052097,2.526936836393785,12.634684181968924,0.6993575518124734,0.13987151036249468,0
2019-11-05,Ret_Vol_20,KS|PSI,1.0,3.369573193102605,2.021743915861563,0.22608903020667726,1.7391463862052097,2.555956453778779,12.779782268893895,0.0,0.0,1
2019-11-06,Ret_Vol_20,KS|PSI,1.0,3.3604011251070074,2.017716857341622,0.22370429252782192,1.7208022502140148,2.555839792737586,12.779198963687929,0.018452278467725458,0.0036904556935450916,1
2019-11-07,Ret_Vol_20,KS|PSI,1.0,3.321939586645469,1.999651032771439,0.21370429252782194,1.643879173290938,2.5570869297304077,12.785434648652037,0.0810910098019707,0.01621820196039414,1
2019-11-08,Ret_Vol_20,KS|PSI,1.0,3.2834780481839303,1.977802092973648,0.20370429252782193,1.566956096367861,1.5999141041247509,7.999570520623754,0.0964408007911226,0.019288160158224522,1
2019-11-11,Ret_Vol_20,KS|PSI,1.0,3.245016509722392,1.9520829416981198,0.19370429252782193,1.490033019444784,1.5104682992396778,7.552341496198389,0.0634129483085577,0.01268258966171154,0
2019-11-12,Ret_Vol_20,KS|PSI,1.0,2.3952657039079495,1.4371594223447697,0.1952941176470588,1.5022624434389138,0.657653792875397,3.288268964376985,0.0,0.0,1
2019-11-13,Ret_Vol_20,KS|PSI,1.0,2.139256302712926,1.2855376592733305,0.18529411764705883,1.4253393665158371,0.570634647782003,2.853173238910015,0.024798470569686093,0.004959694113937219,1
2019-11-14,Ret_Vol_20,KS|PSI,1.0,1.970327030300048,1.1860389571357743,0.17529411764705882,1.34841628959276,0.5184475542014673,2.592237771007336,0.048034236946821074,0.009606847389364214,1
2019-11-15,Ret_Vol_20,KS|PSI,1.0,1.8419256235961945,1.1145873934470998,0.1652941176470588,1.2714932126696832,0.48247160690454116,2.412358034522706,0.11790024111728903,0.023580048223457807,1
2019-11-18,Ret_Vol_20,KS|PSI,1.0,1.7389309096038756,1.0696325869611483,0.1552941176470588,1.194570135746606,0.45665833669222905,2.283291683461145,0.3284255149852864,0.06568510299705728,0
2019-11-19,Ret_Vol_20,KS|PSI,1.0,1.5083988918545492,0.9050393351127295,0.14926868044515104,1.1482206188088542,0.3737154329800489,1.8685771649002443,0.0,0.0,1
2019-11-20,Mom_Sum_20,KS|PSI,1.0,1.4747691769103564,0.8860099103815111,0.1957074721780604,1.5054420936773876,0.28881925202866504,1.4440962601433251,0.014355052941215751,0.00287101058824315,1
2019-11-21,Ret_Vol_20,KS|PSI,1.0,1.4747344012108123,0.9167443853640433,0.14023847376788556,1.0787574905221966,0.37414226237988557,1.8707113118994279,0.39879680796944894,0.07975936159388979,1
2019-11-22,Ret_Vol_20,KS|PSI,1.0,1.425411864572103,0.9127440578035193,0.14023847376788556,1.0787574905221966,0.3544132477244019,1.7720662386220094,0.7187117382532189,0.14374234765064378,1
2019-11-25,Mom_Sum_20,KS|PSI,1.0,1.3869646105667772,0.9181995017249832,0.18570747217806038,1.4285190167543107,0.26908204087584875,1.3454102043792437,1.0752591923114616,0.2150518384622923,0
2019-11-26,Mom_Sum_20,KS|PSI,1.0,1.510383345065405,0.906230007039243,0.18650238473767888,1.434633728751376,0.3172265922758868,1.586132961379434,0.0,0.0,1
2019-11-27,Mom_Sum_20,KS|PSI,1.0,1.510383345065405,0.9125925948244304,0.18650238473767888,1.434633728751376,0.3172265922758868,1.586132961379434,0.07953234731484371,0.015906469462968743,1
2019-11-29,Mom_Sum_20,KS|PSI,1.0,1.510383345065405,0.9234635315706928,0.18650238473767888,1.434633728751376,0.3172265922758868,1.586132961379434,0.21541905664312422,0.04308381132862484,1
2019-12-02,Mom_Sum_20,KS|PSI,1.0,1.408948631827513,0.8667275480173968,0.17650238473767887,1.357710651828299,0.2920373223653454,1.460186611826727,0.26697961151111327,0.053395922302222655,0
2019-12-03,Mom_Sum_20,KS|PSI,1.0,1.3336468638467016,0.800188118308021,0.17570747217806038,1.3515959398312336,0.2631395575724339,1.3156977878621694,0.0,0.0,1
2019-12-04,Mom_Sum_20,KS|PSI,1.0,1.264463921100519,0.7649283253196787,0.16570747217806037,1.2746728629081565,0.25085099585857634,1.2542549792928817,0.0781246582420898,0.015624931648417962,1
2019-12-05,Mom_Sum_20,KS|PSI,1.0,1.2083980312882634,0.7377532311325067,0.15570747217806036,1.1977497859850796,0.24380925531828945,1.2190462765914472,0.15893015449435743,0.031786030898871484,1
2019-12-06,Mom_Sum_20,KS|PSI,1.0,1.1260981092884568,0.696048930165582,0.14570747217806035,1.1208267090620025,0.22627390190298222,1.131369509514911,0.2548758074063491,0.050975161481269814,1
2019-12-09,Mom_Sum_20,KS|PSI,1.0,1.1256648370113442,0.6895680754531542,0.14570747217806035,1.1208267090620025,0.2261005929921372,1.130502964960686,0.17711466557934608,0.035422933115869214,0
2019-12-10,Mom_Sum_20,KS|PSI,1.0,1.128722193009877,0.6772333158059262,0.14650238473767885,1.126941421059068,0.2261005929921372,1.130502964960686,0.0,0.0,1
2019-12-11,Mom_Sum_20,KS|PSI,1.0,1.1769352059367382,0.7114629898005221,0.14650238473767885,1.126941421059068,0.24538579816288164,1.226928990814408,0.06627332798099161,0.013254665596198322,1
2019-12-12,Mom_Sum_20,KS|PSI,1.0,1.1769352059367382,0.7131260302362407,0.14650238473767885,1.126941421059068,0.24538579816288164,1.226928990814408,0.08706133342747258,0.017412266685494514,1
2019-12-13,Mom_Sum_20,KS|PSI,1.0,1.1944620262286172,0.7257404808376743,0.14650238473767885,1.126941421059068,0.25239652627963327,1.2619826313981664,0.11329081375630068,0.022658162751260136,1
2019-12-16,Mom_Sum_20,KS|PSI,1.0,1.1162169018437906,0.676281505467535,0.13898251192368838,1.0690962455668336,0.23266751162414956,1.1633375581207477,0.08189205451575765,0.01637841090315153,0
2019-12-17,Mom_Sum_20,PSI,0.5,1.061159072515243,0.6366954435091459,0.12739268680445148,0.9799437446496267,0.22847488007617195,1.1423744003808596,0.0,0.0,1
2019-12-18,Mom_Sum_20,PSI,0.5,1.0264058200230441,0.639605743130455,0.12739268680445148,0.9799437446496267,0.2145735790792923,1.0728678953964614,0.2970281389578571,0.05940562779157142,1
2019-12-19,Mom_Sum_20,PSI,0.5,1.067461746940837,0.6800808000255497,0.12739268680445148,0.9799437446496267,0.23099594984640942,1.154979749232047,0.4950468982630952,0.09900937965261905,1
2019-12-20,Mom_Sum_20,KS|PSI,1.0,1.1423311784706685,0.7248086105009945,0.1373926868044515,1.0568668215727037,0.24555910707372663,1.2277955353686332,0.49262379273241863,0.09852475854648372,1
2019-12-23,Mom_Sum_20,KS|PSI,1.0,1.2667406432129718,0.8084032890511343,0.1473926868044515,1.1337898984957808,0.27993827758603257,1.3996913879301627,0.6044862890418914,0.12089725780837828,0
2019-12-24,Mom_Sum_20,KS|PSI,1.0,1.2008120976743286,0.7204872586045972,0.15341812400635935,1.1801394154335334,0.2442969559830248,1.221484779915124,0.0,0.0,1
2019-12-26,Mom_Sum_20,KS|PSI,1.0,1.2519678301393944,0.7646905754457651,0.16341812400635936,1.2570624923566103,0.24937463358443573,1.2468731679221785,0.16887346702660677,0.033774693405321354,1
2019-12-27,Mom_Sum_20,KS|PSI,1.0,1.3123100561535872,0.8105776104622024,0.17341812400635936,1.3339855692796874,0.25812690860549736,1.2906345430274868,0.2898947096256269,0.057978941925125385,1
2019-12-30,Mom_Sum_20,KS|PSI,1.0,1.3442925299323072,0.8399737458971671,0.18341812400635937,1.4109086462027645,0.25553528273237003,1.2776764136618501,0.4174778492222846,0.08349556984445691,0
2019-12-31,Mom_Sum_20,KS|PSI,1.0,1.40154687954564,0.840928127727384,0.19023847376788555,1.4633728751375812,0.2679441767907398,1.339720883953699,0.0,0.0,1
2020-01-02,Mom_Sum_20,KS|PSI,1.0,1.4280258040895077,0.8585075776413322,0.20023847376788556,1.540295952060658,0.2631511312236715,1.3157556561183574,0.021151189845344698,0.004230237969068939,1
2020-01-03,Mom_Sum_20,KS|PSI,1.0,1.4931366554533667,0.9121055880930476,0.21023847376788557,1.6172190289837352,0.2738108563845997,1.3690542819229983,0.2027949352628452,0.04055898705256904,1
2020-01-06,Mom_Sum_20,KS|PSI,1.0,1.6052499305157255,0.9723011860495859,0.22023847376788558,1.694142105906812,0.3032715510249278,1.516357755124639,0.11439034675188275,0.02287806935037655,0
2020-01-07,Mom_Sum_20,KS|PSI,1.0,1.6042925103252297,0.9625755061951378,0.2270588235294118,1.7466063348416292,0.2923957371617661,1.4619786858088304,0.0,0.0,1
2020-01-08,Mom_Sum_20,KS|PSI,1.0,1.728701975067533,1.041098862848209,0.23705882352941182,1.8235294117647063,0.32677490767407197,1.6338745383703597,0.048470972596115325,0.009694194519223065,1
2020-01-09,Mom_Sum_20,KS|PSI,1.0,1.846086770626335,1.1246755460066766,0.24705882352941178,1.9004524886877827,0.3583442105129775,1.7917210525648875,0.21279354538594564,0.04255870907718913,1
2020-01-10,Mom_Sum_20,KS|PSI,1.0,1.9193821776431252,1.1722781688830515,0.2570588235294118,1.9773755656108598,0.3722777579350781,1.8613887896753905,0.25811077871470467,0.051622155742940934,1
2020-01-13,Mom_Sum_20,KS|PSI,1.0,1.9990995702341263,1.2264692095319905,0.2670588235294118,2.054298642533937,0.3887800995868632,1.943900497934316,0.3376183423939326,0.06752366847878652,0
2020-01-14,Mom_Sum_20,KS|PSI,1.0,2.0008375589129708,1.2005025353477825,0.27308426073131953,2.100648159471689,0.38020539167085055,1.9010269583542527,0.0,0.0,1
2020-01-15,Mom_Sum_20,KS|PSI,1.0,2.074737368127578,1.2482875870257444,0.28308426073131954,2.1775712363947655,0.3943806999720781,1.9719034998603904,0.04306457686496934,0.008612915372993867,1
2020-01-16,Mom_Sum_20,KS|PSI,1.0,2.178774395979638,1.3333764270736705,0.29308426073131955,2.2544943133178426,0.4206108957282867,2.1030544786414334,0.3263973685735958,0.06527947371471916,1
2020-01-17,Mom_Sum_20,KS|PSI,1.0,2.3377571849626633,1.4281573165578367,0.3030842607313195,2.331417390240919,0.4688193959368815,2.3440969796844073,0.3187875697529855,0.0637575139505971,1
2020-01-21,Mom_Sum_20,KS|PSI,1.0,2.6135065148952865,1.5898741214678345,0.3130842607313195,2.4083404671639963,0.5637345125253153,2.8186725626265763,0.2721276566332841,0.05442553132665682,0
2020-01-22,Mom_Sum_20,KS|PSI,1.0,3.7273449920508743,2.2364069952305243,0.31910969793322735,2.4546899841017487,1.4883125864235476,7.441562932117738,0.0,0.0,1
2020-01-23,Mom_Sum_20,KS|PSI,1.0,3.765806530512413,2.292780288223186,0.32910969793322736,2.5316130610248258,1.5133012272606778,7.5665061363033885,0.4162046239467263,0.08324092478934526,1
2020-01-24,Mom_Sum_20,KS|PSI,1.0,3.8042680689739514,2.3146219027221293,0.33910969793322737,2.608536137947903,1.5258868553388956,7.629434276694478,0.40076326672198015,0.08015265334439603,1
2020-01-27,Mom_Sum_20,KS|PSI,1.0,3.8042680689739514,2.3038776558617364,0.33910969793322737,2.608536137947903,1.5258868553388956,7.629434276694478,0.2664601809670688,0.05329203619341376,0
2020-01-28,Mom_Sum_20,KS|PSI,1.0,3.7920386449798213,2.2752231869878927,0.3359300476947536,2.584077289959643,1.550905187504685,7.754525937523425,0.0,0.0,1
2020-01-29,Mom_Sum_20,KS|PSI,1.0,3.776262688027394,2.270086156202046,0.33182829888712245,2.552525376054788,1.5470064876852234,7.735032438426117,0.05410679232011639,0.010821358464023278,1
2020-01-30,Mom_Sum_20,KS|PSI,1.0,3.7378011495658554,2.2550925466435667,0.32182829888712244,2.475602299131711,1.5314715249700324,7.657357624850161,0.15514821130066936,0.031029642260133872,1
2020-01-31,Mom_Sum_20,KS|PSI,1.0,3.7378011495658554,2.2645567524029926,0.32182829888712244,2.475602299131711,1.5242749693756883,7.6213748468784415,0.27345078329349304,0.054690156658698606,1
2020-02-03,Mom_Sum_20,KS|PSI,1.0,3.7067384126207656,2.240939122592197,0.3137519872813991,2.4134768252415313,1.4941435502541454,7.470717751270726,0.21120093774671966,0.04224018754934393,0
2020-02-04,Mom_Sum_20,KS|PSI,1.0,3.6682768741592273,2.2009661244955363,0.30375198728139907,2.336553748318454,1.455930546514159,7.279652732570795,0.0,0.0,1
2020-02-05,Mom_Sum_20,KS|PSI,1.0,3.6682768741592273,2.2065566021905427,0.30375198728139907,2.336553748318454,1.455930546514159,7.279652732570795,0.0698809711875793,0.01397619423751586,1
2020-02-06,Mom_Sum_20,KS|PSI,1.0,3.6682768741592273,2.2078312696267637,0.30375198728139907,2.336553748318454,1.4625967746761428,7.3129838733807135,0.08581431414034191,0.017162862828068382,1
2020-02-07,Mom_Sum_20,KS|PSI,1.0,3.629815335697689,2.1881120276092805,0.29375198728139906,2.2596306713953775,1.4610034460033028,7.305017230016514,0.12778532738333737,0.025557065476667473,1
2020-02-10,Mom_Sum_20,KS|PSI,1.0,3.629815335697689,2.1875860288073055,0.29375198728139906,2.2596306713953775,1.4571111735512252,7.285555867756126,0.12121034235864947,0.024242068471729893,0
2020-02-11,Mom_Sum_20,KS|PSI,1.0,3.5778402837226366,2.146704170233582,0.2802384737678856,2.1556805674452737,1.4158310337698305,7.0791551688491525,0.0,0.0,1
2020-02-12,Mom_Sum_20,KS|PSI,1.0,3.5778402837226366,2.1469664662554284,0.2802384737678856,2.1556805674452737,1.4116948580221795,7.058474290110897,0.0032787002730795267,0.0006557400546159054,1
2020-02-13,Mom_Sum_20,KS|PSI,1.0,3.5778402837226366,2.15524958808539,0.2802384737678856,2.1556805674452737,1.4116948580221795,7.058474290110897,0.10681772314759952,0.021363544629519903,1
2020-02-14,Mom_Sum_20,KS|PSI,1.0,3.5743548978843096,2.15647217784382,0.2793322734499205,2.148709795768619,1.4116948580221795,7.058474290110897,0.14824048891542918,0.029648097783085837,1
2020-02-18,Mom_Sum_20,KS|PSI,1.0,3.5743548978843096,2.1669118386915223,0.2793322734499205,2.148709795768619,1.4135912199805467,7.067956099902733,0.2787362495117088,0.055747249902341756,0
2020-02-19,Mom_Sum_20,KS|PSI,1.0,3.5743548978843096,2.1446129387305857,0.2793322734499205,2.148709795768619,1.4178762438610881,7.08938121930544,0.0,0.0,1
2020-02-20,Mom_Sum_20,KS|PSI,1.0,3.5743548978843096,2.1453947225735046,0.2793322734499205,2.148709795768619,1.4056842433432977,7.028421216716488,0.00977229803648516,0.001954459607297032,1
2020-02-21,Mom_Sum_20,KS|PSI,1.0,3.5358933594227713,2.1268255562271063,0.2693322734499205,2.071786718845542,1.3817856662891317,6.908928331445658,0.06611925716804634,0.013223851433609268,1
2020-02-24,Mom_Sum_20,KS|PSI,1.0,3.522991317108964,2.1328788447888067,0.26597774244833067,2.045982634217928,1.3693488863438044,6.846744431719022,0.23855068154285153,0.04771013630857031,0
2020-02-25,Ret_Vol_20,KS|PSI,1.0,3.4215482450776564,2.0529289470465937,0.23960254372019074,1.8430964901553133,1.694188113578714,8.47094056789357,0.0,0.0,1
2020-02-26,Ret_Vol_20,KS|PSI,1.0,3.3832701479760305,2.036291048994214,0.22965023847376792,1.7665402959520609,1.6601416884773765,8.300708442386883,0.07911200260744711,0.01582240052148942,1
2020-02-27,Ret_Vol_20,KS|PSI,1.0,2.6669880958110257,1.6103057479335197,0.22965023847376792,1.7665402959520609,0.7134871791339981,3.5674358956699903,0.1264111305863045,0.025282226117260897,1
2020-02-28,Ret_Vol_20,KS|PSI,1.0,2.4933366384249624,1.5233170655117725,0.22965023847376792,1.7665402959520609,0.6440265961795728,3.220132980897864,0.34143853070994024,0.06828770614198805,1
2020-03-02,Ret_Vol_20,KS|PSI,1.0,2.3559922741188646,1.4344458134507845,0.22965023847376792,1.7665402959520609,0.5890888504571338,2.9454442522856685,0.26063061224332396,0.05212612244866479,0
2020-03-03,Ret_Vol_20,KS|PSI,1.0,2.225571010496679,1.3353426062980074,0.22990468625893573,1.768497586607198,0.5365288868772321,2.68264443438616,0.0,0.0,1
2020-03-04,Ret_Vol_20,KS|PSI,1.0,2.1291460124826456,1.281864961131406,0.22990468625893573,1.768497586607198,0.4979588876716188,2.4897944383580937,0.05471692052273103,0.010943384104546205,1
2020-03-05,Ret_Vol_20,KS|PSI,1.0,2.0578561738574166,1.2465510434956304,0.22990468625893573,1.768497586607198,0.4694429522215271,2.3472147611076353,0.14796673976475638,0.029593347952951276,1
2020-03-06,Mom_Sum_20,KS|PSI,1.0,2.02470178744204,1.2383286248232364,0.26108816521048456,2.008370501619112,0.40820661465299357,2.0410330732649675,0.29384440447515503,0.058768880895031,1
2020-03-09,Mom_Sum_20,KS|PSI,1.0,2.0451432256029687,1.2539252579273292,0.26108816521048456,2.008370501619112,0.41638318991736506,2.081915949586825,0.33549153206935,0.06709830641387,0
2020-03-10,Mom_Sum_20,KS|PSI,1.0,2.1544299455801674,1.2926579673481005,0.26426528991262904,2.0328099224048386,0.4552099937510993,2.2760499687554963,0.0,0.0,1
2020-03-11,Mom_Sum_20,KS|PSI,1.0,2.2634562852024307,1.3629778640051515,0.26426528991262904,2.0328099224048386,0.49882052960000456,2.494102648000023,0.06130116104616623,0.012260232209233246,1
2020-03-12,Mom_Sum_20,KS|PSI,1.0,2.462540277748682,1.486085535286249,0.26426528991262904,2.0328099224048386,0.5784541266185051,2.8922706330925254,0.1070171079629969,0.02140342159259938,1
2020-03-13,Mom_Sum_20,KS|PSI,1.0,2.50522534504531,1.517126548636854,0.26426528991262904,2.0328099224048386,0.5955281535371563,2.9776407676857812,0.1748917701208499,0.034978354024169975,1
2020-03-16,Mom_Sum_20,KS|PSI,1.0,2.56697336010947,1.5494335744575785,0.26426528991262904,2.0328099224048386,0.6202273595628205,3.1011367978141022,0.11561947989870369,0.02312389597974074,0
2020-03-17,Mom_Sum_20,KS|PSI,1.0,2.63211943084574,1.5792716585074438,0.26426528991262904,2.0328099224048386,0.6462857878573282,3.2314289392866407,0.0,0.0,1
2020-03-18,Mom_Sum_20,KS|PSI,1.0,2.7227866054408594,1.6359324516750493,0.26426528991262904,2.0328099224048386,0.682552657695376,3.4127632884768797,0.028256105131671316,0.0056512210263342634,1
2020-03-19,Mom_Sum_20,KS|PSI,1.0,2.8541914095088687,1.7143328203955859,0.26426528991262904,2.0328099224048386,0.7351145793225797,3.6755728966128984,0.022724683628309372,0.004544936725661875,1
2020-03-20,Mom_Sum_20,KS|PSI,1.0,3.073190059416043,1.8769318507992663,0.26426528991262904,2.0328099224048386,0.8227140392854494,4.113570196427247,0.41272268937050693,0.08254453787410139,1
2020-03-23,Mom_Sum_20,KS|PSI,1.0,3.057363435182891,1.8587257904894818,0.25426528991262903,1.9558868454817617,0.8317680049768041,4.158840024884021,0.3038466172468417,0.06076932344936834,0
2020-03-24,Mom_Sum_20,KS|PSI,1.0,3.0487124520271047,1.8292274712162628,0.24426528991262902,1.8789637685586846,0.843692227099105,4.218461135495525,0.0,0.0,1
2020-03-25,Mom_Sum_20,KS|PSI,1.0,3.0008236909892316,1.8037329770948856,0.23426528991262902,1.8020406916356078,0.839921338068571,4.199606690342855,0.0404845312668336,0.008096906253366721,1
2020-03-26,Mom_Sum_20,KS|PSI,1.0,2.996456304457916,1.8463894816207775,0.22426528991262906,1.7251176147125311,0.8535589988406602,4.2677949942033,0.6064462368253491,0.12128924736506982,1
2020-03-27,Mom_Sum_20,KS|PSI,1.0,2.9997596104788897,1.867207854043699,0.21426528991262905,1.6481945377894542,0.8702649366336652,4.351324683168325,0.8419010969545633,0.16838021939091266,1
2020-03-30,Mom_Sum_20,KS|PSI,1.0,2.9585481139557306,1.8694221445995984,0.20426528991262904,1.5712714608663771,0.8691649534090168,4.345824767045084,1.178665952827002,0.2357331905654004,0
2020-03-31,Ret_Vol_20,KS|PSI,1.0,3.063171709037436,1.8379030254224615,0.23149324861000797,1.7807172970000613,0.8691252242149622,4.345626121074811,0.0,0.0,1
2020-04-01,Ret_Vol_20,KS|PSI,1.0,3.0229513120381113,1.8376509200231486,0.22149324861000796,1.7037942200769842,0.8684216807998477,4.342108403999238,0.29850166000352146,0.05970033200070429,1
2020-04-02,Ret_Vol_20,KS|PSI,1.0,2.9856878020330875,1.8109169688553284,0.21149324861000796,1.6268711431539074,0.8689008921824537,4.344504460912268,0.24380359544344926,0.048760719088689855,1
2020-04-03,Mom_Sum_20,KS|PSI,1.0,3.0973262978108105,1.8882479211029055,0.20664019062748212,1.5895399279037086,0.9210225335435825,4.605112667717912,0.37315178020524065,0.07463035604104813,1
2020-04-06,Ret_Vol_20,KS|PSI,1.0,3.0560948730535005,1.857677057416741,0.21902303415409052,1.6847925704160809,0.8854794351381841,4.42739717569092,0.3002516698080091,0.06005033396160182,0
2020-04-07,Mom_Sum_20,KS|PSI,1.0,3.130597032040243,1.878358219224146,0.2126984126984127,1.636141636141636,0.92501048558777,4.62505242793885,0.0,0.0,1
2020-04-08,Mom_Sum_20,KS|PSI,1.0,3.130597032040243,1.89565071354992,0.2126984126984127,1.636141636141636,0.92501048558777,4.62505242793885,0.2161561790721761,0.04323123581443522,1
2020-04-09,Ret_Vol_20,KS|PSI,1.0,3.1850423305765263,1.9221993522847696,0.24507936507936512,1.8852258852258854,0.8969717551854334,4.484858775927167,0.13967442423567178,0.027934884847134356,1
2020-04-13,Ret_Vol_20,KS|PSI,1.0,3.2651500783409424,1.9766103732970186,0.25507936507936513,1.9621489621489625,0.9136302389065846,4.5681511945329225,0.21900407865566462,0.043800815731132925,0
2020-04-14,Ret_Vol_20,KS|PSI,1.0,3.336248696156094,2.001749217693656,0.26187450357426534,2.0144192582635796,0.9316156268097218,4.658078134048608,0.0,0.0,1
2020-04-15,Ret_Vol_20,KS|PSI,1.0,3.4293313319231196,2.062655356148098,0.27187450357426535,2.0913423351866562,0.9534640657319166,4.767320328659583,0.0632069624278293,0.012641392485565861,1
2020-04-16,Ret_Vol_20,KS|PSI,1.0,3.530445474147853,2.1245569838016225,0.28187450357426524,2.1682654121097324,0.9785251072371948,4.892625536185974,0.07862124141138394,0.01572424828227679,1
2020-04-17,Ret_Vol_20,KS|PSI,1.0,3.6225942445164048,2.1834888649134445,0.29187450357426525,2.2451884890328095,1.0074482671474292,5.0372413357371455,0.12415397754502422,0.024830795509004844,1
2020-04-20,Ret_Vol_20,KS|PSI,1.0,3.661055782977943,2.2103566562381762,0.30187450357426526,2.3221115659558866,1.041210979150108,5.20605489575054,0.17153983064262868,0.034307966128525734,0
2020-04-21,Ret_Vol_20,KS|PSI,1.0,3.684242683448402,2.2105456100690413,0.3079030976965845,2.368485366896804,1.0813959384400134,5.406979692200067,0.0,0.0,1
2020-04-22,Ret_Vol_20,KS|PSI,1.0,3.7227042219099404,2.2471607090589725,0.31790309769658454,2.445408443819881,1.1308593440137988,5.654296720068994,0.16922719891260207,0.033845439782520415,1
2020-04-23,Ret_Vol_20,KS|PSI,1.0,3.7611657603714788,2.270097735708479,0.32790309769658454,2.522331520742958,1.1957479059421179,5.978739529710589,0.1674784935698974,0.033495698713979484,1
2020-04-24,Ret_Vol_20,KS|PSI,1.0,3.7996272988330175,2.2963137697410563,0.33790309769658455,2.599254597666035,1.2947542869661623,6.4737714348308115,0.20671738051557564,0.04134347610311513,1
2020-04-27,Ret_Vol_20,KS|PSI,1.0,3.838088837294556,2.3188170470661587,0.34790309769658456,2.6761776745891117,2.2535559752200527,11.267779876100263,0.19954680861781615,0.03990936172356323,0
2020-04-28,Ret_Vol_20,KS|PSI,1.0,3.8612757377650153,2.316765442659009,0.35393169181890394,2.72255147553003,2.3282129370329563,11.64106468516478,0.0,0.0,1
2020-04-29,Ret_Vol_20,KS|PSI,1.0,3.8997372762265536,2.3502012443987064,0.36393169181890395,2.7994745524531073,2.3564772192609125,11.782386096304561,0.12948598328467475,0.02589719665693495,1
2020-04-30,Ret_Vol_20,KS|PSI,1.0,3.938198814688092,2.375855988967716,0.37393169181890396,2.8763976293761844,2.388525688264313,11.942628441321565,0.16170875193576362,0.03234175038715272,1
2020-05-01,Ret_Vol_20,KS|PSI,1.0,3.9766603531496303,2.3924888637403487,0.38393169181890396,2.953320706299261,2.425347362219108,12.126736811095538,0.08115814813213251,0.016231629626426502,1
2020-05-04,Ret_Vol_20,KS|PSI,1.0,4.015121891611169,2.417990338578543,0.39393169181890386,3.0302437832223372,2.435204207309296,12.17602103654648,0.11146504514802158,0.022293009029604315,0
2020-05-05,Ret_Vol_20,KS|PSI,1.0,4.038308792081628,2.4229852752489767,0.3999602859412231,3.076617584163255,2.420366746144195,12.101833730720974,0.0,0.0,1
2020-05-06,Ret_Vol_20,KS|PSI,1.0,4.076770330543166,2.460273212869272,0.40996028594122313,3.153540661086332,2.43220142620153,12.16100713100765,0.17763768179215456,0.03552753635843091,1
2020-05-07,Ret_Vol_20,KS|PSI,1.0,4.096902303415409,2.469531811162235,0.41519459888800636,3.193804606830818,2.4450924182260794,12.225462091130396,0.1423803639123694,0.028476072782473882,1
2020-05-08,Ret_Vol_20,KS|PSI,1.0,4.135363841876948,2.5116037640965576,0.42519459888800637,3.270727683753895,2.4832079656514563,12.416039828257281,0.37981823712986185,0.07596364742597236,1
2020-05-11,Ret_Vol_20,KS|PSI,1.0,4.167715525142054,2.5295787479416822,0.4336060365369341,3.3354310502841082,2.527662877189341,12.638314385946705,0.3618679107056285,0.0723735821411257,0
2020-05-12,Ret_Vol_20,KS|PSI,1.0,4.176177674589113,2.5057066047534673,0.4358061953931692,3.3523553491782248,2.5073927493752537,12.536963746876268,0.0,0.0,1
2020-05-13,Ret_Vol_20,KS|PSI,1.0,4.214639213050651,2.5492165527810298,0.44580619539316924,3.429278426101302,2.576483507110676,12.88241753555338,0.25541281188299536,0.05108256237659907,1
2020-05-14,Ret_Vol_20,KS|PSI,1.0,4.253100751512189,2.5850886025431277,0.4558061953931692,3.506201503024378,2.679822411306688,13.39911205653344,0.4153518954476821,0.08307037908953642,1
2020-05-15,Ret_Vol_20,KS|PSI,1.0,4.291562289973728,2.622564433094344,0.4658061953931692,3.583124579947455,2.6949740140024288,13.474870070012143,0.5953382388763495,0.1190676477752699,1
2020-05-18,Ret_Vol_20,KS|PSI,1.0,4.330023828435266,2.653683083689049,0.4758061953931692,3.6600476568705322,2.711276268205249,13.556381341026244,0.6958598328486199,0.13917196656972397,0
2020-05-19,Ret_Vol_20,KS|PSI,1.0,4.353210728905725,2.6119264373434348,0.48183478951548847,3.70642145781145,2.7288063831632194,13.644031915816097,0.0,0.0,1
2020-05-20,Ret_Vol_20,KS|PSI,1.0,4.391672267367263,2.6544951654745894,0.4918347895154885,3.7833445347345265,2.7476559483243674,13.738279741621836,0.24364756317789826,0.048729512635579654,1
2020-05-21,Ret_Vol_20,KS|PSI,1.0,4.430133805828802,2.6772017682533513,0.5018347895154884,3.860267611657603,2.767934737211491,13.839673686057454,0.23901855945088013,0.04780371189017603,1
2020-05-22,Ret_Vol_20,KS|PSI,1.0,4.46859534429034,2.7019661091430462,0.5118347895154884,3.93719068858068,2.789775944391713,13.948879721958564,0.26011128211053225,0.05202225642210645,1
2020-05-26,Ret_Vol_20,KS|PSI,1.0,4.507056882751879,2.7166222393968704,0.5218347895154885,4.014113765503757,2.813343571291361,14.066717856456805,0.1548513718217911,0.03097027436435822,0
2020-05-27,Ret_Vol_20,KS|PSI,1.0,4.530243783222337,2.7181462699334022,0.5278633836378078,4.060487566444675,2.8388431396033345,14.194215698016672,0.0,0.0,1
2020-05-28,Ret_Vol_20,KS|PSI,1.0,4.530243783222337,2.729143991800376,0.5278633836378078,4.060487566444675,2.814671806337828,14.07335903168914,0.1374715233371756,0.02749430466743512,1
2020-05-29,Ret_Vol_20,KS|PSI,1.0,4.530243783222337,2.742926612267301,0.5278633836378078,4.060487566444675,2.786410277645995,13.932051388229976,0.3097542791737342,0.06195085583474684,1
2020-06-01,Ret_Vol_20,KS|PSI,1.0,4.530243783222337,2.749525344617325,0.5278633836378078,4.060487566444675,2.7694910900438257,13.847455450219128,0.3922384335490371,0.07844768670980742,0
2020-06-02,Ret_Vol_20,KS|PSI,1.0,4.562595466487444,2.7375572798924663,0.5362748212867355,4.125190932974888,2.8254472348717865,14.127236174358933,0.0,0.0,1
2020-06-03,Ret_Vol_20,KS|PSI,1.0,4.562595466487444,2.7391901596732766,0.5362748212867355,4.125190932974888,2.855717561358567,14.278587806792835,0.020410997260127517,0.004082199452025504,1
2020-06-04,Ret_Vol_20,KS|PSI,1.0,4.562595466487444,2.745361955783381,0.5362748212867355,4.125190932974888,2.9245052215782463,14.62252610789123,0.09755844863642915,0.01951168972728583,1
2020-06-05,Ret_Vol_20,KS|PSI,1.0,4.562595466487444,2.7510438985599275,0.5362748212867355,4.125190932974888,2.9245052215782463,14.62252610789123,0.1685827333432669,0.03371654666865338,1
2020-06-08,Ret_Vol_20,KS|PSI,1.0,4.562595466487444,2.744916803550441,0.5362748212867355,4.125190932974888,2.9308316209545344,14.654158104772671,0.0919940457246885,0.0183988091449377,0
2020-06-09,Ret_Vol_20,KS|PSI,1.0,4.562595466487444,2.7375572798924663,0.5362748212867355,4.125190932974888,2.944008462745936,14.72004231372968,0.0,0.0,1
2020-06-10,Ret_Vol_20,KS|PSI,1.0,4.562595466487444,2.7389133419594938,0.5362748212867355,4.125190932974888,3.810255716401363,19.051278582006812,0.01695077583784066,0.003390155167568132,1
2020-06-11,Ret_Vol_20,KS|PSI,1.0,4.6010570049489825,2.7792280908424196,0.5462748212867355,4.202114009897966,3.8574103229739047,19.287051614869522,0.23242359841287863,0.046484719682575726,1
2020-06-12,Ret_Vol_20,KS|PSI,1.0,4.639518543410521,2.8205153842429644,0.5562748212867356,4.279037086821043,3.9137315099612477,19.568657549806236,0.46005322745814925,0.09201064549162985,1
2020-06-15,Ret_Vol_20,KS|PSI,1.0,4.677980081872059,2.8472071151822513,0.5662748212867355,4.355960163744118,3.985416067018334,19.927080335091667,0.5052383257377022,0.10104766514754045,0
2020-06-16,Ret_Vol_20,KS|PSI,1.0,4.6996089692674285,2.819765381560457,0.5718983320095314,4.399217938534857,4.064894279258688,20.32447139629344,0.0,0.0,1
2020-06-17,Ret_Vol_20,KS|PSI,1.0,4.738070507728967,2.856994028539934,0.5818983320095314,4.476141015457934,5.037024309724429,25.185121548622142,0.17689654878192168,0.035379309756384335,1
2020-06-18,Ret_Vol_20,KS|PSI,1.0,4.776532046190505,2.8814439699173735,0.5918983320095315,4.553064092381011,6.009326073276482,30.04663036638241,0.19405927753838448,0.03881185550767689,1
2020-06-19,Ret_Vol_20,KS|PSI,1.0,4.8149935846520435,2.896881530192742,0.6018983320095315,4.629987169304088,6.081525926177172,30.40762963088586,0.09856724251895566,0.019713448503791132,1
2020-06-22,Ret_Vol_20,KS|PSI,1.0,4.853455123113583,2.9258239269109474,0.6118983320095315,4.7069102462271655,6.15349016641875,30.767450832093747,0.17188566303497188,0.034377132606994376,0
2020-06-23,Ret_Vol_20,KS|PSI,1.0,4.876642023584041,2.9259852141504243,0.6179269261318506,4.753284047168082,6.214588457450327,31.072942287251635,0.0,0.0,1
2020-06-24,Ret_Vol_20,KS|PSI,1.0,4.915103562045579,2.9567377775397516,0.6279269261318506,4.830207124091158,7.1875495380163805,35.9377476900819,0.09594550390505263,0.019189100781010528,1
2020-06-25,Ret_Vol_20,KS|PSI,1.0,4.953565100507118,2.9908063118006893,0.6379269261318506,4.907130201014236,7.293791483367761,36.4689574168388,0.23334064370523244,0.04666812874104649,1
2020-06-26,Ret_Vol_20,KS|PSI,1.0,4.992026638968657,3.0089118389343383,0.6479269261318507,4.984053277937313,8.259671565685132,41.29835782842566,0.17119819441430506,0.03423963888286101,1
2020-06-29,Ret_Vol_20,KS|PSI,1.0,5.0,3.012879875139618,0.6579269261318507,5.060976354860389,8.284102410133896,41.42051205066947,0.1609984392452244,0.03219968784904488,0
2020-06-30,Ret_Vol_20,KS|PSI,1.0,5.0,3.0,0.6639555202541699,5.107350155801307,8.18992885535671,40.949644276783545,0.0,0.0,1
2020-07-01,Ret_Vol_20,KS|PSI,1.0,5.0,3.007235349680973,0.6739555202541699,5.184273232724384,8.217632307472147,41.08816153736073,0.09044187101216361,0.01808837420243272,1
2020-07-02,Ret_Vol_20,KS|PSI,1.0,5.0,3.0116738362430358,0.68395552025417,5.2611963096474605,8.247494536803814,41.23747268401907,0.145922953037948,0.0291845906075896,1
2020-07-06,Ret_Vol_20,KS|PSI,1.0,5.0,3.0360543596089817,0.69395552025417,5.338119386570538,8.279862462087156,41.399312310435775,0.4506794951122706,0.09013589902245413,0
2020-07-07,Ret_Vol_20,KS|PSI,1.0,5.0,3.0,0.7007783955520255,5.390603042707888,8.206500017294754,41.03250008647377,0.0,0.0,1
2020-07-08,Ret_Vol_20,KS|PSI,1.0,5.0,3.015254702261164,0.7107783955520255,5.467526119630965,8.244894021430865,41.22447010715432,0.19068377826455196,0.038136755652910394,1
2020-07-09,Ret_Vol_20,KS|PSI,1.0,5.0,3.00885286216929,0.7207783955520255,5.544449196554042,8.287933092553933,41.43966546276966,0.11066077711612032,0.022132155423224064,1
2020-07-10,Ret_Vol_20,KS|PSI,1.0,5.0,3.0217008103001968,0.7307783955520254,5.621372273477118,8.298525880779815,41.49262940389907,0.27126012875246097,0.05425202575049219,1
2020-07-13,Ret_Vol_20,KS|PSI,1.0,5.0,3.015097355770335,0.7407783955520254,5.698295350400195,8.321601399776622,41.608006998883106,0.18871694712918452,0.0377433894258369,0
2020-07-14,Ret_Vol_20,KS|PSI,1.0,5.0,3.0,0.7468069896743447,5.744669151341113,8.384749486478587,41.92374743239293,0.0,0.0,1
2020-07-15,Ret_Vol_20,KS|PSI,1.0,5.0,3.014546719177188,0.7504527402700556,5.772713386692735,8.457034183790032,42.28517091895016,0.18183398971485143,0.036366797942970285,1
2020-07-16,Ret_Vol_20,KS|PSI,1.0,5.0,3.0337511043036507,0.7604527402700556,5.849636463615812,9.398395497041426,46.99197748520712,0.4218888037956316,0.08437776075912631,1
2020-07-17,Ret_Vol_20,KS|PSI,1.0,5.0,3.037824242028701,0.7704527402700556,5.926559540538889,9.398395497041426,46.99197748520712,0.47280302535876423,0.09456060507175285,1
2020-07-20,Ret_Vol_20,KS|PSI,1.0,5.0,3.0366672084335766,0.7688641779189833,5.914339830146026,9.39052463733077,46.95262318665385,0.4583401054197091,0.09166802108394181,0
2020-07-21,Ret_Vol_20,KS|PSI,1.0,5.0,3.0,0.7648927720413026,5.883790554163865,9.39052463733077,46.95262318665385,0.0,0.0,1
2020-07-22,Ret_Vol_20,KS|PSI,1.0,5.0,3.0,0.7648927720413026,5.883790554163865,9.38588809354655,46.929440467732746,0.0,0.0,1
2020-07-23,Ret_Vol_20,KS|PSI,1.0,5.0,3.0096503038306044,0.7548927720413026,5.806867477240789,9.384356372577953,46.92178186288976,0.12062879788255554,0.024125759576511106,1
2020-07-24,Ret_Vol_20,KS|PSI,1.0,5.0,3.0223108612329144,0.7448927720413026,5.729944400317712,9.35977425614684,46.7988712807342,0.278885765411429,0.0557771530822858,1
2020-07-27,Ret_Vol_20,KS|PSI,1.0,5.0,3.0132326650839527,0.7348927720413025,5.6530213233946345,8.386345338135623,41.93172669067811,0.16540831354940994,0.033081662709881984,0
2020-07-28,Ret_Vol_20,KS|PSI,1.0,5.0,3.0,0.7325099285146942,5.6346917578053395,8.363431991792192,41.81715995896096,0.0,0.0,1
2020-07-29,Ret_Vol_20,KS|PSI,1.0,5.0,3.0061660271930903,0.7225099285146942,5.557768680882263,8.256559810986925,41.28279905493462,0.07707533991362914,0.015415067982725827,1
2020-07-30,Ret_Vol_20,KS|PSI,1.0,5.0,3.0059086078536503,0.7125099285146942,5.480845603959186,8.18386952280459,40.919347614022946,0.07385759817062731,0.014771519634125463,1
2020-07-31,Ret_Vol_20,KS|PSI,1.0,5.0,3.00797355982081,0.7025099285146943,5.4039225270361095,8.12652573657559,40.63262868287795,0.09966949776012501,0.019933899552025004,1
2020-08-03,Ret_Vol_20,KS|PSI,1.0,5.0,3.0087059920550985,0.6925099285146943,5.326999450113033,8.07833109460032,40.3916554730016,0.10882490068873296,0.02176498013774659,0
2020-08-04,Ret_Vol_20,KS|PSI,1.0,5.0,3.0,0.6825099285146943,5.250076373189955,7.113255723021975,35.56627861510987,0.0,0.0,1
2020-08-05,Ret_Vol_20,KS|PSI,1.0,5.0,3.0097178471444157,0.6725099285146943,5.173153296266879,7.007831448579235,35.039157242896174,0.12147308930519463,0.024294617861038925,1
2020-08-06,Ret_Vol_20,KS|PSI,1.0,5.0,3.0083573617554316,0.6625099285146943,5.096230219343802,6.9363739454964115,34.68186972748205,0.10446702194289392,0.020893404388578785,1
2020-08-07,Ret_Vol_20,KS|PSI,1.0,5.0,3.010893594309466,0.6525099285146942,5.0193071424207245,6.880183210176852,34.400916050884256,0.13616992886832358,0.027233985773664714,1
2020-08-10,Ret_Vol_20,KS|PSI,1.0,4.971192032748824,3.0077659163802677,0.6425099285146942,4.942384065497648,6.83310463728741,34.16552318643705,0.31313370913716443,0.06262674182743289,0
2020-08-11,Ret_Vol_20,KS|PSI,1.0,4.932730494287286,2.9596382965723715,0.6325099285146942,4.865460988574571,6.792049023936142,33.96024511968071,0.0,0.0,1
2020-08-12,Ret_Vol_20,KS|PSI,1.0,4.894268955825747,2.9490489128010324,0.6225099285146942,4.788537911651494,6.751402062285561,33.757010311427806,0.15609424131980176,0.031218848263960354,1
2020-08-13,Ret_Vol_20,KS|PSI,1.0,4.8558074173642085,2.941244492985853,0.6125099285146942,4.711614834728417,6.715414062632588,33.577070313162935,0.347000532091604,0.0694001064183208,1
2020-08-14,Ret_Vol_20,KS|PSI,1.0,4.817345878902669,2.9078020226162904,0.6025099285146942,4.6346917578053395,6.683097777273953,33.415488886369765,0.21743119093361185,0.04348623818672237,1
2020-08-17,Ret_Vol_20,KS|PSI,1.0,4.778884340441131,2.881814964978108,0.5925099285146942,4.557768680882263,6.653793044327183,33.268965221635916,0.18105450891786623,0.036210901783573245,0
2020-08-18,Ret_Vol_20,KS|PSI,1.0,4.740422801979593,2.8442536811877557,0.5825099285146942,4.480845603959186,6.627033573992681,33.135167869963404,0.0,0.0,1
2020-08-19,Ret_Vol_20,KS|PSI,1.0,4.701961263518054,2.82752435620126,0.5725099285146942,4.403922527036109,6.602476039132906,33.01238019566453,0.07934497613033875,0.01586899522606775,1
2020-08-20,Ret_Vol_20,KS|PSI,1.0,4.663499725056516,2.806028516195167,0.5625099285146942,4.326999450113032,5.632244153592942,28.161220767964707,0.09910851451571623,0.019821702903143244,1
2020-08-21,Ret_Vol_20,KS|PSI,1.0,4.625038186594978,2.8012772399190995,0.5525099285146943,4.250076373189955,5.528470274119627,27.642351370598135,0.3281790995264072,0.06563581990528145,1
2020-08-24,Mom_Sum_20,KS|PSI,1.0,4.646025539194721,2.83917472670827,0.5579666401906275,4.292051078389442,1.5753054521764787,7.876527260882393,0.644492539892971,0.1288985079785942,0
2020-08-25,Mom_Sum_20,KS|PSI,1.0,4.656992729272316,2.7941956375633894,0.5608181096108023,4.313985458544632,1.6158645666317968,8.079322833158983,0.0,0.0,1
2020-08-26,Mom_Sum_20,KS|PSI,1.0,4.695454267733854,2.819740303400526,0.5708181096108023,4.39090853546771,1.6849979919831264,8.424989959915631,0.030846784502669866,0.006169356900533973,1
2020-08-27,Mom_Sum_20,KS|PSI,1.0,4.733915806195393,2.8463686803126222,0.5808181096108023,4.467831612390786,1.7881416360025553,8.940708180012775,0.0752399574423368,0.01504799148846736,1
2020-08-28,Mom_Sum_20,KS|PSI,1.0,4.772377344656932,2.8955491768731787,0.5908181096108023,4.544754689313864,1.8429170895724527,9.214585447862262,0.4015346259877425,0.08030692519754849,1
2020-08-31,Mom_Sum_20,KS|PSI,1.0,4.81083888311847,2.941243482242786,0.6008181096108023,4.621677766236941,2.805960201400092,14.02980100700046,0.6842519046463,0.13685038092926,0
2020-09-01,Mom_Sum_20,KS|PSI,1.0,4.834025783588929,2.9004154701533573,0.6068467037331216,4.668051567177858,2.803547186566605,14.017735932833023,0.0,0.0,1
2020-09-02,Mom_Sum_20,KS|PSI,1.0,4.834025783588929,2.9006777661752037,0.6068467037331216,4.668051567177858,2.803547186566605,14.017735932833023,0.0032787002730795267,0.0006557400546159054,1
2020-09-03,Mom_Sum_20,KS|PSI,1.0,4.795564245127391,2.88065929224726,0.5968467037331215,4.591128490254781,2.7801423940177807,13.900711970088903,0.04150931463531626,0.008301862927063253,1
2020-09-04,Mom_Sum_20,KS|PSI,1.0,4.757102706665852,2.8683661797684925,0.5868467037331215,4.5142054133317036,2.6763685145444653,13.381842572722325,0.17630694711226857,0.035261389422453715,1
2020-09-08,Mom_Sum_20,KS|PSI,1.0,4.7186411682043135,2.84014917687461,0.5768467037331215,4.437282336408627,2.6371036806807173,13.185518403403586,0.11205594940027386,0.02241118988005477,0
2020-09-09,Mom_Sum_20,KS|PSI,1.0,4.7094763854096655,2.8256858312457993,0.5744638602065131,4.418952770819331,2.660791637817796,13.303958189088979,0.0,0.0,1
2020-09-10,Mom_Sum_20,KS|PSI,1.0,4.671014846948127,2.8074845008732376,0.5644638602065131,4.342029693896254,2.621971206569154,13.10985603284577,0.060944908804518416,0.012188981760903684,1
2020-09-11,Mom_Sum_20,KS|PSI,1.0,4.632553308486589,2.786036774149389,0.5544638602065131,4.265106616973177,2.5878742021382113,12.939371010691056,0.08130986321795008,0.016261972643590018,1
2020-09-14,Mom_Sum_20,KS|PSI,1.0,4.5940917700250505,2.7606923931278478,0.544463860206513,4.1881835400501,2.5434192906003266,12.717096453001632,0.052966638910218244,0.010593327782043648,0
2020-09-15,Mom_Sum_20,KS|PSI,1.0,4.555630231563512,2.7333781389381073,0.534463860206513,4.1112604631270235,2.513294575271325,12.566472876356624,0.0,0.0,1
2020-09-16,Mom_Sum_20,KS|PSI,1.0,4.517168693101973,2.7214293490010735,0.524463860206513,4.034337386203946,2.4754251456056333,12.377125728028165,0.13910166424861847,0.027820332849723694,1
2020-09-17,Mom_Sum_20,KS|PSI,1.0,4.478707154640435,2.700051419731885,0.514463860206513,3.9574143092808693,2.4486280502231272,12.243140251115635,0.16033908684529918,0.03206781736905984,1
2020-09-18,Mom_Sum_20,KS|PSI,1.0,4.440245616178896,2.678458322167143,0.504463860206513,3.8804912323577923,2.3469753524723767,11.734876762361882,0.1788869057475675,0.035777381149513496,1
2020-09-21,Mom_Sum_20,KS|PSI,1.0,4.401784077717358,2.6750616732386785,0.49446386020651306,3.8035681554347156,2.279611285033795,11.398056425168974,0.42489033260329623,0.08497806652065924,0
2020-09-22,Mom_Sum_20,KS|PSI,1.0,4.36332253925582,2.617993523553492,0.48446386020651305,3.726645078511639,2.255966452870402,11.27983226435201,0.0,0.0,1
2020-09-23,Mom_Sum_20,KS|PSI,1.0,4.324861000794281,2.6180397145075753,0.4744638602065131,3.6497220015885623,1.2962783436979586,6.4813917184897925,0.2890389253875791,0.057807785077515814,1
2020-09-24,Mom_Sum_20,KS|PSI,1.0,4.286399462332742,2.603737510231451,0.4644638602065131,3.572798924665485,1.1963595996124416,5.981797998062208,0.39872291039757696,0.07974458207951539,1
2020-09-25,Mom_Sum_20,KS|PSI,1.0,4.247937923871204,2.579842233293208,0.4544638602065131,3.495875847742408,1.1305312123968818,5.652656061984409,0.38849348713107607,0.07769869742621521,1
2020-09-28,Ret_Vol_20,KS|PSI,1.0,4.232510539500214,2.564070819195927,0.4504527402700556,3.4650210790004277,3.982448101930005,19.912240509650026,0.3070561936974831,0.061411238739496624,0
2020-09-29,Ret_Vol_20,KS|PSI,1.0,4.232510539500214,2.5395063237001283,0.4504527402700556,3.4650210790004277,3.973887825148696,19.86943912574348,0.0,0.0,1
2020-09-30,Ret_Vol_20,KS|PSI,1.0,4.232510539500214,2.5535207776514035,0.4504527402700556,3.4650210790004277,3.973887825148696,19.86943912574348,0.17518067439093998,0.035036134878188,1
2020-10-01,Ret_Vol_20,KS|PSI,1.0,4.232510539500214,2.5542707149979416,0.4504527402700556,3.4650210790004277,3.973887825148696,19.86943912574348,0.18455489122266555,0.03691097824453311,1
2020-10-02,Ret_Vol_20,KS|PSI,1.0,4.232510539500214,2.560838175521264,0.4504527402700556,3.4650210790004277,3.966433946957815,19.832169734789076,0.26664814776419665,0.05332962955283933,1
2020-10-05,Ret_Vol_20,KS|PSI,1.0,4.232510539500214,2.5538646087871086,0.4504527402700556,3.4650210790004277,3.9600517672249125,19.800258836124563,0.17947856358725423,0.035895712717450845,0
2020-10-06,Ret_Vol_20,KS|PSI,1.0,4.232510539500214,2.5395063237001283,0.4504527402700556,3.4650210790004277,3.9559926314187215,19.779963157093608,0.0,0.0,1
2020-10-07,Ret_Vol_20,KS|PSI,1.0,4.232510539500214,2.5591822282553474,0.4504527402700556,3.4650210790004277,3.9499919105106853,19.749959552553424,0.2459488069402359,0.04918976138804718,1
2020-10-08,Ret_Vol_20,KS|PSI,1.0,4.232510539500214,2.550305601908014,0.4504527402700556,3.4650210790004277,3.941263273831091,19.706316369155452,0.1349909775985677,0.026998195519713542,1
2020-10-09,Ret_Vol_20,KS|PSI,1.0,4.232510539500214,2.553521095370403,0.4504527402700556,3.4650210790004277,3.9338109521205435,19.669054760602716,0.1751846458784343,0.03503692917568686,1
2020-10-12,Ret_Vol_20,KS|PSI,1.0,4.232510539500214,2.565526238753768,0.4504527402700556,3.4650210790004277,3.9275904611796872,19.637952305898434,0.3252489381704958,0.06504978763409916,0
2020-10-13,Ret_Vol_20,KS|PSI,1.0,4.22029082910735,2.53217449746441,0.447275615567911,3.4405816582147,3.923931487388475,19.619657436942372,0.0,0.0,1
2020-10-14,Ret_Vol_20,KS|PSI,1.0,4.22029082910735,2.5369207992164626,0.447275615567911,3.4405816582147,3.9193721684131613,19.596860842065805,0.059328771900657995,0.011865754380131599,1
2020-10-15,Ret_Vol_20,KS|PSI,1.0,4.22029082910735,2.547314227996757,0.447275615567911,3.4405816582147,3.9160023816022624,19.58001190801131,0.1892466316543372,0.03784932633086744,1
2020-10-16,Ret_Vol_20,KS|PSI,1.0,4.211126046312702,2.545083105305058,0.44489277204130256,3.422252092625404,3.913803209283286,19.56901604641643,0.23009346896795568,0.04601869379359114,1
2020-10-19,Ret_Vol_20,KS|PSI,1.0,4.211126046312702,2.5376903852272,0.44489277204130256,3.422252092625404,3.9127623639745797,19.563811819872896,0.13768446799473177,0.027536893598946354,0
2020-10-20,Ret_Vol_20,KS|PSI,1.0,4.195851408321623,2.5175108449929735,0.44092136616362193,3.3917028166432455,3.913977336093949,19.569886680469743,0.0,0.0,1
2020-10-21,Ret_Vol_20,KS|PSI,1.0,4.175566689069469,2.505903403036951,0.435647339158062,3.3511333781389383,3.9164143619635907,19.582071809817954,0.007042369940869486,0.0014084739881738972,1
2020-10-22,Ret_Vol_20,KS|PSI,1.0,4.175566689069469,2.510231421281996,0.435647339158062,3.3511333781389383,3.9164143619635907,19.582071809817954,0.06114259800393029,0.012228519600786058,1
2020-10-23,Ret_Vol_20,KS|PSI,1.0,4.151127268283742,2.4984229016330715,0.4292930897537728,3.302254536567483,3.9164143619635907,19.582071809817954,0.09683175828533064,0.019366351657066128,1
2020-10-26,Ret_Vol_20,KS|PSI,1.0,4.151127268283742,2.508938520071695,0.4292930897537728,3.302254536567483,3.920087819974399,19.600439099871995,0.22827698876812585,0.04565539775362517,0
2020-10-27,Ret_Vol_20,KS|PSI,1.0,4.148072340685525,2.488843404411315,0.42849880857823663,3.296144681371051,3.920087819974399,19.600439099871995,0.0,0.0,1
2020-10-28,Ret_Vol_20,KS|PSI,1.0,4.148072340685525,2.4891726243767756,0.42849880857823663,3.296144681371051,3.920087819974399,19.600439099871995,0.004115249568257817,0.0008230499136515634,1
2020-10-29,Ret_Vol_20,KS|PSI,1.0,4.148072340685525,2.5070868986106563,0.42849880857823663,3.296144681371051,3.920087819974399,19.600439099871995,0.22804367749176646,0.045608735498353294,1
2020-10-30,Ret_Vol_20,KS|PSI,1.0,4.148072340685525,2.513012815708826,0.42849880857823663,3.296144681371051,3.920087819974399,19.600439099871995,0.3021176412188934,0.06042352824377868,1
2020-11-02,Ret_Vol_20,KS|PSI,1.0,4.148072340685525,2.5294221290221754,0.42849880857823663,3.296144681371051,3.9164143619635907,19.582071809817954,0.5072340576357586,0.10144681152715171,0
2020-11-03,Ret_Vol_20,KS|PSI,1.0,4.132797702694446,2.4796786216166673,0.424527402700556,3.265595405388892,3.91761906632721,19.58809533163605,0.0,0.0,1
2020-11-04,Ret_Vol_20,KS|PSI,1.0,4.132797702694446,2.4813115013974776,0.424527402700556,3.265595405388892,3.916445945931137,19.582229729655683,0.020410997260127406,0.004082199452025481,1
2020-11-05,Ret_Vol_20,KS|PSI,1.0,4.132797702694446,2.5210937137223453,0.424527402700556,3.265595405388892,3.9165603049244373,19.582801524622184,0.5176886513209743,0.10353773026419485,1
2020-11-06,Ret_Vol_20,KS|PSI,1.0,4.132797702694446,2.5085612421528163,0.424527402700556,3.265595405388892,3.917962283183928,19.589811415919637,0.3610327567018631,0.07220655134037261,1
2020-11-09,Ret_Vol_20,KS|PSI,1.0,4.132797702694446,2.5267237338254613,0.424527402700556,3.265595405388892,3.9206603176720063,19.60330158836003,0.5880639026099269,0.11761278052198539,0
2020-11-10,Ret_Vol_20,KS|PSI,1.0,4.1175230647033665,2.47051383882202,0.42055599682287526,3.2350461294067325,3.92467142279043,19.62335711395215,0.0,0.0,1
2020-11-11,Ret_Vol_20,KS|PSI,1.0,4.1175230647033665,2.4744003887601655,0.42055599682287526,3.2350461294067325,3.930021769619981,19.650108848099904,0.04858187422682392,0.009716374845364783,1
2020-11-12,Ret_Vol_20,KS|PSI,1.0,4.1175230647033665,2.4788451742043764,0.42055599682287526,3.2350461294067325,3.936747610701929,19.683738053509643,0.10414169227945957,0.020828338455891916,1
2020-11-13,Ret_Vol_20,KS|PSI,1.0,4.1175230647033665,2.484640843403021,0.42055599682287526,3.2350461294067325,3.9448966286713407,19.724483143356704,0.17658755726251696,0.03531751145250339,1
2020-11-16,Ret_Vol_20,KS|PSI,1.0,4.1175230647033665,2.480311695999013,0.42055599682287526,3.2350461294067325,3.9545298309913854,19.772649154956927,0.12247321471241757,0.024494642942483512,0
2020-11-17,Ret_Vol_20,KS|PSI,1.0,4.110252337019613,2.466151402211768,0.4186656076250993,3.2205046740392254,3.9371608561267912,19.685804280633956,0.0,0.0,1
2020-11-18,Ret_Vol_20,KS|PSI,1.0,4.110252337019613,2.4740894397607214,0.4186656076250993,3.2205046740392254,3.94914142018363,19.74570710091815,0.09922546936191912,0.019845093872383823,1
2020-11-19,Ret_Vol_20,KS|PSI,1.0,4.110252337019613,2.474934445649941,0.4186656076250993,3.2205046740392254,3.9629352904837014,19.814676452418507,0.10978804297716449,0.021957608595432897,1
2020-11-20,Ret_Vol_20,KS|PSI,1.0,4.110252337019613,2.4821501351022413,0.4186656076250993,3.2205046740392254,3.9786932485943938,19.893466242971968,0.19998416113091688,0.039996832226183374,1
2020-11-23,Ret_Vol_20,KS|PSI,1.0,4.110252337019613,2.498261530110622,0.4186656076250993,3.2205046740392254,3.996609017437731,19.983045087188653,0.4013765987356762,0.08027531974713524,0
2020-11-24,Ret_Vol_20,KS|PSI,1.0,4.110252337019613,2.466151402211768,0.4186656076250993,3.2205046740392254,4.016935293527017,20.084676467635084,0.0,0.0,1
2020-11-25,Ret_Vol_20,KS|PSI,1.0,4.110252337019613,2.4735954933971223,0.4186656076250993,3.2205046740392254,4.037487277023093,20.187436385115465,0.09305113981693036,0.018610227963386072,1
2020-11-27,Ret_Vol_20,KS|PSI,1.0,4.110252337019613,2.4759221881750335,0.4186656076250993,3.2205046740392254,4.061345098697326,20.306725493486628,0.12213482454081859,0.024426964908163717,1
2020-11-30,Ret_Vol_20,KS|PSI,1.0,4.110252337019613,2.4727233569971108,0.4186656076250993,3.2205046740392254,4.0650436265673475,20.325218132836735,0.08214943481678805,0.01642988696335761,0
2020-12-01,Ret_Vol_20,KS|PSI,1.0,4.110252337019613,2.466151402211768,0.4186656076250993,3.2205046740392254,4.044592293444244,20.222961467221218,0.0,0.0,1
2020-12-02,Ret_Vol_20,KS|PSI,1.0,4.110252337019613,2.475251944251181,0.4186656076250993,3.2205046740392254,4.031310739068049,20.156553695340243,0.11375677549266416,0.022751355098532832,1
2020-12-03,Ret_Vol_20,KS|PSI,1.0,4.110252337019613,2.4712799896038895,0.4186656076250993,3.2205046740392254,4.020093772028748,20.10046886014374,0.06410734240152294,0.012821468480304587,1
2020-12-04,Ret_Vol_20,KS|PSI,1.0,4.110252337019613,2.4714653321951974,0.4186656076250993,3.2205046740392254,4.009580425160338,20.047902125801688,0.0664241247928693,0.01328482495857386,1
2020-12-07,Ret_Vol_20,KS|PSI,1.0,4.110252337019613,2.4754965344260365,0.4186656076250993,3.2205046740392254,4.001016987880242,20.00508493940121,0.11681415267835693,0.023362830535671387,0
2020-12-08,Ret_Vol_20,KS|PSI,1.0,4.110252337019613,2.466151402211768,0.4186656076250993,3.2205046740392254,3.992939291136314,19.96469645568157,0.0,0.0,1
2020-12-09,Ret_Vol_20,KS|PSI,1.0,4.110252337019613,2.4821471647341165,0.4186656076250993,3.2205046740392254,3.9868845782123166,19.934422891061583,0.19994703152935445,0.03998940630587089,1
2020-12-10,Ret_Vol_20,KS|PSI,1.0,4.110252337019613,2.4902088643266453,0.4186656076250993,3.2205046740392254,3.982642843263995,19.91321421631997,0.3007182764359694,0.06014365528719388,1
2020-12-11,Ret_Vol_20,KS|PSI,1.0,4.110252337019613,2.496733229199993,0.4186656076250993,3.2205046740392254,3.9801658283057266,19.900829141528632,0.38227283735281337,0.07645456747056267,1
2020-12-14,Ret_Vol_20,KS|PSI,1.0,4.110252337019613,2.4853586348311456,0.4186656076250993,3.2205046740392254,3.97942570338122,19.897128516906097,0.240090407742222,0.048018081548444405,0
2020-12-15,Ret_Vol_20,KS|PSI,1.0,4.110252337019613,2.466151402211768,0.4186656076250993,3.2205046740392254,3.9804135361269153,19.902067680634577,0.0,0.0,1
2020-12-16,Ret_Vol_20,KS|PSI,1.0,4.110252337019613,2.4785853674811005,0.4186656076250993,3.2205046740392254,3.9831388087722135,19.915694043861066,0.15542456586665765,0.03108491317333153,1
2020-12-17,Ret_Vol_20,KS|PSI,1.0,4.071790798558074,2.4770653095811777,0.4086656076250993,3.1435815971161483,3.9572189247414364,19.786094623707182,0.4248853805791677,0.08497707611583354,1
2020-12-18,Ret_Vol_20,KS|PSI,1.0,4.033329260096536,2.455230036014879,0.3986656076250993,3.066658520193071,3.96541373494367,19.82706867471835,0.44040599946196957,0.08808119989239391,1
2020-12-21,Ret_Vol_20,KS|PSI,1.0,3.9948677216349973,2.4513133430113117,0.3886656076250993,2.9897354432699945,3.9484885012203113,19.742442506101554,0.6799088753789131,0.13598177507578263,0
2020-12-22,Ret_Vol_20,KS|PSI,1.0,4.0009775768314295,2.400586546098858,0.39025416997617157,3.001955153662858,3.9450144963815457,19.725072481907727,0.0,0.0,1
2020-12-23,Ret_Vol_20,KS|PSI,1.0,3.9625160383698903,2.382950093329248,0.38025416997617156,2.925032076739781,3.9343239443608717,19.67161972180436,0.06800587884142739,0.013601175768285479,1
2020-12-24,Ret_Vol_20,KS|PSI,1.0,3.924054499908352,2.360324609460347,0.37025416997617155,2.848108999816704,3.929137934665845,19.645689673329223,0.0736488689417012,0.014729773788340238,1
2020-12-28,Ret_Vol_20,KS|PSI,1.0,3.8855929614468137,2.341006988401045,0.36025416997617155,2.7711859228936273,3.91405509634602,19.5702754817301,0.12064014416196289,0.024128028832392578,0
2020-12-29,Ret_Vol_20,KS|PSI,1.0,3.859351133378139,2.315610680026883,0.35343129467831613,2.718702266756278,3.9237284697688035,19.618642348844016,0.0,0.0,1
