date,equity_market,equity_longonly_static,equity_longonly_adaptive,equity_longshort_static,equity_longshort_adaptive
2016-01-04,1.0020122259542275,1.000272200671761,1.000272200671761,1.000272200671761,1.000272200671761
2016-01-05,0.9888704381099355,0.9957317302100778,0.9957317302100778,0.9957317302100778,0.9957317302100778
2016-01-06,0.9654337706428746,0.9894020778787739,0.9894020778787739,0.9894020778787739,0.9894020778787739
2016-01-07,0.9549700379876868,0.9872925878416997,0.9872925878416997,0.9872925878416997,0.9872925878416997
2016-01-08,0.9557848873018214,0.9875182384269091,0.9875182384269091,0.9875182384269091,0.9875182384269091
2016-01-11,0.963242684202798,0.9905391562106446,0.9905391562106446,0.9905391562106446,0.9905391562106446
2016-01-12,0.9391948949129446,0.9869515917891472,0.9869515917891472,0.9869515917891472,0.9869515917891472
2016-01-13,0.9548756040180473,0.9946932742094521,0.9946932742094521,0.9946932742094521,0.9946932742094521
2016-01-14,0.9342511522672857,0.9853601244447671,0.9853601244447671,0.9853601244447671,0.9853601244447671
2016-01-15,0.9347480071672776,0.9855874156423472,0.9855874156423472,0.9855874156423472,0.9855874156423472
2016-01-19,0.9238171993674562,0.9796349483114445,0.9796349483114445,0.9796349483114445,0.9796349483114445
2016-01-20,0.9286168346837229,0.9800902390668835,0.9800902390668835,0.9800902390668835,0.9800902390668835
2016-01-21,0.9474526209247602,0.9892008905064961,0.9892008905064961,0.9892008905064961,0.9892008905064961
2016-01-22,0.932636373842312,0.9817691250628876,0.9817691250628876,0.9817691250628876,0.9817691250628876
2016-01-25,0.9458278956975895,0.9877636883066749,0.9877636883066749,0.9877636883066749,0.9877636883066749
2016-01-26,0.9355529096792149,0.9845469154340869,0.9845469154340869,0.9845469154340869,0.9845469154340869
2016-01-27,0.9407251861704756,0.9865396405144232,0.9865396405144232,0.9865396405144232,0.9865396405144232
2016-01-28,0.9640177463081441,0.9977332810178094,0.9977332810178094,0.9977332810178094,0.9977332810178094
2016-01-29,0.963590458372299,0.9975113536626588,0.9975113536626588,0.9975113536626588,0.9975113536626588
2016-02-01,0.9455297948878407,0.9936108460924656,0.9936108460924656,0.9936108460924656,0.9936108460924656
2016-02-02,0.9502499164377636,0.995201298748731,0.995201298748731,0.995201298748731,0.995201298748731
2016-02-03,0.9517006939289508,0.9954522799540826,0.9954522799540826,0.9954522799540826,0.9954522799540826
2016-02-04,0.9341120789902246,0.9902645643797175,0.9902645643797175,0.9902645643797175,0.9902645643797175
2016-02-05,0.9208907167283558,0.9856628521703897,0.9856628521703897,0.9856628521703897,0.9856628521703897
2016-02-08,0.920279594905563,0.9854109463213151,0.9854109463213151,0.9854109463213151,0.9854109463213151
2016-02-09,0.9201057078208124,0.9852579227078361,0.9852579227078361,0.9852579227078361,0.9852579227078361
2016-02-10,0.9087873386427014,0.9817625639304083,0.9817625639304083,0.9817625639304083,0.9817625639304083
2016-02-11,0.9265250949631513,0.9911111405133717,0.9911111405133717,0.9911111405133717,0.9911111405133717
2016-02-12,0.9418281894921613,0.9986247483504245,0.9986247483504245,0.9986247483504245,0.9986247483504245
2016-02-16,0.957349931715809,0.999412489868311,0.999412489868311,0.999412489868311,0.999412489868311
2016-02-17,0.9528832110169806,0.999382507493615,0.999382507493615,0.9997155687982565,0.9997155687982565
2016-02-18,0.9528584046627208,0.9992808705901176,0.9992808705901176,0.9995739093997716,0.9995739093997716
2016-02-19,0.9666312079341997,1.0020733391213708,1.0020733391213708,1.0023671968215673,1.0023671968215673
2016-02-22,0.9545924234115937,1.0019764720319224,1.0019764720319224,1.0028294926027548,1.0028294926027548
2016-02-23,0.9588306102648203,1.0023975465590074,1.0023975465590074,1.0032275262517263,1.0032275262517263
2016-02-24,0.9697116840536562,1.0048433503746372,1.0048433503746372,1.0056753551795548,1.0056753551795548
2016-02-25,0.9678982121896721,1.004732817606096,1.004732817606096,1.00576682147788,1.00576682147788
2016-02-26,0.9600379337071102,1.0040976205637246,1.0040976205637246,1.0050572144995866,1.0050572144995866
2016-02-29,0.9829528792686862,1.0067937529441016,1.0067937529441016,1.0077559235141766,1.0077559235141766
2016-03-01,0.9869773918283741,1.0068600485336614,1.0068600485336614,1.0078222824609682,1.0078222824609682
2016-03-02,0.9904305697740574,1.007155275804549,1.007155275804549,1.0081177918740432,1.0081177918740432
2016-03-03,0.9937048265826586,1.0078239896186083,1.0078239896186083,1.0087871447631362,1.0087871447631362
2016-03-04,0.9945842694598416,1.0078806310435544,1.0078806310435544,1.008843840319042,1.008843840319042
2016-03-07,0.9834050342100243,1.007531498272808,1.007531498272808,1.008494373889812,1.008494373889812
2016-03-08,0.9883735832099432,1.007758977075799,1.007758977075799,1.0087220700892747,1.0087220700892747
2016-03-09,0.9885275766902997,1.0077442746104526,1.0077442746104526,1.0087073535731066,1.0087073535731066
2016-03-10,1.0047349811019854,1.0084985275562017,1.0084985275562017,1.0094623273417498,1.0094623273417498
2016-03-11,1.0034680374977458,1.0084749959238921,1.0084749959238921,1.0095770444500884,1.0095770444500884
2016-03-14,1.0016247252271704,1.0084435726271028,1.0084435726271028,1.0094547248803234,1.0094547248803234
2016-03-15,1.0072341758052406,1.0084368496699518,1.0084368496699518,1.0085448176407859,1.0085448176407859
2016-03-16,1.0138771233920827,1.0087236938537114,1.0087236938537114,1.008757732582133,1.008757732582133
2016-03-17,1.0183439047421439,1.0087001569675214,1.0087001569675214,1.0086022320749184,1.0086022320749184
2016-03-18,1.0193475613443246,1.0087001569675214,1.0087001569675214,1.008535767755501,1.008535767755501
2016-03-21,1.018453198263846,1.0087001569675214,1.0087001569675214,1.008598185555017,1.008598185555017
2016-03-22,1.0119493239540647,1.0087001569675214,1.0087001569675214,1.0088289271988895,1.0088289271988895
2016-03-23,1.0115667359768736,1.0086765380437304,1.0086765380437304,1.008785128681373,1.008785128681373
2016-03-24,1.0121182982889496,1.0086963778047864,1.0086963778047864,1.0088049705783093,1.0088049705783093
2016-03-28,1.0210417928844093,1.00862576905834,1.00862576905834,1.008358406845405,1.008358406845405
2016-03-29,1.025483646577745,1.00862576905834,1.00862576905834,1.0082347064036128,1.0082347064036128
2016-03-30,1.0233919068571737,1.0085233023945783,1.0085233023945783,1.0081188363386318,1.0081188363386318
2016-03-31,1.0298709141614624,1.0090531260549083,1.0090531260549083,1.008648447514346,1.008648447514346
2016-04-01,1.026566756295037,1.0090094004194459,1.0090094004194459,1.0087504324884846,1.0087504324884846
2016-04-04,1.0161527576508345,1.0090094004194459,1.0090094004194459,1.0101393765213604,1.0101393765213604
2016-04-05,1.0268301039483283,1.0090094004194459,1.0090094004194459,1.0100012728297387,1.0100012728297387
2016-04-06,1.0145330058247621,1.0090094004194459,1.0090094004194459,1.0099979061588293,1.0099979061588293
2016-04-07,1.017360081093124,1.0090094004194459,1.0090094004194459,1.0098651286863145,1.0098651286863145
2016-04-08,1.0145727323823177,1.0089440209327534,1.0089440209327534,1.0097794964495224,1.0097794964495224
2016-04-11,1.0243756698549602,1.0092006191756062,1.0092006191756062,1.010036307173489,1.010036307173489
2016-04-12,1.034660542024299,1.0091871631673506,1.0091871631673506,1.0082485198301188,1.0082485198301188
2016-04-13,1.034839463161381,1.0091871631673506,1.0091871631673506,1.0081877985592642,1.0081877985592642
2016-04-14,1.0338208863559046,1.0091871631673506,1.0091871631673506,1.00813013978992,1.00813013978992
2016-04-15,1.040583134917879,1.0097561721835953,1.0097561721835953,1.008681750656706,1.008681750656706
2016-04-18,1.043792798163432,1.0097090502288935,1.0097090502288935,1.0084900546507036,1.0084900546507036
2016-04-19,1.0445876932219396,1.0097090502288935,1.0097090502288935,1.008035249079185,1.008035249079185
2016-04-20,1.0391620765308172,1.0097090502288935,1.0097090502288935,1.009798607676769,1.009798607676769
2016-04-21,1.0392118105418027,1.0096573101477357,1.0096573101477357,1.009575197243153,1.009575197243153
2016-04-22,1.037328711062439,1.009600096233494,1.009600096233494,1.0097299254184124,1.0097299254184124
2016-04-25,1.0392713700525196,1.0096185753019542,1.0096185753019542,1.009667628469149,1.009667628469149
2016-04-26,1.0409854951969986,1.0096118445114521,1.0096118445114521,1.0094149490645676,1.0094149490645676
2016-04-27,1.0313763990647338,1.0096118445114521,1.0096118445114521,1.0107059648006491,1.0107059648006491
2016-04-28,1.0261544492137205,1.0096118445114521,1.0096118445114521,1.0111974800429222,1.0111974800429222
2016-04-29,1.034168660525406,1.0105466709255482,1.0105466709255482,1.0120832147650565,1.0120832147650565
2016-05-02,1.0251955532214265,1.0104826696363896,1.0104826696363896,1.0139500517587852,1.0139500517587852
2016-05-03,1.019109080696526,1.0104826696363896,1.0104826696363896,1.0139622912711463,1.0139622912711463
2016-05-04,1.0188655053451627,1.0103831023158774,1.0103831023158774,1.0138522414652331,1.0138522414652331
2016-05-05,1.0221000355962087,1.010513759081539,1.010513759081539,1.013983346839447,1.013983346839447
2016-05-06,1.0228701849516892,1.0104868120479635,1.0104868120479635,1.0137698902647705,1.0137698902647705
2016-05-09,1.0356393316209873,1.0104868120479635,1.0104868120479635,1.0133715829557475,1.0133715829557475
2016-05-10,1.0257370474288396,1.0104868120479635,1.0104868120479635,1.016752079047241,1.016752079047241
2016-05-11,1.025563220995322,1.0104868120479635,1.0104868120479635,1.0166292046174619,1.0166292046174619
2016-05-12,1.0168681995942312,1.0094586018804423,1.0094586018804423,1.0155473016271352,1.0155473016271352
2016-05-13,1.0268301039483287,1.0107045187358126,1.0107045187358126,1.016800733415389,1.016800733415389
2016-05-16,1.01716630040398,1.010640507449626,1.010640507449626,1.0186693523104362,1.0186693523104362
2016-05-17,1.0173750012964202,1.010616670784409,1.010616670784409,1.0185366682150354,1.0185366682150354
2016-05-18,1.013603889587827,1.010511431073223,1.010511431073223,1.018430603761624,1.018430603761624
2016-05-19,1.0197052823160233,1.0131987467216508,1.0131987467216508,1.0211389793565637,1.0211389793565637
2016-05-20,1.0175787287877622,1.0127306851165745,1.0127306851165745,1.0206672496478268,1.0206672496478268
2016-05-23,1.031500612789732,1.016539349665759,1.016539349665759,1.0245057619269329,1.0245057619269329
2016-05-24,1.0386950620374171,1.0163970341568058,1.0163970341568058,1.021197059645606,1.021197059645606
2016-05-25,1.0384764749940125,1.0163970341568058,1.0163970341568058,1.0211262762101705,1.0211262762101705
2016-05-26,1.042928275489545,1.016704950202047,1.0169615469064148,1.021336916099242,1.0215947067346076
2016-05-27,1.0418798582774773,1.0166471585574326,1.0168698419580746,1.021278861163958,1.0215025839890715
2016-05-31,1.0430624360167402,1.0166302144381234,1.0168528941273753,1.0211393853440889,1.0212517309512659
2016-06-01,1.0460087516090015,1.0166302144381234,1.0168528941273753,1.0202715045283794,1.020553609705295
2016-06-02,1.042962967994769,1.0166302144381234,1.0168528941273753,1.0208316637824193,1.021064696120345
2016-06-03,1.0480706509229814,1.0166302144381234,1.0170913681597729,1.020131062765851,1.0212122620889017
2016-06-06,1.0494220816946636,1.0166302144381234,1.0170642457232886,1.0193593554386735,1.020246962142226
2016-06-07,1.052895213895974,1.0166302144381234,1.0170642457232886,1.017902947403088,1.018934066457594
2016-06-08,1.0510865941306227,1.0166302144381234,1.0170642457232886,1.0189547371162997,1.0197660951902725
2016-06-09,1.0414426841906679,1.0166302144381234,1.0170642457232886,1.0218321557763683,1.0225924348158344
2016-06-10,1.0329911774897074,1.0158711475696198,1.0164216841604263,1.0209023056266693,1.0217861745016668
2016-06-13,1.0311329450158364,1.0155726475609008,1.0162720220194557,1.0206023272801439,1.0216357224709072
2016-06-14,1.029234925333177,1.0154981722334129,1.0161677864528682,1.0205274831094766,1.0215309367677978
2016-06-15,1.0324595087820256,1.0160864076268787,1.0167087720318864,1.0211186317712702,1.0220747775711374
2016-06-16,1.0290957914048833,1.0159746381220398,1.0166104901839232,1.0212691549768802,1.0224082001995924
2016-06-17,1.0350729704080814,1.0159746381220398,1.0166104901839232,1.0199424451318186,1.0215338361911899
2016-06-20,1.0378801520720493,1.0159746381220398,1.0166104901839232,1.0195629102080406,1.0213082773245516
2016-06-21,1.0361660269275705,1.0159163465457008,1.016493834067182,1.019443238979867,1.0211570385272009
2016-06-22,1.0500134312155278,1.0179337790252843,1.0164667275649404,1.0214676752520098,1.0199972155523889
2016-06-23,1.012297158774799,1.017855737435559,1.0164667275649404,1.0252485820111157,1.0258185110201696
2016-06-24,0.9939781210381478,1.017855737435559,1.0148284913366434,1.0262107574193517,1.024083137071005
2016-06-27,1.0116412763421194,1.0225433472010326,1.0198966605043842,1.0309094795844749,1.0291975249944958
2016-06-28,1.0288722309603802,1.0276385961227203,1.0246380891987747,1.0360464162518432,1.0339821927615138
2016-06-29,1.0428289287700399,1.027487875795289,1.0244980553265843,1.0314257041011152,1.028896259901288
2016-06-30,1.0448609876774284,1.027487875795289,1.0244980553265843,1.0308591578004849,1.0283338275351301
2016-07-01,1.0377063256385317,1.027487875795289,1.0244980553265843,1.031475695155948,1.0282001441375506
2016-07-05,1.0432611294557503,1.027487875795289,1.0248626577628839,1.0311237785531686,1.0285660640879175
2016-07-06,1.042351846171976,1.027487875795289,1.0248250794654326,1.031264546521064,1.028617528215854
2016-07-07,1.0582512029717164,1.027487875795289,1.0250266741636378,1.0309138705217673,1.0286998635533824
2016-07-08,1.0618583743977559,1.027487875795289,1.0250732597874113,1.0304372097720775,1.0287466161170251
2016-07-11,1.0693012510954372,1.0281121096486252,1.0250664259656792,1.031001409213594,1.028430751406926
2016-07-12,1.0694453584248294,1.0280641310835084,1.025038970896156,1.03089657712214,1.028382637613298
2016-07-13,1.0750697898574277,1.0285534077880913,1.0250013861338898,1.0313425296605994,1.0283449302499188
2016-07-14,1.0740711066563455,1.0284843323085544,1.0249623281876326,1.0312732668695146,1.0283057448970374
2016-07-15,1.0766298608703175,1.0285625757964443,1.0250660274864851,1.0313517225297835,1.02840978246195
2016-07-18,1.0750847100607237,1.0285454330868478,1.025042109279177,1.0315274319258394,1.0285781345801566
2016-07-19,1.07967564448455,1.0285454330868478,1.0255831695811117,1.031087217951171,1.029018203531386
2016-07-20,1.0757752849986273,1.0285454330868478,1.0255113787592411,1.0319877087389082,1.0290529338876018
2016-07-21,1.080674327685632,1.0285454330868478,1.026065697018211,1.031124945806793,1.0295920155762759
2016-07-22,1.0774199038301921,1.0285454330868478,1.0259972926384098,1.0318358246851416,1.0301956827397842
2016-07-25,1.0777676779996934,1.0285454330868478,1.0259972926384098,1.031735166344461,1.030084882442504
2016-07-26,1.076475928041194,1.0285454330868478,1.0259972926384098,1.0319302374564758,1.0302460621755076
2016-07-27,1.0782049733889685,1.0285454330868478,1.0260199919876467,1.0317536514955832,1.0302001724544767
2016-07-28,1.0799638591433343,1.0285454330868478,1.0260097317877268,1.031307705518892,1.0295458057378517
2016-07-29,1.078592534767258,1.0285454330868478,1.0260097317877268,1.0313646132292256,1.029734926740497
2016-08-01,1.0717309394857784,1.0285454330868478,1.0260097317877268,1.0326218369596731,1.0306280090400695
2016-08-02,1.075089683461822,1.0291053200221105,1.0268204672192824,1.0330806806946682,1.031370249795093
2016-08-03,1.0753182173074238,1.0289989791390415,1.0266664441491995,1.0327776238902373,1.0310342626471494
2016-08-04,1.0845697137704562,1.0289989791390415,1.0266664441491995,1.0307987160495717,1.0302387031559492
2016-08-05,1.0835858294702037,1.0289989791390415,1.0266664441491995,1.0310100352487315,1.0303582152130368
2016-08-08,1.084008204656183,1.0289989791390415,1.026656638260695,1.0309003556099798,1.0302522072969642
2016-08-09,1.0809028615312337,1.0289989791390415,1.0266121498063705,1.0318098046178308,1.031328225600107
2016-08-10,1.0860204912616431,1.0289989791390415,1.0266121498063705,1.030578888755968,1.0296643850622806
2016-08-11,1.0851559685877559,1.0289989791390415,1.0266121498063705,1.0308144279083413,1.0300195250016988
2016-08-12,1.0881867106962269,1.0289989791390415,1.0266121498063705,1.0299794044626367,1.0292313040944872
2016-08-15,1.0822244518963242,1.0289989791390415,1.0266121498063705,1.0318638062210375,1.0323406720930468
2016-08-16,1.0842466853039816,1.0289989791390415,1.0268837852201187,1.0314059497493058,1.0323110033089322
2016-08-17,1.0866316130844358,1.0289989791390415,1.0267845197875474,1.0305995192338124,1.0313937388126075
2016-08-18,1.0850665686704477,1.0289989791390415,1.0267845197875474,1.0310908648996813,1.0314826097813874
2016-08-19,1.0844553255451892,1.0289989791390415,1.0265443229609268,1.0312260036044751,1.0311794249688453
2016-08-22,1.0865719322712533,1.0289989791390415,1.0266663090820838,1.0304770325557215,1.031301961887569
2016-08-23,1.0808779945257407,1.0289989791390415,1.02661839798766,1.0313991566586576,1.0329485688262943
2016-08-24,1.0794023500290608,1.0289989791390415,1.0260056373490698,1.0316738995883603,1.0321529854620628
2016-08-25,1.077698171686779,1.0289989791390415,1.025841476447094,1.0319996643629004,1.0320472278520527
2016-08-26,1.0833324286191088,1.0294530603437244,1.0270055309133255,1.0323518697567478,1.03319080291944
2016-08-29,1.0812159431955106,1.0294050192009083,1.026882290249616,1.0328439488518475,1.033417270194622
2016-08-30,1.0786471208768758,1.0294050192009083,1.026882290249616,1.033054079474445,1.0335939016259117
2016-08-31,1.0786024815694546,1.0293604348844574,1.026696977519882,1.0329404668424456,1.033355698013566
2016-09-01,1.0831337351800983,1.029319260467062,1.0269441619176751,1.0324783049182717,1.0336044855443685
2016-09-02,1.0863632920300454,1.029319260467062,1.026899661003992,1.031013247376365,1.0320002685448102
2016-09-06,1.0862042644973575,1.029319260467062,1.026899661003992,1.0309477924527057,1.0320212607186299
2016-09-07,1.0837896176127777,1.029319260467062,1.026899661003992,1.0315738498372402,1.0322629553745513
2016-09-08,1.0572128538643109,1.029319260467062,1.026899661003992,1.0340072021202482,1.0332169894090844
2016-09-09,1.0727296226868601,1.0309731013248058,1.0288407824255201,1.0356168748867771,1.0351493879705616
2016-09-12,1.056820319084923,1.0309146795157307,1.028772193040025,1.0357560711050806,1.0351792739359522
2016-09-13,1.0561992504599331,1.0306978944961795,1.0283768231125863,1.0355313629771288,1.0347779910901926
2016-09-14,1.06687665740866,1.03118145800464,1.0297953250632053,1.0360171941616843,1.03620532255647
2016-09-15,1.0628520841977394,1.0311539598324264,1.0296074802782622,1.036102572157264,1.0360163085250065
2016-09-16,1.062832311895811,1.0310648332324748,1.0295071697329838,1.0359957494535266,1.0359153735931845
2016-09-19,1.063150245658721,1.0309789111630387,1.0294597414262463,1.0357824712256558,1.035867650067271
2016-09-20,1.0747568294956162,1.0316233036450104,1.0294185630365893,1.0363504560860695,1.0349589262912613
2016-09-21,1.0817425171996282,1.0315923549459012,1.0294185630365893,1.0359324733172275,1.0348381840579726
2016-09-22,1.0755368043508282,1.0315923549459012,1.0294185630365893,1.0371535860220715,1.0362902067595128
2016-09-23,1.0663003493935574,1.0314048576133628,1.0287948889218108,1.0368509910120929,1.0355241974259535
2016-09-26,1.0731717701747685,1.0313945435647867,1.0287605957588468,1.0360246146138092,1.0348185333812254
2016-09-27,1.0788558824205496,1.0313945435647867,1.0287605957588468,1.0355683587105047,1.0343400663906344
2016-09-28,1.068799422794347,1.0313945435647867,1.0287605957588468,1.0371323105491284,1.0365747292383896
2016-09-29,1.0773155837095887,1.0314458930495642,1.0287605957588468,1.0370975180044755,1.0353665851251375
2016-09-30,1.0738027856019556,1.0314424548965875,1.0287605957588468,1.0374376342705387,1.035761353282744
2016-10-03,1.0684814890314371,1.0314424548965875,1.0287605957588468,1.03842435412489,1.0367464788053713
2016-10-04,1.0730724234552633,1.0314424548965875,1.029255341285306,1.038110240967545,1.0371413902080997
2016-10-05,1.0735891719596493,1.0314424548965875,1.0291901551136913,1.0379001648835926,1.0369263955353187
2016-10-06,1.0700962674564105,1.0314424548965875,1.0291901551136913,1.038726187307623,1.0368503542663128
2016-10-07,1.075025029247541,1.0314424548965875,1.0291901551136913,1.0375107087611755,1.0366738856180076
2016-10-10,1.06164476075545,1.0314424548965875,1.0291901551136913,1.0419389187515673,1.0399111582497456
2016-10-11,1.0628620309999368,1.0314424548965875,1.0293498662509433,1.041695436752599,1.0399373446363687
2016-10-12,1.0595679412381742,1.0314424548965875,1.029226344266993,1.0423216793258165,1.0399927569176834
2016-10-13,1.0597815548804803,1.0314260400800996,1.0291772056219268,1.0421939103935687,1.039908437823496
2016-10-14,1.0565619448327301,1.0313985353856976,1.0284584707779971,1.042448260628856,1.0391822087303162
2016-10-17,1.06307079254361,1.0313985353856976,1.0284823393104405,1.0413929577327523,1.0392063261399815
2016-10-18,1.0654010129119802,1.0313985353856976,1.0284720544870474,1.0405978706087435,1.038692381680434
2016-10-19,1.0639353152174973,1.0313985353856976,1.0284720544870474,1.0409032934536813,1.0388456840557458
2016-10-20,1.0638457939977233,1.0313985353856976,1.028460039020817,1.0408594563805118,1.0387677538361537
2016-10-21,1.0688988908163173,1.0313985353856976,1.0284497544204267,1.0395809752118457,1.0385028758372747
2016-10-24,1.064839503797707,1.0313985353856976,1.0284497544204267,1.0410576371923084,1.0397828308273802
2016-10-25,1.0629862447249345,1.0313985353856976,1.0284497544204267,1.0415681644708203,1.039700915914657
2016-10-26,1.0598113952870714,1.0313985353856976,1.0283541298002645,1.042062156794356,1.0395799854804406
2016-10-27,1.056517184222843,1.0313985353856976,1.027922568044886,1.0425699827516477,1.039143712653416
2016-10-28,1.0563879970967465,1.0313985353856976,1.0279074851633883,1.0425644291574807,1.0391284651221677
2016-10-31,1.049218414854554,1.0313985353856976,1.0268705907757212,1.0436756999964751,1.0380802516505254
2016-11-01,1.04237173977637,1.0310603844855661,1.0267952869323975,1.0432500298899081,1.0380875251369384
2016-11-02,1.0377609117481497,1.0309554211463783,1.0267615847672167,1.0431438256283607,1.038046531746823
2016-11-03,1.0360318664003751,1.030474430171902,1.0262163960160504,1.0426571481688736,1.0374953509267655
2016-11-04,1.0590561661348863,1.037452686380478,1.0315309931193455,1.0497179043648441,1.042868359785446
2016-11-07,1.0630508989392156,1.0372936103018997,1.0314106478368148,1.048689969792319,1.0422714803976363
2016-11-08,1.07482633580853,1.0372936103018997,1.0314106478368148,1.0455538216776619,1.039109361927501
2016-11-09,1.0769230489301997,1.0373638366120976,1.0314106478368148,1.045485200040152,1.0386894170555132
2016-11-10,1.0754175640269283,1.037046771833443,1.0314106478368148,1.0451656530096523,1.038710755563592
2016-11-11,1.0752933503019304,1.0369568944465508,1.0314106478368148,1.0450643556322174,1.0387019787471152
2016-11-14,1.0833374020202071,1.0369568944465508,1.0314106478368148,1.0434102004414607,1.0386017038609041
2016-11-15,1.0816232768757283,1.0369568944465508,1.0314106478368148,1.0433058594214166,1.038822480389101
2016-11-16,1.086681347095421,1.0369568944465508,1.0314106478368148,1.041469676928814,1.0372738522999705
2016-11-17,1.0840876577712935,1.0369568944465508,1.0314106478368148,1.042154494149354,1.037933273117997
2016-11-18,1.0921764700994572,1.0369568944465508,1.0314106478368148,1.040167222085084,1.0364426679610852
2016-11-21,1.094541504275517,1.0369568944465508,1.0314106478368148,1.0397698439342853,1.0358763863534073
2016-11-22,1.0954259205537986,1.0369568944465508,1.0314106478368148,1.0394052784645693,1.035521941946374
2016-11-23,1.0997138414180108,1.0369568944465508,1.0314106478368148,1.0379844244874377,1.0330231167239994
2016-11-25,1.093935355853823,1.0369568944465508,1.0314106478368148,1.0392778763815886,1.0346619889319895
2016-11-28,1.0953960801472071,1.0369568944465508,1.031427878440025,1.0390397392405886,1.0345102790601275
2016-11-29,1.092489551763734,1.0369568944465508,1.0306359072054585,1.0397917032845945,1.0337159410361076
2016-11-30,1.0886488730909942,1.0369568944465508,1.0302394430321413,1.0402724833258081,1.0333182920379091
2016-12-01,1.089081073776705,1.0369568944465508,1.030270646399794,1.040199157579933,1.0333495886561728
2016-12-02,1.0954209471526999,1.0369568944465508,1.0307698260471332,1.0385645914001864,1.033850260091437
2016-12-05,1.0991573057048363,1.0369568944465508,1.0307251593546711,1.0371256149842014,1.0336976393016946
2016-12-06,1.1136257786177832,1.0369568944465508,1.0307251593546711,1.0309966370069967,1.029191850626783
2016-12-07,1.1160304787001658,1.0369568944465508,1.0307251593546711,1.0306751396459886,1.0289247129901806
2016-12-08,1.1226585667349451,1.0369568944465508,1.0307251593546711,1.029950487474672,1.0273213571900166
2016-12-09,1.1213816156772756,1.0369568944465508,1.0307251593546711,1.029948339510203,1.0275310885956097
2016-12-12,1.1287151988532544,1.0372909203702054,1.0309326709477467,1.0302629420232314,1.027635204030895
2016-12-13,1.1195532236099959,1.0372632592789957,1.0309154887365641,1.0302354683447776,1.0276180767774945
2016-12-14,1.1239007039849247,1.0372632592789957,1.031915331072081,1.0302053632987445,1.0286147210894
2016-12-15,1.1219331779893515,1.0372632592789957,1.0317330088971484,1.030560959472452,1.028432982077032
2016-12-16,1.1241491314349208,1.0372632592789957,1.0317192524570298,1.030349173390401,1.028232599947906
2016-12-19,1.1282382375576565,1.0372632592789957,1.0317408326682884,1.029833224456266,1.0282164053677358
2016-12-20,1.1254657483989128,1.0372632592789957,1.0317373935321794,1.0302478449095815,1.0284410716446117
2016-12-21,1.123369035277243,1.0372632592789957,1.0313310654728964,1.0306086118671351,1.0279777634449392
2016-12-22,1.1247751734610092,1.0372632592789957,1.0314980449911422,1.0303747008332802,1.0281442000407657
2016-12-23,1.1273040872683897,1.0372632592789957,1.0314258401279928,1.0297277180091275,1.0275447615668893
2016-12-27,1.1178837377729383,1.0372632592789957,1.0314258401279928,1.032827947427746,1.0296319898096897
2016-12-28,1.1175558572078312,1.0372632592789957,1.0313058323314237,1.0326495202677166,1.0293852027846304
2016-12-29,1.1123736945656064,1.0372632592789957,1.0302865683212106,1.0333684250866921,1.0283678369781437
2016-12-30,1.1218139376654521,1.0373184871530405,1.0322581491474863,1.0333373315494032,1.030335746074589
2017-01-03,1.1282332641565582,1.03731502942475,1.0328690990773521,1.0331624282171565,1.0309455582154012
2017-01-04,1.1273637680815725,1.03731502942475,1.0328105698284045,1.0332321330309582,1.0309671313064246
2017-01-05,1.1313286604793105,1.03731502942475,1.0330182996531048,1.0326300547441356,1.0310267184037147
2017-01-06,1.127314034070587,1.03731502942475,1.032983865709783,1.0337200475721955,1.0322286691595592
2017-01-09,1.127314034070587,1.03731502942475,1.032983865709783,1.0336890359707684,1.03210480171926
2017-01-10,1.1305039250142115,1.03731502942475,1.032983865709783,1.0329055993899552,1.031865378294171
2017-01-11,1.128079210024969,1.03731502942475,1.032983865709783,1.0335983047279493,1.032838903013354
2017-01-12,1.1301659763444416,1.03731502942475,1.032983865709783,1.0330667335990624,1.0322650229636825
2017-01-13,1.1268122057694965,1.03731502942475,1.032983865709783,1.034016742656543,1.0330509214749761
2017-01-17,1.1287996253694639,1.03731502942475,1.032983865709783,1.033476700359555,1.0326607803753465
2017-01-18,1.1247254394500237,1.03731502942475,1.032983865709783,1.0349101911157637,1.034151977260968
2017-01-19,1.1285115320131454,1.03731502942475,1.032983865709783,1.0338924209461804,1.0333548468671991
2017-01-20,1.12547569520111,1.03731502942475,1.032983865709783,1.034743216972042,1.0340431636045684
2017-01-23,1.132863985789173,1.03731502942475,1.0331509224399107,1.0327821886907071,1.0340759660357282
2017-01-24,1.1419564547195173,1.03731502942475,1.0331371470942783,1.0306650441352314,1.031652300768276
2017-01-25,1.141116677748657,1.03731502942475,1.0331371470942783,1.0308619063855624,1.03190661618665
2017-01-26,1.1401279413497718,1.03731502942475,1.0331371470942783,1.0310872671741769,1.0319008484981882
2017-01-27,1.1332762928704894,1.03731502942475,1.0331371470942783,1.031534924473916,1.0325313584652664
2017-01-30,1.1322677841696758,1.03731502942475,1.0329935508035715,1.0316332511266046,1.0323327780343305
2017-01-31,1.1326056115369798,1.03731502942475,1.0329583952127512,1.0315702477450943,1.0322976449314119
2017-02-01,1.1332515471674625,1.03731502942475,1.0329480656287993,1.031373068199713,1.0321105414947436
2017-02-02,1.1414843455225525,1.03731502942475,1.0329480656287993,1.0287808655777813,1.0308574288904346
2017-02-03,1.139069698637973,1.03731502942475,1.0329480656287993,1.0295540237338656,1.0320312661389925
2017-02-06,1.1393280728901658,1.03731502942475,1.0329480656287993,1.0294530772429036,1.0317749532275098
2017-02-07,1.1401179945475748,1.03731502942475,1.0329480656287993,1.0291488666277668,1.031504219320307
2017-02-08,1.1466765762694404,1.03731502942475,1.0329480656287993,1.0264667632616304,1.0295228556613143
2017-02-09,1.1507656823921761,1.03731502942475,1.0329480656287993,1.02502060225481,1.0273502315565644
2017-02-10,1.156802420906091,1.03731502942475,1.0329480656287993,1.0235252078715602,1.024253505654038
2017-02-13,1.1614381159398042,1.03731502942475,1.0329480656287993,1.0223699339706651,1.0221397368049967
2017-02-14,1.1672363738059202,1.03731502942475,1.0337523880756956,1.0216756659910518,1.0226767010975584
2017-02-15,1.1662277438026407,1.03731502942475,1.033610099097517,1.0216515304165128,1.0225359366122864
2017-02-16,1.1681853229960169,1.03731502942475,1.0339179642710132,1.021071625607131,1.0228405032992858
2017-02-17,1.1752505851176054,1.03731502942475,1.0351269170932174,1.0192465287531154,1.0240365033262322
2017-02-21,1.1739787287635002,1.03731502942475,1.0349304306579015,1.0194625737169247,1.0238421220587284
2017-02-22,1.1744706102623936,1.03731502942475,1.0349763341252676,1.0193624514262103,1.023887533713508
2017-02-23,1.176224522615661,1.03731502942475,1.0351612562844472,1.0190105605877464,1.024070474605245
2017-02-24,1.1774218992557535,1.03731502942475,1.0354256312089594,1.0187893845161218,1.0243320170004757
2017-02-27,1.1743860624437181,1.03731502942475,1.0341997254717612,1.0195581201270298,1.0231192456931144
2017-02-28,1.1904444467761461,1.03731502942475,1.0392527436398953,1.0174284344827402,1.0281181255122873
2017-03-01,1.1834685845718655,1.03731502942475,1.0390656781460401,1.0181734480110194,1.0280065387869795
2017-03-02,1.1840649074938283,1.03731502942475,1.0390665913271797,1.0181085689190992,1.0280005888718877
2017-03-03,1.1801844416123,1.03731502942475,1.0384293975742076,1.0188192319787832,1.0273701811975882
2017-03-06,1.1767461232186793,1.03731502942475,1.037530382873615,1.0191408671082194,1.0264807409544627
2017-03-07,1.1740581818786109,1.03731502942475,1.0366549603619617,1.019341155549338,1.0256146416447525
2017-03-08,1.1749973055689764,1.03731502942475,1.0369769660498909,1.0192793204969497,1.0259332179896896
2017-03-09,1.1788379842417163,1.03731502942475,1.0384649051691277,1.0185092293112032,1.0274053106385614
2017-03-10,1.179270184927427,1.03731502942475,1.038290440955681,1.0184293393569503,1.0272327044594607
2017-03-13,1.1752853989252947,1.03731502942475,1.0382592922424523,1.0191694516257117,1.0272807523015723
2017-03-14,1.1851281236067257,1.03731502942475,1.04049407521493,1.016748994721909,1.0294782076319382
2017-03-15,1.183200263517475,1.03731502942475,1.040031436026301,1.017067947042061,1.0290204664741216
2017-03-16,1.181645165905684,1.03731502942475,1.0398271914444317,1.017424898332785,1.0288183842604215
2017-03-17,1.179270184927427,1.03731502942475,1.039569534813117,1.0176297925423252,1.0285634554786929
2017-03-20,1.1646378323831594,1.03731502942475,1.039510625872811,1.0200438221808827,1.0285051702162158
2017-03-21,1.166838865625433,1.0374592044336755,1.0397706901822275,1.020086992451996,1.028762481185595
2017-03-22,1.1656017017765519,1.0374073314734538,1.0396421577017643,1.0200664693713752,1.0286353094978733
2017-03-23,1.1646179387787652,1.0374073314734538,1.0393380010278614,1.020131100331207,1.0283343729765153
2017-03-24,1.1634305089408696,1.0374073314734538,1.0390944745310953,1.0201180314304017,1.0280934247314713
2017-03-27,1.1718670954385344,1.037500718526688,1.0412198619027164,1.020196260533006,1.0301963103066805
2017-03-28,1.1731389517926394,1.037493801855231,1.0411696606857712,1.0197905147722337,1.0301466405775848
2017-03-29,1.1765822435873585,1.037493801855231,1.0411384255959506,1.0192343015926326,1.0299034161606795
2017-03-30,1.1739289947525142,1.037493801855231,1.0411384255959506,1.0200023809810317,1.0301391665957518
2017-03-31,1.1720012559657293,1.037493801855231,1.0411384255959506,1.0202164421839104,1.0301249257913898
2017-04-03,1.1726570170959434,1.037493801855231,1.041151232979969,1.0200810613557636,1.03012729644549
2017-04-04,1.1690747126753964,1.037493801855231,1.041043647352561,1.021023842969627,1.030178759893736
2017-04-05,1.171330453329754,1.037493801855231,1.0412619139998247,1.0208215574697594,1.0303638432309097
2017-04-06,1.170361610535263,1.037493801855231,1.041185554792798,1.0209375771696365,1.0302882832157394
2017-04-07,1.1711664523959677,1.037493801855231,1.0412037936620009,1.0207312131999582,1.030306331193021
2017-04-10,1.169487141059179,1.037493801855231,1.04115520415163,1.0211625900473302,1.0304186138573557
2017-04-11,1.1650899266732646,1.037493801855231,1.0401794447100392,1.0213506161187758,1.0293670484147082
2017-04-12,1.1571501950755916,1.037493801855231,1.0387951313783652,1.0220794186063251,1.0279971246620776
2017-04-13,1.1671171334820205,1.0379988548094972,1.039956968183619,1.0225224569220654,1.0291468844742386
2017-04-17,1.1637285490993856,1.0379677148438529,1.0398876377190733,1.0231143504184677,1.029869772569234
2017-04-18,1.161731182697221,1.0379677148438529,1.039733987333989,1.0231208107513543,1.0295528232274207
2017-04-19,1.1705106912657544,1.0380165495877396,1.0420188659677638,1.0231382533474978,1.0318153281342448
2017-04-20,1.166958105949333,1.0380130895325743,1.0418590897416489,1.0234287989637927,1.0318663746193841
2017-04-21,1.1796080122947317,1.0380130895325743,1.04300819852433,1.0203145540656213,1.0329631873749747
2017-04-24,1.1867926360426857,1.0380130895325743,1.0429525714204086,1.01952862829926,1.0305026247397977
2017-04-25,1.186216206725117,1.0380130895325743,1.0429525714204086,1.0195378518716889,1.0305304950816747
2017-04-26,1.1868720891577966,1.0380130895325743,1.0429525714204086,1.0194788005284923,1.0303620998545182
2017-04-27,1.1846014283001434,1.0380130895325743,1.0429525714204086,1.0199455754967337,1.0308449030910372
2017-04-28,1.186653502114392,1.0380130895325743,1.0429525714204086,1.0195194722428913,1.0305653295058306
2017-05-01,1.188064492396791,1.0380130895325743,1.0429525714204086,1.0191953744931344,1.0301977966014888
2017-05-02,1.1865540340924212,1.0380130895325743,1.0429525714204086,1.019379205905457,1.0304965376070718
2017-05-03,1.1872447303327907,1.0380130895325743,1.0429525714204086,1.0191219225840316,1.0303701085350652
2017-05-04,1.1920990124099085,1.0380130895325743,1.0429525714204086,1.0181576501534577,1.029147074216217
2017-05-05,1.1921436517173296,1.0380130895325743,1.0429525714204086,1.0180835978871334,1.0290891939602487
2017-05-08,1.190921408071744,1.0380130895325743,1.0429525714204086,1.0182003853898849,1.0291917905533965
2017-05-09,1.1922678654423275,1.0380130895325743,1.0431498776152242,1.017896950480465,1.029324741970616
2017-05-10,1.1896892176239615,1.0380130895325743,1.0428315129476633,1.0182084772924327,1.0290105966724938
2017-05-11,1.1879303318695957,1.0380130895325743,1.042481296757293,1.0184559768531831,1.0286650219880478
2017-05-12,1.1936044973131799,1.0380130895325743,1.0423805235652732,1.0175018947912264,1.0284208439685034
2017-05-15,1.1927846139467138,1.0380130895325743,1.0420918439544586,1.017644625856699,1.0281223181102466
2017-05-16,1.1711019194841532,1.0380130895325743,1.0398824032928753,1.0219610503715533,1.0259424956043013
2017-05-17,1.1754195594524908,1.0383218323811616,1.0408913192889073,1.0221457899706217,1.0269378868057932
2017-05-18,1.1833742112534595,1.0384242974394589,1.0409438496025571,1.0222466587231522,1.0269897129362384
2017-05-19,1.1894805773827544,1.0384139131964845,1.0409299703512291,1.0201920318681956,1.0260072036626229
2017-05-22,1.1916666904217323,1.0384139131964845,1.0409299703512291,1.0193705328748837,1.0254370668380355
2017-05-23,1.194632899618388,1.0384139131964845,1.0409299703512291,1.0185076148261216,1.0245146207014306
2017-05-24,1.1999393972880765,1.0384139131964845,1.0409299703512291,1.0177022688974573,1.022599455910622
2017-05-25,1.2003120384630703,1.0384139131964845,1.0409299703512291,1.0175747107745805,1.0224036172074171
2017-05-26,1.1988661130705158,1.0384139131964845,1.0409299703512291,1.0178621178667318,1.022550173591864
2017-05-30,1.1983146720609057,1.0384139131964845,1.0409299703512291,1.0179549399056902,1.0225602599887653
2017-05-31,1.2073872473868559,1.0384139131964845,1.0420585854174904,1.0156021062631164,1.023624646985867
2017-06-01,1.2118639148878811,1.0384139131964845,1.041978694259275,1.0145593064426053,1.0235461690962648
2017-06-02,1.2103882703912012,1.0384139131964845,1.0416923309752102,1.014945521604143,1.0232648715572756
2017-06-05,1.2070245530140589,1.0384139131964845,1.0416089955887322,1.0152832813944463,1.0234162165213043
2017-06-06,1.208917477993154,1.0384139131964845,1.0416089955887322,1.014857151703012,1.02330673788274
2017-06-07,1.209240506459628,1.0384139131964845,1.0415604992589451,1.0146882560311523,1.0232318055090865
2017-06-08,1.2082368498574472,1.0384139131964845,1.0414265555505344,1.0148767144045998,1.0231002188535911
2017-06-09,1.2070542721181843,1.0384139131964845,1.040824874272458,1.0151148247845705,1.0225091255652559
2017-06-12,1.2124999037161666,1.0384139131964845,1.042032034842798,1.013886805142378,1.0236950433211687
2017-06-13,1.211292458971411,1.0384139131964845,1.0418896237980362,1.0142264280125661,1.0236397349200155
2017-06-14,1.2085796506258497,1.0384139131964845,1.0418896237980362,1.0145944403595424,1.0236666060695767
2017-06-15,1.2089224513942523,1.0384139131964845,1.0418896237980362,1.0144660594488506,1.023548033923295
2017-06-16,1.2190136035256791,1.0384139131964845,1.0418896237980362,1.0127781933141962,1.0217652582965577
2017-06-19,1.210850311483503,1.0384139131964845,1.0418896237980362,1.0146333245800117,1.0234748229295239
2017-06-20,1.2101448163423036,1.0384139131964845,1.0417768242024086,1.0146963268355793,1.0232343768577439
2017-06-21,1.2095932540302277,1.0384139131964845,1.0417247353611985,1.014777870613873,1.0231817069621083
2017-06-22,1.21148132691069,1.0384139131964845,1.0417247353611985,1.0144208950987692,1.0227910797194557
2017-06-23,1.211863914887881,1.0384139131964845,1.0417132223315935,1.0143539768303054,1.0226809061382012
2017-06-26,1.2020807497171668,1.0384139131964845,1.0416819709349237,1.0163332825046831,1.02296000904768
2017-06-27,1.2126687567485857,1.0384139131964845,1.042835885995723,1.0154761418211073,1.0240727258013618
2017-06-28,1.2022397772498548,1.0384139131964845,1.0427663636033233,1.0178780881557845,1.0256081567774906
2017-06-29,1.20408308952043,1.0384139131964845,1.0430752238250192,1.0175989764539357,1.0258127927345675
2017-06-30,1.2068655254813707,1.0384139131964845,1.0429257163762709,1.0169388146382112,1.0256080917811863
2017-07-03,1.208619437834638,1.0384139131964845,1.0429257163762709,1.0166484313148678,1.0253245307087642
2017-07-05,1.1972960952554286,1.0384139131964845,1.0399752139991127,1.018776886537767,1.0223486327261315
2017-07-06,1.204962532397613,1.0384139131964845,1.0420887904542022,1.018581238919909,1.0244263860898042
2017-07-07,1.2060804559225946,1.0384139131964845,1.0419220562477296,1.01827777967426,1.0240674590171854
2017-07-10,1.2051364801335962,1.0384139131964845,1.0419220562477296,1.0184785071341624,1.0241393000105579
2017-07-11,1.2139407344051565,1.0384139131964845,1.0430566022800507,1.0161437228400747,1.0251998616863502
2017-07-12,1.2162163686639083,1.0384139131964845,1.0429731577518684,1.0153699233646054,1.0242089942536075
2017-07-13,1.2219003596072235,1.0384139131964845,1.0429731577518684,1.0139305746590752,1.0227069498281838
2017-07-14,1.2218357053929423,1.0384139131964845,1.0429731577518684,1.0138603509737043,1.022712235532111
2017-07-17,1.2225661888421002,1.0384139131964845,1.0429731577518684,1.0136048194823029,1.0223198840595433
2017-07-18,1.2291345960636968,1.0384139131964845,1.0429731577518684,1.0119677208561697,1.0216095969845547
2017-07-19,1.2289457281244176,1.0384139131964845,1.0429731577518684,1.0119699754800149,1.0215959424321488
2017-07-20,1.2284936338343126,1.0384139131964845,1.0429731577518684,1.0120292767009686,1.0216583842680587
2017-07-21,1.2271868423700518,1.0384139131964845,1.0429731577518684,1.0123665896813847,1.0219222486437438
2017-07-24,1.2307741201916973,1.0384139131964845,1.0429731577518684,1.0117664207336565,1.0208793309643822
2017-07-25,1.2311220156636644,1.0384139131964845,1.0429731577518684,1.011699105091252,1.0207753019615562
2017-07-26,1.2299245177211058,1.0384139131964845,1.0429731577518684,1.011687330224983,1.0211539606170477
2017-07-27,1.228275046790908,1.0384139131964845,1.0429731577518684,1.0118027754422183,1.021223309046912
2017-07-28,1.2273806837104295,1.0384139131964845,1.0429731577518684,1.0119041500200072,1.0213857759506468
2017-07-31,1.2303866801158736,1.0384139131964845,1.0429731577518684,1.011477269759305,1.02070440017881
2017-08-01,1.2309928285375678,1.0384139131964845,1.0429731577518684,1.0113973925692492,1.0203541076363047
2017-08-02,1.2283047658950337,1.0384139131964845,1.0429731577518684,1.0118428159464656,1.0213539763300457
2017-08-03,1.2306251607636727,1.0384139131964845,1.0429731577518684,1.0116003281568582,1.0205833381916296
2017-08-04,1.232652246269963,1.0384139131964845,1.0429731577518684,1.0112999988902347,1.0198714718764135
2017-08-07,1.2296760902711104,1.0384139131964845,1.0429731577518684,1.0118713729120075,1.0206712963701252
2017-08-08,1.229228969382104,1.0384139131964845,1.042805023228163,1.011760679755938,1.0203332429411325
2017-08-09,1.2114365663008029,1.0384139131964845,1.0421247900383144,1.0154468829334704,1.0196676683408052
2017-08-10,1.2129818384128626,1.03849981854624,1.0425928590540188,1.0153988801842724,1.0201256507690404
2017-08-11,1.2251647302648605,1.0384444318892507,1.043403692682589,1.0144168621423495,1.0209190114522904
2017-08-14,1.2245536084420678,1.0384444318892507,1.0433515224979548,1.0144604412905676,1.0208679573880035
2017-08-15,1.2262926005920396,1.0384444318892507,1.0434859212068908,1.0140277094718166,1.0209960569966137
2017-08-16,1.2073623803813627,1.0384444318892507,1.0414385872828842,1.017434297848823,1.018992848499705
2017-08-17,1.2051464269357934,1.0383797612444348,1.0405316884067872,1.01725901786805,1.0181054956780027
2017-08-18,1.206547591718461,1.0383659161809515,1.0409233296591054,1.0171890761879976,1.0184886960319772
2017-08-21,1.21854161563118,1.0383659161809515,1.0421919764500853,1.0160024013292752,1.0197300001502099
2017-08-22,1.2143332691845445,1.0383659161809515,1.0421224969849887,1.0167001576874222,1.019842730176181
2017-08-23,1.2118141808768952,1.0383659161809515,1.0420867249204406,1.017027952336078,1.0197771276085887
2017-08-24,1.213841387685651,1.0383659161809515,1.0420797776756079,1.0165823361361201,1.019563517130457
2017-08-25,1.2144326159040495,1.0383659161809515,1.0420796878626033,1.0164166732121616,1.0195158496272463
2017-08-28,1.2154561661106247,1.0383659161809515,1.0421022146652157,1.0161873588873185,1.0195378886637732
2017-08-29,1.2210656773399275,1.0383659161809515,1.0420744252728247,1.0150896718613716,1.0192673302066733
2017-08-30,1.2280513650439393,1.0383659161809515,1.0420744252728247,1.012976852445358,1.0177693120333369
2017-08-31,1.230486026835379,1.0383659161809515,1.0420744252728247,1.012367383108418,1.0175767651100684
2017-09-01,1.221194864466024,1.0383659161809515,1.0420744252728247,1.0146063044631766,1.0180309928039073
2017-09-05,1.2250156495343698,1.0383659161809515,1.0424944557105813,1.014368591446612,1.018410791090965
2017-09-06,1.2247970624909652,1.0383659161809515,1.042352770304451,1.014263722119022,1.0182723788953387
2017-09-07,1.2229735225223182,1.0383659161809515,1.0420245513671331,1.0146392142438478,1.0179517424585942
2017-09-08,1.2362296985918768,1.0383659161809515,1.0438317219286983,1.0111762704385663,1.0197171638391669
2017-09-11,1.2403883110275264,1.0383659161809515,1.043748215390944,1.010612418945283,1.019477981101782
2017-09-12,1.241327434717892,1.0383659161809515,1.0437500045195574,1.0103613114891237,1.0194593390682392
2017-09-13,1.2399610837429142,1.0383659161809515,1.0437465253528755,1.0106322671666974,1.019586587736377
2017-09-14,1.2422515169024961,1.0383659161809515,1.0437465253528755,1.0103351652101054,1.01946867471251
2017-09-15,1.2440601366678472,1.0383659161809515,1.0438130412839204,1.0098590093955675,1.019530245234553
2017-09-18,1.2454412865436546,1.0383659161809515,1.0437782475158777,1.009593644985202,1.0193102080265661
2017-09-19,1.2462313295035294,1.0383659161809515,1.0437782475158777,1.0094383841167405,1.0192387529047668
2017-09-20,1.2424354114406766,1.0383659161809515,1.0437782475158777,1.0101353084643923,1.0197740957986656
2017-09-21,1.2432402533013813,1.0383659161809515,1.0437813327933403,1.009999925630657,1.0196819312072616
2017-09-22,1.2404777109448346,1.0383659161809515,1.0437708949800124,1.0104532651701341,1.0197653847110477
2017-09-25,1.2405672321646084,1.0383659161809515,1.0437708949800124,1.01037381771612,1.0197459003886145
2017-09-26,1.2456351278840325,1.0383659161809515,1.0440453133664727,1.00976228544086,1.0199732125143703
2017-09-27,1.2471356393862054,1.0383659161809515,1.0440070317049825,1.0094198672311987,1.019703991863816
2017-09-28,1.251756414216623,1.0383659161809515,1.0440070317049825,1.0086948138457947,1.0185713412197832
2017-09-29,1.2566057228926424,1.0383659161809515,1.0440070317049825,1.00734769405816,1.0181308970857161
2017-10-02,1.2593185312382034,1.0383659161809515,1.0440070317049825,1.0067932543569158,1.018086778080176
2017-10-03,1.26088854905329,1.0383659161809515,1.0441837367565001,1.0065454843864583,1.0182590959584148
2017-10-04,1.2680085185869627,1.0383659161809515,1.0443221309492001,1.0054365609214406,1.0183940541468868
2017-10-05,1.2666471410130837,1.0383659161809515,1.0443012445065811,1.0056241628424831,1.0183736862658037
2017-10-06,1.2643615599521347,1.0383659161809515,1.0441728966022374,1.006003258475404,1.0182485249398372
2017-10-09,1.267297928742199,1.0383659161809515,1.0441843464768175,1.0055381499334162,1.0182596905408021
2017-10-10,1.269583509803148,1.0383659161809515,1.0441773852478409,1.0050176814305811,1.0182529021428652
2017-10-11,1.2674420360715912,1.0383659161809515,1.0440860509287033,1.0055015447131834,1.018163835441325
2017-10-12,1.2685549861954744,1.0383659161809515,1.0441779924330234,1.0053185869875745,1.0182534942530594
2017-10-13,1.270775913042142,1.0383659161809515,1.0441310201552518,1.0050034659922857,1.0182076881871198
2017-10-16,1.271630610216298,1.0383659161809515,1.0441205788450503,1.004848177080687,1.0181895465839856
2017-10-17,1.2725745860052962,1.0383659161809515,1.0441205788450503,1.0047022371025263,1.0181845076663791
2017-10-18,1.2729919877901772,1.0383659161809515,1.0440894497491486,1.0046222897657398,1.018150757872319
2017-10-19,1.27950568759969,1.0383659161809515,1.043998961996837,1.0032705826552857,1.017833766432308
2017-10-20,1.2744228716769703,1.0383659161809515,1.042193511434765,1.0036852993503051,1.0160532082504699
2017-10-23,1.2764847709909501,1.0383659161809515,1.042830783390045,1.0035951574828823,1.0166744961471859
2017-10-24,1.2705324589932447,1.0383659161809515,1.0422274522737902,1.0041377541843237,1.0160862977851906
2017-10-25,1.2721472374182186,1.0383979371520355,1.0425492800015714,1.0041051242414263,1.0164000534281958
2017-10-26,1.2824173106867276,1.0383771691932926,1.046832042938616,1.003052056240478,1.0205753960825266
2017-10-27,1.2783232311628931,1.0383771691932926,1.0465598666074518,1.0031894059276976,1.020841301195261
2017-10-30,1.279530554605183,1.0383771691932926,1.0466684022124675,1.0027524566461044,1.020848488278717
2017-10-31,1.2815677082161359,1.0383771691932926,1.046546290898876,1.0023364891496074,1.0205585310879326
2017-11-01,1.2818111622650332,1.0383771691932926,1.046546290898876,1.002218291917779,1.020534583841976
2017-11-02,1.2857810280638697,1.0383771691932926,1.046546290898876,1.0012670638712597,1.0204013533765184
2017-11-03,1.287415578790772,1.0383771691932926,1.046546290898876,1.0006723858086914,1.0202289734395382
2017-11-06,1.2871721247418746,1.0383771691932926,1.0465222516286101,1.0006691144874404,1.0201511264687015
2017-11-07,1.2890303572157455,1.0383771691932926,1.0469873856992806,1.0002734996528015,1.020604539709954
2017-11-08,1.284181169842192,1.0383771691932926,1.0452701679645588,1.0013606172733707,1.0189305938347064
2017-11-09,1.2830284325095205,1.0383771691932926,1.044785664327689,1.0015589722755307,1.0184582991174542
2017-11-10,1.2842904633638943,1.0383771691932926,1.0451204635163547,1.0013450275130582,1.018784661761848
2017-11-13,1.2813242541672387,1.0383771691932926,1.0441640602031406,1.0019216979218075,1.0178523586829449
2017-11-14,1.2742440718423544,1.0383771691932926,1.0413493513345506,1.0027138208340245,1.0151085771546449
2017-11-15,1.2846878502419152,1.0383771691932926,1.0449027939480262,1.0020710368967907,1.0185724772096487
2017-11-16,1.2813143073650417,1.0383771691932926,1.0446685548628134,1.0027752941933759,1.018344140672828
2017-11-17,1.2829488580919437,1.0383771691932926,1.0448935277052043,1.002395213183624,1.0185634444652059
2017-11-20,1.2913408052821875,1.0383771691932926,1.0457807393126592,1.0000450616358267,1.0194282993876433
2017-11-21,1.2903719624876966,1.0383771691932926,1.0457075346609073,1.0002768240437074,1.019397759129007
2017-11-22,1.293025090020075,1.0383771691932926,1.045891952975387,0.999729502437123,1.0194959856978278
2017-11-24,1.292528235120083,1.0383771691932926,1.0458326857647182,0.9998234889681396,1.0194358542832673
2017-11-27,1.3052577158830587,1.0383771691932926,1.0475925421943457,0.9976405348868409,1.0211410975536808
2017-11-28,1.3047757811863625,1.0383771691932926,1.0474982588655481,0.9976059495768581,1.021026938353236
2017-11-29,1.3154631349372865,1.0383771691932926,1.0487872600156969,0.995568344641549,1.0221982795869524
2017-11-30,1.3127999393002452,1.0383771691932926,1.0487033570348956,0.9955326545386137,1.0226255721608648
2017-12-01,1.311418668121972,1.0383771691932926,1.0484971751296999,0.9956042157464672,1.0222574884744426
2017-12-04,1.3065147733363343,1.0383771691932926,1.047437518454543,0.9957795419972142,1.02122435076355
2017-12-05,1.3063656926058436,1.0383771691932926,1.0473695150691213,0.9956805693265417,1.0211580492306152
2017-12-06,1.3101964244763864,1.0383771691932926,1.0472857255079158,0.994658452673152,1.0208894243208306
2017-12-07,1.3174107673284656,1.0383771691932926,1.0472857255079158,0.9926004834208794,1.019812928610639
2017-12-08,1.321629060577298,1.0383771691932926,1.0472857255079158,0.9916642479955744,1.018595939689646
2017-12-11,1.3236761609904482,1.0383771691932926,1.0472857255079158,0.9911799825443853,1.0180703633264547
2017-12-12,1.3230501189643598,1.0383771691932926,1.0472857255079158,0.9912915976089146,1.0180295467457592
2017-12-13,1.31766416817956,1.0383771691932926,1.0467431993374308,0.9926305934616227,1.0174377009697737
2017-12-14,1.3294893390598599,1.0383771691932926,1.047278916167907,0.9910037848714093,1.017958419423656
2017-12-15,1.3366191340932638,1.0383771691932926,1.047247497800422,0.9902432294255751,1.0162170270645046
2017-12-18,1.3323014941249263,1.0383771691932926,1.047247497800422,0.9910695630888348,1.0171950487324615
2017-12-19,1.3311984908032402,1.0383771691932926,1.047247497800422,0.9912378880700459,1.017285600221518
2017-12-20,1.3338417928358874,1.0383771691932926,1.047247497800422,0.9907293505128565,1.0170429108901027
2017-12-21,1.3332306710130946,1.0383771691932926,1.047193981127127,0.9908418566312043,1.0169400855927448
2017-12-22,1.33181955942823,1.0383771691932926,1.0471621574941716,0.9910983962052632,1.016909181358568
2017-12-26,1.3328729500413963,1.0383771691932926,1.0471717412815282,0.9908808264629471,1.016918488266085
2017-12-27,1.3353174373325674,1.0383771691932926,1.0471612695641155,0.9904546026562882,1.016401975304093
2017-12-28,1.3283962825403708,1.0383771691932926,1.0471612695641155,0.9918932418346524,1.0177162495986287
2017-12-29,1.3394264370596973,1.0383771691932926,1.0471612695641155,0.9906674562581491,1.0173755626662886
2018-01-02,1.347997184084557,1.0383771691932926,1.0471612695641155,0.9893243530303105,1.0158918072201115
2018-01-03,1.3534277741767777,1.0383771691932926,1.0471612695641155,0.9885937490378277,1.0143132807724577
2018-01-04,1.3629474703917346,1.0383771691932926,1.0471612695641155,0.9865973285628996,1.0113407100534808
2018-01-05,1.3652131578482893,1.0383771691932926,1.0471612695641155,0.9863368832923322,1.01051460368188
2018-01-08,1.3669919372070494,1.0383771691932926,1.0471612695641155,0.9861168155766451,1.0100807187741427
2018-01-09,1.3654715321004824,1.0383771691932926,1.0469136578785783,0.9862890142130851,1.0097206654669753
2018-01-10,1.3750757761341146,1.0383771691932926,1.047993655561199,0.9841388115065266,1.0107622948034465
2018-01-11,1.3843569917012724,1.0383771691932926,1.0485246057280557,0.9823920667020116,1.0112743822633565
2018-01-12,1.3794778426186616,1.0383771691932926,1.0483769564207568,0.9833517228116613,1.01113197839299
2018-01-16,1.39246569763383,1.0383771691932926,1.0483594834714831,0.9822789462306042,1.0098452389379546
2018-01-17,1.390214930380571,1.0383771691932926,1.0483594834714831,0.982420587293708,1.0102098306974352
2018-01-18,1.3963113497076687,1.0383771691932926,1.0483594834714831,0.981826519514632,1.0100751360533422
2018-01-19,1.4075750114736956,1.0383771691932926,1.0483594834714831,0.9791443684568534,1.009152145393677
2018-01-22,1.4106355939887578,1.0383771691932926,1.0483594834714831,0.9787877080797143,1.0085402525649465
2018-01-23,1.4098456723313488,1.0383771691932926,1.0483298505226901,0.9788589587513036,1.0083873585161303
2018-01-24,1.4106952748019403,1.0383771691932926,1.0483811228463416,0.9786971404877488,1.008436677309243
2018-01-25,1.4273995947648508,1.0383771691932926,1.0496657415630686,0.9743086168079689,1.0096723506746583
2018-01-26,1.4177903773301201,1.0383271057463894,1.0496062605043799,0.9740797713667709,1.0117964499951173
2018-01-29,1.4023381414193863,1.0383236446560369,1.047931262951146,0.974616752484434,1.0100064125787596
2018-01-30,1.4030238642586572,1.038323034696167,1.048001232318463,0.9745901901689057,1.0100738497401203
2018-01-31,1.4021145809748832,1.0382953460819084,1.0477458518788632,0.9745747849567347,1.0098277115717478
2018-02-01,1.3723777666893828,1.0382953460819084,1.0430836274123174,0.97689781594469,1.0053342139783734
2018-02-02,1.316138789671894,1.033988577474577,1.038190544217873,0.9727903619899535,1.000618212482481
2018-02-05,1.3390934617910255,1.0355446059823952,1.0381317134203671,0.9742542945404311,0.9982875892772799
2018-02-06,1.3323958674433323,1.0351578820385448,1.0381317134203671,0.9738904594521874,0.9987003522412473
2018-02-07,1.2823824968790374,1.0307334851929468,1.0318138232418328,0.9697279273867669,0.9925791574963198
2018-02-08,1.3015362775342174,1.0316297066656206,1.0317312781359735,0.9705711046034388,0.9914783150694411
2018-02-09,1.3196466143784282,1.0337826177908316,1.03274622955873,0.9725965923490978,0.992420618917487
2018-02-12,1.32309475827178,1.0339608085364402,1.0327512270830916,0.9727642365994311,0.9924254213036668
2018-02-13,1.3408274805398983,1.0339194501040987,1.0332911132751743,0.9722745322235182,0.9929442265760141
2018-02-14,1.357010078597324,1.0339194501040987,1.0332704474529089,0.9717204408149219,0.9920091363084453
2018-02-15,1.357516880299513,1.0338941577585326,1.0332704474529089,0.9716739965411437,0.9919704142116551
2018-02-16,1.349587095504037,1.0330210742667285,1.0332704474529089,0.9708534555607841,0.9923467935422841
2018-02-20,1.3421690858118487,1.032329383628044,1.0331052205336981,0.9702033911395693,0.9921550323651204
2018-02-21,1.3434757559736437,1.032338432735296,1.0331548719967174,0.9702118956679514,0.9922027157452058
2018-02-22,1.3650094910081794,1.0333243530143366,1.034797076110097,0.9711384828728576,0.9937798262300591
2018-02-23,1.3810579285384101,1.033293353283746,1.0347453362562915,0.9709506385945643,0.992106033961618
2018-02-26,1.3635089795060067,1.0327474896818833,1.0347453362562915,0.9704312361195718,0.9923892971250867
2018-02-27,1.3483797720617472,1.0327268347320897,1.0343453799824704,0.9709602266557457,0.9919924807165493
2018-02-28,1.3304134212444627,1.031775046173352,1.0326467146164626,0.9700394715755237,0.9903633698770327
2018-03-01,1.3371607496031415,1.0324383540926148,1.0339360945635814,0.970663090905997,0.9915999541332027
2018-03-02,1.3519123424713086,1.0323695248690086,1.0365043153257731,0.9700013820322735,0.9940630150548434
2018-03-05,1.3554798479910257,1.0323695248690086,1.0367772576955618,0.9696212891109959,0.9943247813697894
2018-03-06,1.354823965558346,1.0323695248690086,1.0367150510601002,0.9696834288639928,0.994264694315842
2018-03-07,1.360870650874458,1.0323695248690086,1.0367698321644545,0.9692728001466813,0.9943039754364892
2018-03-08,1.3845209926350575,1.0327180286945192,1.0372433963185623,0.9695580021711326,0.9947581425104585
2018-03-09,1.3827571334795932,1.0326550748177903,1.0372295664066113,0.9694988984920505,0.9948988646704175
2018-03-12,1.3739578526091316,1.032634421716294,1.0368024201348063,0.9695174067207976,0.9943896609128552
2018-03-13,1.366092600725471,1.032634421716294,1.0367713160622023,0.9695141749961085,0.9950871587082687
2018-03-14,1.3650244112114747,1.032625596612337,1.036753595144806,0.9695058893306279,0.9950004941723496
2018-03-15,1.3673496581787463,1.0327036013186381,1.036810413962552,0.9695791259639271,0.9950550247300446
2018-03-16,1.347927556469176,1.0326726202105987,1.0343918761055448,0.9703472766973745,0.9927338884695424
2018-03-19,1.3499249228713406,1.032679379434657,1.0343091247554563,0.970324517560718,0.9925888895773776
2018-03-20,1.3474356749702827,1.032675937170059,1.033953544603836,0.970521246117052,0.9922311090762785
2018-03-21,1.3135303014469357,1.032675937170059,1.0299607852508657,0.970778924533978,0.9883994668697708
2018-03-22,1.2859896683050764,1.0316414150493876,1.0260599407543898,0.9697999382238548,0.9846560305410571
2018-03-23,1.3209136186339,1.0316173434163698,1.035816639083515,0.9697773095586295,0.9940190233510869
2018-03-26,1.2980931070419635,1.0300280198819314,1.0277751616083644,0.9682832576108968,0.986302038235631
2018-03-27,1.2943070144788418,1.02976765253611,1.0267011398843409,0.9680384979180329,0.985271355791568
2018-03-28,1.312129257966734,1.030408772357996,1.0293590764032357,0.9686411859786218,0.9878220383766427
2018-03-29,1.282819670965846,1.0303847294866408,1.0200554174246261,0.9690416369080698,0.9788938037233632
2018-04-02,1.2990022690232716,1.0306343889420482,1.0256144901422986,0.9692667426803615,0.9842285548994474
2018-04-03,1.3140271563469275,1.0313290251465157,1.0253922736694343,0.9699200177684781,0.9827485131797802
2018-04-04,1.3230451455632597,1.0315512031090355,1.0253922736694343,0.9701289664629302,0.9825293507311031
2018-04-05,1.2940436668255502,1.0291014479381166,1.0253922736694343,0.9678250784495307,0.9826631073562726
2018-04-06,1.2983613067938877,1.0290728838477217,1.0261097222489037,0.9677982151669237,0.983347383560896
2018-04-09,1.3200789363666041,1.0290694536047755,1.0268080834720408,0.9676838410720451,0.9840166411136332
2018-04-10,1.312785019096948,1.0286560857023614,1.0267841246167597,0.9672919056027952,0.9842574163135462
2018-04-11,1.323616480177264,1.0286217971661713,1.0278982932135001,0.9660746283805963,0.9852991921016574
2018-04-12,1.3197956951089183,1.0285289023182766,1.0278263403329753,0.9659197569443424,0.9852458980926463
2018-04-13,1.330497969063138,1.0293774017329267,1.0278263403329753,0.9667166060620666,0.9849099014553597
2018-04-16,1.3446830794159335,1.0306177711692086,1.0278263403329753,0.9678814710859993,0.9825111228242986
2018-04-17,1.3458010029409153,1.030559369495509,1.0278263403329753,0.9678180337740396,0.9823509553072051
2018-04-18,1.3380947785899426,1.030088834145603,1.0278263403329753,0.9673729189585123,0.9825170168122699
2018-04-19,1.326672089291228,1.0300510642216842,1.0270213815529092,0.9683221962880773,0.9817278924195454
2018-04-20,1.3267466903077063,1.0300510642216842,1.0269868874923989,0.9682981108098643,0.981694919609111
2018-04-23,1.3089940744351938,1.0300510642216842,1.0264569430318327,0.9692417894767987,0.981188346651901
2018-04-24,1.3113987745175764,1.0302255145742882,1.026721088780458,0.9693704022516283,0.981440843098175
2018-04-25,1.325082177871747,1.0307610507845058,1.0273771091245272,0.9698743044984419,0.9820679317657872
2018-04-26,1.326557822368427,1.0308475711387441,1.0275584540005132,0.969955714121291,0.9822412790067508
2018-04-27,1.3156966421839853,1.0307994649187577,1.0265433129300834,0.9711034936474121,0.9812709074823774
2018-04-30,1.3190504127589304,1.0309121131844299,1.0269240102541126,0.9711319299130626,0.9816348153700631
2018-05-01,1.3095455154448037,1.030884622194745,1.0257366072840046,0.9726255646483353,0.9804997790054508
2018-05-02,1.3065942264514436,1.0307899981804838,1.0248206604992203,0.9724228152003975,0.979624227120411
2018-05-03,1.3233332389195782,1.0319916004270115,1.0303007473832673,0.973556378235916,0.98486263232169
2018-05-04,1.3279092531401089,1.0319434408189916,1.0301115700543721,0.9731769944039965,0.9846817980530704
2018-05-07,1.327556505569509,1.0319434408189916,1.0301081363491387,0.9731887557440124,0.9846615927406777
2018-05-08,1.3404102000574827,1.0319434408189916,1.030738715002105,0.9711396675787705,0.9852282471236938
2018-05-09,1.3529707064855732,1.0326757610274966,1.0308400111066425,0.9717252500673104,0.985325070675639
2018-05-10,1.355281033249549,1.032866714616948,1.0308331388399017,0.9719049332083926,0.9852894991852224
2018-05-11,1.3564784098896416,1.032804742614071,1.0308331388399017,0.9717300851508316,0.9850779657445959
2018-05-14,1.3471971943224839,1.032804742614071,1.0308331388399017,0.9718782322764591,0.9853848971399319
2018-05-15,1.352667571623493,1.032804742614071,1.0308331388399017,0.9708274361034778,0.9851948891031739
2018-05-16,1.351509860889723,1.032804742614071,1.0308331388399017,0.9710475825796392,0.9851719012224281
2018-05-17,1.3479524234746687,1.032804742614071,1.0299290831447503,0.9719110001337461,0.984307891098534
2018-05-18,1.3579094150789006,1.032804742614071,1.0314094523297963,0.9694221877494078,0.9857226866358448
2018-05-21,1.3536513346212797,1.032804742614071,1.0313063113845633,0.9696536078936678,0.9856414352351321
2018-05-22,1.358048549007194,1.032804742614071,1.0316275493309426,0.9689816230962898,0.9859451637196963
2018-05-23,1.355300926853943,1.032804742614071,1.0314433793159605,0.9694327530712776,0.9857691490953374
2018-05-24,1.3521061838116857,1.032804742614071,1.0313510384415063,0.9700412080893106,0.9856808972464597
2018-05-25,1.3364701746652372,1.032804742614071,1.0313372870943271,0.9727953162983349,0.9859585750493218
2018-05-29,1.3534377209789734,1.035659806710888,1.0365361831111388,0.9753645134875925,0.9909155741752582
2018-05-30,1.3441266650052242,1.0355424319327942,1.0354402796671227,0.9757102812462163,0.9898679042451952
2018-05-31,1.3587094048409722,1.0370428213389016,1.0396528328815722,0.9770882042691356,0.9938950522167315
2018-06-01,1.3647958773658728,1.0369702283414077,1.0394518333338816,0.9761440168539508,0.9934719365884166
2018-06-04,1.3657547733581668,1.0369702283414077,1.0394518333338816,0.9759657849235824,0.9933836083124701
2018-06-05,1.3774557305134687,1.0369702283414077,1.0394518333338816,0.9750678255659476,0.9926961291757664
2018-06-06,1.376471967515682,1.0369702283414077,1.039418177589109,0.97514721003883,0.9926242794588079
2018-06-07,1.380774687280724,1.0369702283414077,1.0398323503688587,0.9748196349095191,0.9930198064622169
2018-06-08,1.3822503317774042,1.0369702283414077,1.0399083406748102,0.9745013662024745,0.9930923757363718
2018-06-11,1.384660126563351,1.0369702283414077,1.0398598116189122,0.9737729826780127,0.9928083899589851
2018-06-12,1.3790853078392722,1.0369702283414077,1.0398598116189122,0.9752301570876036,0.993114926395944
2018-06-13,1.3824937858263016,1.0369702283414077,1.0405705252177273,0.9749968417302772,0.9937539666434272
2018-06-14,1.3810876476425356,1.0369702283414077,1.0403327642632987,0.9751342044884079,0.993526902849239
2018-06-15,1.3781512788524712,1.0369702283414077,1.039987548486741,0.9753212371773066,0.9931972187586479
2018-06-18,1.3726064218374496,1.0369702283414077,1.0399112827331851,0.9760212269470657,0.9932876911859639
2018-06-19,1.374956535810214,1.0369702283414077,1.0399112827331851,0.9758118228008748,0.9931790295611602
2018-06-20,1.366231734653765,1.0369702283414077,1.0399112827331851,0.977533821418295,0.9936732760089392
2018-06-21,1.368775568664441,1.036998474052132,1.0400151440775625,0.9774170765320075,0.9937327723922388
2018-06-22,1.349989577085622,1.0369881040673916,1.0395185483220206,0.977493475809816,0.9932582759584869
2018-06-25,1.3529657330844747,1.0372237875463495,1.0398784485874926,0.9777123792203691,0.9936021600746258
2018-06-26,1.3413243354398896,1.0363140363016126,1.0397779270041292,0.9768548255615831,0.9943113623420193
2018-06-27,1.3496119625095295,1.0369935753110724,1.041076933805568,0.9774953755660172,0.995503851661009
2018-06-28,1.3506355127161047,1.0369382689870559,1.041049754988202,0.9773612369169422,0.9954778625947902
2018-06-29,1.3547792049484588,1.03700927734209,1.0413517937901757,0.9773955867965833,0.9957666796657983
2018-07-02,1.348076637199667,1.0369954505517256,1.0408366005452019,0.9780200885838448,0.9952740389751182
2018-07-03,1.3596981412398579,1.0369954505517256,1.0417902348765706,0.9776836234727377,0.9961859280191715
2018-07-05,1.371230124060275,1.0370506275697513,1.0428435755697607,0.9777193498677467,0.9971931587848643
2018-07-06,1.3833284680935976,1.037047170734326,1.0427810049552266,0.9766830275838104,0.9970713484103597
2018-07-09,1.3881331374621957,1.037232175833392,1.0427810049552266,0.9768019185877694,0.9968369741295834
2018-07-10,1.3782854393796662,1.03668564968407,1.0417251262223322,0.9762872336371341,0.9957977113928762
2018-07-11,1.3903441175066662,1.0369672495373863,1.041655677880584,0.9765524271814555,0.995178714347103
2018-07-12,1.391844629008839,1.0370245756789935,1.041655677880584,0.9766064134406672,0.9951258011926609
2018-07-13,1.3904136238195803,1.0369900081931376,1.041655677880584,0.9766529462733752,0.9951772373979818
2018-07-16,1.3959387085326735,1.0369900081931376,1.0421622535868538,0.9761031058271933,0.9956313544938208
2018-07-17,1.3989546517403146,1.0369900081931376,1.0420893022291027,0.9758618899128877,0.9952614527893116
2018-07-18,1.393424593626123,1.0369900081931376,1.0420893022291027,0.9766327933507299,0.9957760683982442
2018-07-19,1.3921030032610322,1.0369900081931376,1.0418477963309292,0.9768449998045133,0.9954789105964428
2018-07-20,1.3946617574750042,1.0369900081931376,1.0421054733463386,0.9765153915420646,0.9957251193377665
2018-07-23,1.4013295114161062,1.0369900081931376,1.0420325259632044,0.9750464454687805,0.9949192515560751
2018-07-24,1.4140838591845746,1.0369900081931376,1.042152034659811,0.9731668825183675,0.9949637125746805
2018-07-25,1.4097959383203624,1.0369900081931376,1.0419626522339764,0.9733413230213142,0.9947829053265651
2018-07-26,1.400544563159796,1.0369900081931376,1.041009296878106,0.9747570629276271,0.993872717606604
2018-07-27,1.3924855912382237,1.0367305877089368,1.040939896258314,0.9743994894035898,0.9938412726021598
2018-07-30,1.3992875057065208,1.0367098530971826,1.040939896258314,0.9743100430539173,0.9938089083015939
2018-07-31,1.3978317548142352,1.0367098530971826,1.040897138568768,0.974372695245548,0.9937647738700662
2018-08-01,1.4047180957987417,1.0367098530971826,1.0414331975533344,0.974004441525217,0.9942765598245469
2018-08-02,1.4112418637129172,1.0367098530971826,1.041374183005473,0.9733052879801259,0.9935382520746677
2018-08-03,1.4162351584158628,1.0367098530971826,1.041374183005473,0.9722499409698859,0.9934317682553081
2018-08-06,1.4202348646212906,1.0367098530971826,1.041374183005473,0.9717038416539104,0.993284281548433
2018-08-07,1.4198622234462968,1.0367098530971826,1.0413106691803635,0.9717447949486746,0.993200524112281
2018-08-08,1.4178152443356125,1.0367098530971826,1.041177091458012,0.9718744157659428,0.993073117884941
2018-08-09,1.407729065605284,1.0367098530971826,1.0397424267397717,0.9733436197089264,0.991704736870269
2018-08-10,1.40208971396939,1.0367098530971826,1.0389892249251507,0.9742924461711012,0.9909863341311203
2018-08-13,1.4110480223725397,1.0367098530971826,1.0416118678213846,0.9735602454154785,0.9934878069155576
2018-08-14,1.400321002715293,1.0367098530971826,1.0412979653796328,0.9752255252080132,0.993188407246568
2018-08-15,1.4114107167453365,1.0371713595299898,1.0438801790191743,0.9755458846889056,0.995651318667788
2018-08-16,1.416100997888668,1.037140244389204,1.0442383156192745,0.9744225950349101,0.9959929088093769
2018-08-17,1.4195393162822887,1.037140244389204,1.0441890833872274,0.9736525098117877,0.9959459511817258
2018-08-20,1.422475685072353,1.037140244389204,1.0441856027569494,0.9730385625805712,0.9955844940777288
2018-08-21,1.4219093238594471,1.037140244389204,1.0441856027569494,0.9731495022350138,0.9956359332591176
2018-08-22,1.4195045024745987,1.037140244389204,1.0441703488611964,0.9736030906792182,0.9955317813630511
2018-08-23,1.4283037833450605,1.037140244389204,1.044166868293367,0.9715718821191404,0.9949504909123709
2018-08-24,1.4392594581503746,1.037140244389204,1.044166868293367,0.9693199830171653,0.9945268855974937
2018-08-27,1.4396470195286641,1.037140244389204,1.044166868293367,0.969231735600246,0.9944309954379291
2018-08-28,1.4478550721807273,1.037140244389204,1.044166868293367,0.9681052195893421,0.9940066098036646
2018-08-29,1.441440597788254,1.037140244389204,1.044166868293367,0.9685844053597751,0.9945606464317945
2018-08-30,1.4416344391286315,1.037140244389204,1.0441566905206965,0.9685616942339519,0.9944846481410902
2018-08-31,1.4392495113481774,1.037140244389204,1.0441427684314897,0.9688486358577229,0.9946091430242796
2018-09-04,1.4352151126375257,1.037140244389204,1.0441427684314897,0.9695470146845635,0.9945932707423754
2018-09-05,1.429973269182118,1.037140244389204,1.0441427684314897,0.9702229127493126,0.9947462135640545
2018-09-06,1.4268082452439863,1.037140244389204,1.0429717457546703,0.9705295480206482,0.9936073791620559
2018-09-07,1.429516080188449,1.037140244389204,1.0429395950724536,0.970060950872343,0.9935767501874689
2018-09-10,1.4348622437644603,1.037140244389204,1.0429013539539675,0.9691321887959521,0.9934841509339769
2018-09-11,1.4353740188677477,1.037140244389204,1.0429013539539675,0.9690325826910983,0.9934113390952505
2018-09-12,1.4429560294937225,1.037140244389204,1.0429013539539675,0.9682103643335951,0.9918110399462858
2018-09-13,1.4433535376742093,1.037140244389204,1.0429013539539675,0.9681026165394723,0.9917045090984258
2018-09-14,1.435314459357031,1.037140244389204,1.0429013539539675,0.9693151363888357,0.9928899320710691
2018-09-17,1.4430206837080035,1.037140244389204,1.043239880751608,0.9684501431383884,0.993103007219814
2018-09-18,1.444829182170889,1.037140244389204,1.0433951515167834,0.967837116546876,0.9932508158558471
2018-09-19,1.4561574981511969,1.037140244389204,1.0433151578885005,0.9652721572342783,0.9917939500086629
2018-09-20,1.4556208560424166,1.037140244389204,1.0433151578885005,0.9652901309646912,0.9917170432180736
2018-09-21,1.4505033476144729,1.037140244389204,1.0427006791283404,0.9658590593365735,0.991129648349012
2018-09-24,1.4486103013329121,1.037140244389204,1.042624214411871,0.9662382586841556,0.9912325155262578
2018-09-25,1.4438454191731025,1.037140244389204,1.0422818123417534,0.967153077060952,0.9907979551242173
2018-09-26,1.4478351785763333,1.037140244389204,1.0424633977818727,0.9662461173064895,0.9909705710910509
2018-09-27,1.4478252317741362,1.037140244389204,1.0424453072069897,0.9662324472212095,0.9909533741061386
2018-09-28,1.453096915636135,1.037140244389204,1.0428467020366323,0.9650840925465077,0.9913349419044999
2018-10-01,1.4525204863185663,1.037140244389204,1.042791083545857,0.9652026130520112,0.9912752430671486
2018-10-02,1.4535539833273385,1.037140244389204,1.042791083545857,0.9649553791931954,0.9911801842918828
2018-10-03,1.441679199738519,1.037140244389204,1.042791083545857,0.9673471573997023,0.991356468524664
2018-10-04,1.4337096277342547,1.037140244389204,1.040318620692115,0.9678596942896941,0.9889927393131113
2018-10-05,1.433143145218883,1.037140244389204,1.0400141571357944,0.9678221758531595,0.9887032969820818
2018-10-08,1.4311110863114942,1.037140244389204,1.0394562251972077,0.967950303076927,0.988172891560783
2018-10-09,1.3840787238446848,1.037140244389204,1.038410137823354,0.9706846657397772,0.9871784146795173
2018-10-10,1.3556040617160243,1.033643338105961,1.0383962923548495,0.9673697634807673,0.9920531101272478
2018-10-11,1.3748620411893422,1.0344727044435627,1.0407683698555028,0.9681459537663978,0.9941969696070758
2018-10-12,1.366743509757053,1.0341061920700183,1.040306617081617,0.9678029408769054,0.99375587894579
2018-10-15,1.3961224817683893,1.0343784460352832,1.0423798677349245,0.9680577388756694,0.9957363575772077
2018-10-16,1.3957697341977897,1.0343490101322692,1.0423484113277126,0.9680301902992052,0.9957063087540203
2018-10-17,1.3756819245558085,1.0338459054507603,1.039796061006456,0.967559342920022,0.9932681687910224
2018-10-18,1.3751850696558165,1.033815652643976,1.0397325081336648,0.9675310298167835,0.9932074597270569
2018-10-19,1.3692724235644336,1.0332147230120772,1.0390699239945353,0.966968629678895,0.9925745243282577
2018-10-22,1.3617252267461486,1.032838588287091,1.0375219774037314,0.966616611389285,0.9910958439088052
2018-10-23,1.3196963483894137,1.0294141710221265,1.0329765720850024,0.9634117557127242,0.9867538324445793
2018-10-24,1.3442757457357162,1.0306717747497876,1.0394146126375516,0.9645887263134434,0.9929037891428604
2018-10-25,1.3209831249468147,1.028623737250684,1.0352733978830608,0.9626720017740699,0.9889478818741003
2018-10-26,1.312318004603548,1.0275685696022558,1.0321262138830207,0.9616844877633253,0.9859415253338163
2018-10-29,1.3328778021400285,1.0304526330263004,1.040183737706752,0.964383635186356,0.9936384980706057
2018-10-30,1.347341301651877,1.0316075733475685,1.0399236917723254,0.9654645247971444,0.9910590702189725
2018-10-31,1.3615663205159265,1.0326932898068557,1.0399236917723254,0.9664806289364624,0.9904250385300443
2018-11-01,1.3529657330844753,1.0326416551423654,1.0395456206435083,0.9666946515914955,0.9900385516292853
2018-11-02,1.3605427703093513,1.0328172151411574,1.0400681963486305,0.9668364436939341,0.9905362403155169
2018-11-05,1.3690588099221273,1.0339447780616384,1.0400196598328009,0.9678919730829654,0.9901775666778803
2018-11-06,1.398094981165061,1.0366914059419414,1.0400196598328009,0.9704631346525174,0.9880511085938112
2018-11-07,1.3945872777609922,1.0365840962925625,1.0400196598328009,0.9703626804015051,0.9886165882848108
2018-11-08,1.3817584502785116,1.036326359643993,1.0400196598328009,0.9701214090699862,0.9893190806344548
2018-11-09,1.3545357508995621,1.0363125419591976,1.0400196598328009,0.9718470665347316,0.9930345884189229
2018-11-12,1.3525284376952005,1.0363125419591976,1.0399509519846306,0.9720132943291313,0.9928729912484828
2018-11-13,1.3422932995368473,1.0363125419591976,1.0399336194687643,0.9722653987048285,0.9935581474845416
2018-11-14,1.3565132236973325,1.0376375111656588,1.0411232605956144,0.9734890356347246,0.9946450590786862
2018-11-15,1.3595291669049736,1.0376471488929395,1.0414214806952857,0.9734980775416866,0.9949299659287034
2018-11-16,1.336902375350949,1.037633313597621,1.0413520525965727,0.9755804689241787,0.9955060877634256
2018-11-19,1.3126359383664579,1.0375042926054363,1.03798548455635,0.9753941249844015,0.9922678241842063
2018-11-20,1.3166306711707871,1.0378947566294985,1.0384349488541287,0.9757612138897703,0.9926974920046537
2018-11-21,1.3080003646352105,1.0377767490862193,1.0371924216689898,0.9756502708650149,0.9915096914382379
2018-11-23,1.3283167081227933,1.0378842099578822,1.0424829218369096,0.9757512985943773,0.9965671736174916
2018-11-26,1.3326492682944264,1.0380023222386763,1.0425967513365413,0.9758623400865389,0.9966759895418065
2018-11-27,1.3632655254571096,1.0379815621922315,1.0425585227889922,0.975079243749512,0.9953916606547025
2018-11-28,1.3602893694582567,1.0379815621922315,1.0425585227889922,0.9751502005290598,0.995697429725286
2018-11-29,1.3714039504937927,1.0382469653431388,1.0425585227889922,0.9753832857261695,0.9944942525416387
2018-11-30,1.38640906551552,1.0390592599189057,1.0425585227889922,0.9761463975663541,0.9943520967079402
2018-12-03,1.3415380703846616,1.0379175103232485,1.0425585227889922,0.9750737785178404,1.000903630754916
2018-12-04,1.33949594337261,1.0378860651848216,1.0425585227889922,0.9750442373166976,1.0010970655190519
2018-12-06,1.3082587388874027,1.0373985330385032,1.0425585227889922,0.9745862242209252,1.0016595517608164
2018-12-07,1.3105640922502801,1.0374612812919377,1.042988373461058,0.9746451731990119,1.0020591841776352
2018-12-10,1.3100970777568797,1.0374287249579452,1.042851979995866,0.9746145880828683,1.0019281430961282
2018-12-11,1.3171971536861582,1.0379702112623321,1.0445092641317757,0.9751232885254206,1.0035203917073658
2018-12-12,1.3169338060328666,1.0379370005548882,1.0444027358312435,0.9750920886567678,1.0034180438148683
2018-12-13,1.2917978729733899,1.0375200257735486,1.0413426753648756,0.9747003608252748,1.0004780669440931
2018-12-14,1.26496273497273,1.0363532456619078,1.030050646947923,0.9736042268061051,0.9896291628995987
2018-12-17,1.2650720284944323,1.0363323031043594,1.0300253273401478,0.9735845522765618,0.9896048368896869
2018-12-18,1.245595340675244,1.0340847746577781,1.0258905211292253,0.9714731069709981,0.9856322896936904
2018-12-19,1.2259496785211705,1.031464882607236,1.016446165166501,0.9690118438979477,0.9765585513166404
2018-12-20,1.2007095466435558,1.0270520346306837,1.0048564904769999,0.9648661846256791,0.965423681302982
2018-12-21,1.1681556038918905,1.0222083297730413,0.9961994779094104,0.9603157559542371,0.957106389210734
2018-12-24,1.226088812449464,1.022119738384461,1.0208091296287287,0.9602325285887211,0.9807503033254453
2018-12-26,1.2365874195635747,1.0227240802305428,1.0206772775767674,0.9608002788015412,0.9806236254419881
2018-12-27,1.235052094253712,1.0226511867474706,1.020447069599546,0.9607317988662268,0.9804024513390783
2018-12-28,1.2455407545656256,1.022872556208281,1.020868445345856,0.9609397648697425,0.9808072913615788
2018-12-31,1.2471207191829092,1.0229595614543594,1.020974121930519,0.9610215021303637,0.980908820961437
2019-01-02,1.216246087768033,1.019562417720737,1.0155240574338615,0.9578300483360445,0.9756726291474157
2019-01-03,1.2580067663728434,1.0218622592558266,1.0259406746660031,0.9599906392821531,0.9856804750938598
2019-01-04,1.2668259408476992,1.022650301666299,1.0257867835648034,0.9607309673748667,0.9842988081909609
2019-01-07,1.2791081794192025,1.0241501312038608,1.0257867835648034,0.9621399853746376,0.9836737288049102
2019-01-08,1.2843500228746099,1.0244483401352507,1.0257867835648034,0.9624201383796943,0.9836206232411479
2019-01-09,1.2901532541418246,1.024784376993079,1.0257867835648034,0.962735828909457,0.9832619124944222
2019-01-10,1.2899645075050112,1.024755720827108,1.0257823638062402,0.9627089078143284,0.9832216230239502
2019-01-11,1.2831824866411086,1.024346960957996,1.025273932540165,0.96232489749933,0.9827342870818778
2019-01-14,1.2969403697092918,1.0243094015694276,1.0255363121317334,0.9618576558389346,0.9829857802806036
2019-01-15,1.299822152389738,1.0243094015694276,1.0255784682134215,0.9618273766529845,0.9830261872641121
2019-01-16,1.3096896227741959,1.0243094015694276,1.0255682124287393,0.9612079803119943,0.9826981946635454
2019-01-17,1.3269553305489137,1.0244826198424763,1.0264353681649774,0.9613320793501869,0.9835094482552552
2019-01-18,1.308169217667629,1.024475789958344,1.0264011536527051,0.9622009509052248,0.9836557591356543
2019-01-22,1.311051000348075,1.024475789958344,1.0266691606368967,0.9621470302829859,0.9839060470241028
2019-01-23,1.3128546467123279,1.024475789958344,1.0265904493345812,0.9618887517766634,0.9835230246079149
2019-01-24,1.3239990681544553,1.024475789958344,1.0265904493345812,0.9597112981204848,0.9814832438431971
2019-01-25,1.313609875864513,1.024475789958344,1.0265904493345812,0.9614556627365878,0.981693156706918
2019-01-28,1.311696935978558,1.024475789958344,1.0265101187724592,0.9618130028804275,0.9815967054886636
2019-01-29,1.3320928538837178,1.024475789958344,1.0299292570699508,0.9585968518482887,0.9848662445093227
2019-01-30,1.3435453835890236,1.024475789958344,1.029815964851673,0.9583393587521326,0.981831067949367
2019-01-31,1.3447527070313137,1.024475789958344,1.0298542777218553,0.9583272286669381,0.9817072298671236
2019-02-01,1.3538650695660523,1.024475789958344,1.0298062178555616,0.9570752802699509,0.9799946855745729
2019-02-04,1.3602396354472714,1.0247344754457548,1.0298062178555616,0.957230810001434,0.979385445308764
2019-02-05,1.357213866739899,1.0247037334114915,1.0298062178555616,0.9572241022126627,0.979629086671226
2019-02-06,1.3445142263835148,1.0247037334114915,1.0298062178555616,0.9587565719507192,0.9795735743563145
2019-02-07,1.3454233883648232,1.0247037334114915,1.0298824281050365,0.9586421282008929,0.9796460671663076
2019-02-08,1.3463774322584843,1.0247037334114915,1.0298736918009757,0.9584283770957625,0.9796377570080982
2019-02-11,1.36373253995051,1.0247037334114915,1.0297878689933255,0.9557736123294438,0.9787690663443063
2019-02-12,1.3678564598809357,1.0247037334114915,1.0298398525751513,0.9552856843437989,0.9787891114304239
2019-02-13,1.3642293948505018,1.0247037334114915,1.0298295541766256,0.9558691138511518,0.9789618438275487
2019-02-14,1.3790705089384427,1.0247037334114915,1.0298295541766256,0.9525790036144136,0.9778160666131376
2019-02-15,1.3811373816535213,1.0247446700518998,1.0298295541766256,0.9524678215139011,0.9777118317687243
2019-02-19,1.3835918157468894,1.0247241751584988,1.0298295541766256,0.9523475580039181,0.9776774351445808
2019-02-20,1.3787126666642786,1.0247241751584988,1.0298295541766256,0.9529654381823027,0.977818775087467
2019-02-21,1.3875517347435287,1.0247241751584988,1.0298295541766256,0.951740349830228,0.977300966404616
2019-02-22,1.3892610077893746,1.0247241751584988,1.029879800423565,0.9515615906186472,0.977309557699083
2019-02-25,1.3881628565663213,1.0247241751584988,1.0298354999003179,0.9516794896338533,0.9772675184972629
2019-02-26,1.3874076274141365,1.0247241751584988,1.0298183359753195,0.9517961917020454,0.9772520916660048
2019-02-27,1.3834874956262855,1.0247241751584988,1.0298183359753195,0.9526999312750295,0.9776103307262567
2019-02-28,1.3930270854456364,1.0247241751584988,1.0316185143411458,0.951478707562035,0.9792442965388901
2019-03-01,1.3876213623589082,1.0247241751584988,1.0314775264775191,0.9527405631726319,0.9791325357691825
2019-03-04,1.3860512232413558,1.0247241751584988,1.0312980182705063,0.9528249653195038,0.9789588733945668
2019-03-05,1.3770084883219968,1.0247241751584988,1.0311187628894656,0.9544732765680692,0.9787887153580297
2019-03-06,1.3658193062699826,1.0244295424481498,1.0304768372010973,0.9540683979902387,0.9781793678779076
2019-03-07,1.362907804485411,1.0241410718961632,1.030134956135606,0.9537997405316266,0.977854837531898
2019-03-08,1.382896267407887,1.0240830372354224,1.0300628466886763,0.9530706414290732,0.9771931801970068
2019-03-11,1.3869804001295245,1.0240830372354224,1.030197623858473,0.952719870708455,0.9773014958437178
2019-03-12,1.3966193366683806,1.0240830372354224,1.0301701519218367,0.9509758586473798,0.9768871417022458
2019-03-13,1.3954070398249923,1.0240830372354224,1.0301701519218367,0.951072227748516,0.9769443501082049
2019-03-14,1.4023630084248786,1.0240830372354224,1.0307553789147732,0.9509360988416357,0.9774570059225998
2019-03-15,1.4075600912703992,1.0240830372354224,1.0306900977407754,0.9509297592676433,0.9766550965044923
2019-03-18,1.4073763180346843,1.0240830372354224,1.0306900977407754,0.9508149979975162,0.9766123592306793
2019-03-19,1.4032325044998644,1.0240830372354224,1.0306900977407754,0.9516203481803945,0.9769664598092423
2019-03-20,1.4184610586636293,1.0240830372354224,1.0306900977407754,0.9483749002143608,0.9764293407963797
2019-03-21,1.3915464675478582,1.0240830372354224,1.0306900977407754,0.9503194893392286,0.9804207140623633
2019-03-22,1.3903789313143566,1.0240738954464699,1.0306900977407754,0.9502571545853102,0.9806083322311656
2019-03-25,1.400365642022714,1.0240704818668183,1.0306900977407754,0.9492805783658117,0.9799664082982904
2019-03-26,1.3938618890153984,1.0240704818668183,1.0306900977407754,0.9500257791067591,0.9808720174459189
2019-03-27,1.3988651305205413,1.0240704818668183,1.0306900977407754,0.9497086365714769,0.9801209087548642
2019-03-28,1.4082854800159927,1.0240704818668183,1.0306900977407754,0.9480519118913459,0.9795682703235533
2019-03-29,1.424577371595121,1.0240704818668183,1.0306900977407754,0.9451177291147002,0.9793877868272597
2019-04-01,1.4246022386006136,1.0240474210963844,1.0306900977407754,0.9449704305630622,0.9792693079285391
2019-04-02,1.4276628211156759,1.0240235266565587,1.0306900977407754,0.9449483812530157,0.9789225426962171
2019-04-03,1.4306389771145287,1.0240235266565587,1.0306900977407754,0.9448344050720643,0.9783332263127289
2019-04-04,1.4372720385504067,1.0240235266565587,1.0308322104173173,0.9441123125200809,0.9783409366472261
2019-04-05,1.438777523453678,1.0240235266565587,1.030815029880477,0.9439882442078102,0.9782237014035658
2019-04-08,1.4300477488961303,1.0240235266565587,1.030815029880477,0.945752289044132,0.9792366347555079
2019-04-09,1.4350212712971475,1.0240235266565587,1.0314289568335175,0.9452974077597894,0.9797317116441888
2019-04-10,1.4350759787092315,1.0240235266565587,1.031414589395883,0.9452189564153275,0.9797180643307482
2019-04-11,1.4445608611164984,1.0240235266565587,1.0333481544163379,0.9445602614359149,0.9815547152745816
2019-04-12,1.44365169913519,1.0240235266565587,1.0331706308483841,0.9446336681753249,0.9813860895365353
2019-04-15,1.4443870346829806,1.0240235266565587,1.033119552421729,0.9445190156185972,0.9813375712609493
2019-04-16,1.4411027704209494,1.0240235266565587,1.0330885588351564,0.9450685613820011,0.9816678774846636
2019-04-17,1.4433784046797014,1.0240603605192802,1.0330885588351564,0.9449670954278094,0.9815452522661041
2019-04-18,1.4448391289730858,1.0240432928466048,1.0330885588351564,0.9444655516494971,0.9814561268080397
2019-04-22,1.4576132490434826,1.0240432928466048,1.0333757989773862,0.9414500298451899,0.9816962958546795
2019-04-23,1.4544185060012251,1.0240432928466048,1.0333585760474033,0.9415677736988859,0.9818238700453974
2019-04-24,1.4538818638924447,1.0240432928466048,1.0333585760474033,0.941588230489774,0.9818492631070543
2019-04-25,1.4606937251629388,1.0240432928466048,1.0333585760474033,0.9401514043707265,0.9809304258395635
2019-04-26,1.4622588908793925,1.0240432928466048,1.0333585760474033,0.9398397849335725,0.9807608527664167
2019-04-29,1.4636501088598628,1.0240432928466048,1.0333585760474033,0.9395743594641768,0.9806393893063329
2019-04-30,1.452669567049056,1.0240432928466048,1.0333585760474033,0.9408400323117456,0.982898807484612
2019-05-01,1.449584117528501,1.0240432928466048,1.0333585760474033,0.9408345122713004,0.9832573661765328
2019-05-02,1.4635556142389903,1.0240432928466048,1.0333585760474033,0.9391968627028688,0.9822605123883951
2019-05-03,1.4570120740228862,1.0240432928466048,1.0330846126594413,0.9395512144035377,0.9819509830619166
2019-05-06,1.4329543985820685,1.0240432928466048,1.0288942875129803,0.9433058558660979,0.9779680625474738
2019-05-07,1.430653897317824,1.0237558199571857,1.0287708201984787,0.9429247068069283,0.9779516063074797
2019-05-08,1.426331283948388,1.0236875695691885,1.0287708201984787,0.9430520462697789,0.9782044297746991
2019-05-09,1.4316376603156107,1.023797455511694,1.0287708201984787,0.943115554451943,0.977696376836724
2019-05-10,1.3970914458653452,1.0237803922207689,1.0287708201984787,0.9444370166226443,0.978433903962694
2019-05-13,1.4082904534170908,1.0248063491077395,1.0287708201984787,0.945355128344335,0.975228392833189
2019-05-14,1.4165134262724497,1.0247380286844656,1.0287708201984787,0.9452921046691121,0.974658022537937
2019-05-15,1.4291137199093287,1.0251395006165953,1.0287708201984787,0.9456624512719171,0.9735338490163856
2019-05-16,1.4207715067300704,1.0251155806949142,1.0287708201984787,0.9459095759875067,0.9747732830877255
2019-05-17,1.411182182899734,1.0246696936798296,1.0287708201984787,0.9454729163727399,0.975463678772214
2019-05-20,1.42317135471382,1.025301260400353,1.0287708201984787,0.9460556692664971,0.9750444189610874
2019-05-21,1.419151754903998,1.025263666020805,1.028679619082829,0.9460649607232564,0.9749352296848821
2019-05-22,1.4022437681009785,1.024160592024242,1.0284310732862174,0.9450376354093492,0.9746996694105153
2019-05-23,1.404141787783638,1.0244031201228179,1.0284207889754846,0.9452614266610174,0.9746658335691334
2019-05-24,1.3923811498151535,1.0233726627277366,1.0252564396787047,0.9443105786908638,0.9716603851940904
2019-05-28,1.3827571334795932,1.0215090829218114,1.0250787285624938,0.9425909723450393,0.9716581027575444
2019-05-29,1.3856588097644336,1.0217336067216112,1.0252207370109616,0.9427981502451735,0.9717797551816671
2019-05-30,1.3673745251842393,1.020800738544611,1.0251763107790246,0.9419373521017901,0.9726423658527917
2019-05-31,1.3635934060222161,1.0202125754206484,1.024685351882846,0.9413946283412459,0.9721409020099102
2019-06-03,1.392818445204429,1.02571784707507,1.0267077609833488,0.9464745825467653,0.9740596047644516
2019-06-04,1.4041864270910596,1.0255879228144404,1.026659847954503,0.9463546957663094,0.9717079908052875
2019-06-05,1.4128019347258065,1.0255879228144404,1.026659847954503,0.9461035110191579,0.9702244083596553
2019-06-06,1.4276331020115505,1.026134777095715,1.026659847954503,0.9465890613047643,0.9688114126685048
2019-06-07,1.4342859357493567,1.0266743926459823,1.026659847954503,0.9470868459901627,0.9679095055019283
2019-06-10,1.4337841074482662,1.026596385065591,1.026659847954503,0.9470148855382363,0.9678598132981862
2019-06-11,1.4308626588614977,1.0263143174179477,1.0265903751381635,0.9467546837053319,0.9677685098132599
2019-06-12,1.436725449639429,1.0263122289629059,1.026850265519648,0.9467527571468117,0.9680135089222476
2019-06-13,1.4344101494743546,1.0263053868813794,1.0267475557998305,0.9468236161054859,0.9679166842929714
2019-06-14,1.4357466600427409,1.0263053868813794,1.0267461542738354,0.9465691353193696,0.9679153630720088
2019-06-17,1.449698384451302,1.0263053868813794,1.0268058246524516,0.9449558508658595,0.9679716144404142
2019-06-18,1.4540259712218369,1.0263053868813794,1.0268024019663695,0.9446704293065455,0.9670687773658075
2019-06-19,1.4677987744933159,1.0263053868813794,1.0268024019663695,0.9429528850449765,0.9631473285146475
2019-06-20,1.465950488821642,1.0263053868813794,1.0268024019663695,0.9430307625298033,0.9635324563630567
2019-06-21,1.4634116282120644,1.0262290336259876,1.0268024019663695,0.9429134530546982,0.9635661569908158
2019-06-24,1.4495144899131216,1.026088831620065,1.0265286866382748,0.9427846335093549,0.9632643321655628
2019-06-25,1.4477258850546304,1.0260245054098158,1.0265149995891196,0.9427255296962289,0.9633646041945814
2019-06-26,1.453260795267455,1.0260039849197076,1.0265149995891196,0.9421089252175467,0.9631594778381508
2019-06-27,1.4616278754522058,1.0260039849197076,1.026658915695311,0.9403308499215003,0.9632752483906702
2019-06-28,1.4728419245097129,1.0260039849197076,1.0266452269097683,0.9394191733501237,0.9600610534292986
2019-07-01,1.477154591076952,1.0260039849197076,1.0266452269097683,0.9391378367955718,0.9591820372798819
2019-07-02,1.4884878804583583,1.0260039849197076,1.0266452269097683,0.9376497956817113,0.958995493135829
2019-07-03,1.4857998178158243,1.0260039849197076,1.0266452269097683,0.9376425158286477,0.9590153878374374
2019-07-05,1.4786153153703363,1.0260039849197076,1.0266452269097683,0.9378238725596739,0.9595484306094512
2019-07-08,1.480443707437616,1.0260039849197076,1.0266452269097683,0.9377449139624359,0.9594311182424342
2019-07-09,1.4871215294833806,1.0260039849197076,1.0269197305992517,0.9368959465534613,0.9596492730253802
2019-07-10,1.490519939365747,1.0260039849197076,1.026885499941565,0.9364093072940313,0.9594212763898696
2019-07-11,1.4974064016527195,1.0260039849197076,1.026885499941565,0.9349460831446411,0.9588669666419953
2019-07-12,1.4976697493060112,1.0260039849197076,1.026885499941565,0.9348881572537664,0.9588239385458341
2019-07-15,1.4925720131799958,1.0260039849197076,1.026885499941565,0.9354622618226774,0.9590133638459586
2019-07-16,1.4828236618169715,1.0260039849197076,1.0267892295139913,0.9365526589388179,0.9588946860244091
2019-07-17,1.4881351328877586,1.026151551546746,1.0267823842524613,0.9366030703497572,0.9588100092734989
2019-07-18,1.4789433172379087,1.0261276080105433,1.0251370514383076,0.9369002270971308,0.9572640083998805
2019-07-19,1.4831267966790513,1.026494003859134,1.025014034992135,0.9372066558255152,0.9565330916836926
2019-07-22,1.4932824817222936,1.0264153059855048,1.025838161110281,0.9355739517910765,0.9572096932668324
2019-07-23,1.5002832109320667,1.0264153059855048,1.026376374044374,0.935363431486381,0.9577118998107944
2019-07-24,1.4923881186418149,1.0264153059855048,1.0256459497013006,0.9360292408126916,0.9570303407814137
2019-07-25,1.5034134210625087,1.0267452221253055,1.0257933060627453,0.9362614624143253,0.9571678390173799
2019-07-26,1.5009837326721676,1.0267212647367892,1.0254886145309934,0.936532209339939,0.9568835313178753
2019-07-29,1.4971132135928362,1.0267212647367892,1.0254134120325944,0.9370738553781064,0.9568531404720179
2019-07-30,1.4808163486126096,1.0267212647367892,1.0225336104751064,0.9379603107876392,0.9541563170911213
2019-07-31,1.4674907875326029,1.022950254123389,1.0210170496156428,0.934471535868428,0.9527411693546688
2019-08-01,1.4568034337816789,1.0211797784870014,1.020704525148053,0.9328541951615034,0.9524495435421366
2019-08-02,1.4134230033507962,1.0168783362944405,1.0155707522420279,0.9289248004759562,0.9476590683943132
2019-08-05,1.4318215548537914,1.0185482086555468,1.0154861213460078,0.9304502394537533,0.9451035888515263
2019-08-06,1.432919584774379,1.0185955330605505,1.0154861213460078,0.9304934705974472,0.9449075898392066
2019-08-07,1.4598044567860244,1.020995912952712,1.0154861213460078,0.9326862328314408,0.9409978393264171
2019-08-08,1.4501455053403083,1.020598181606784,1.0154861213460078,0.9323229027279543,0.9416086454257786
2019-08-09,1.4322835959460933,1.0202493459879065,1.0154861213460078,0.9320042391808032,0.9431425035840093
2019-08-12,1.4539564649089227,1.0203420641285426,1.0154861213460078,0.9320889377894929,0.9392739371750678
2019-08-13,1.4113660774379149,1.0201428066087428,1.0154861213460078,0.9319069147831833,0.9456781971263402
2019-08-14,1.414844061737858,1.0204267438305772,1.0155260150844216,0.9321662932336098,0.9456050193122834
2019-08-15,1.4352547785438474,1.0212691749654634,1.016761839974113,0.9329358594107601,0.9467557551883957
2019-08-16,1.4526297798402676,1.0212385368902146,1.0167177802943808,0.9324374527767059,0.9457599550493437
2019-08-19,1.4411326108275406,1.0210093783807823,1.0167177802943808,0.9322095718364448,0.946826293139149
2019-08-20,1.4530173412185572,1.020995764922404,1.0167177802943808,0.9311099624589904,0.9467568592109854
2019-08-21,1.4522820056707664,1.0208656531540223,1.0167177802943808,0.9309292313936232,0.9467575877236205
2019-08-22,1.4146006076889606,1.0166106028835966,1.0167177802943808,0.9270490433732401,0.9505115809391811
2019-08-23,1.430137148813438,1.018319245521641,1.0183520437642677,0.9286071576783367,0.951966552575568
2019-08-26,1.4255561611918088,1.018020958310239,1.0182372662472439,0.928335149031962,0.951859257305859
2019-08-27,1.4348871107699523,1.0186771216997426,1.0186133984875088,0.9289335056109809,0.9522108698098748
2019-08-28,1.4530919422350355,1.0186261878436575,1.019209701850717,0.9288053914877319,0.9527683006712734
2019-08-29,1.4540259712218366,1.0186261878436575,1.019185920291007,0.9286174306515363,0.9524702371706159
2019-08-30,1.4439944999035923,1.0178222499721892,1.019185920291007,0.9278009554876997,0.9545006352715812
2019-09-03,1.4596504026544352,1.0177679661188572,1.0193264603112768,0.9274708543185836,0.9544827171211043
2019-09-04,1.478640182375829,1.0188714137097492,1.0205234036665307,0.9284640369611932,0.9556035177580404
2019-09-05,1.4799866397464123,1.018827262615155,1.0204757792410264,0.9284150722118876,0.9552713540211698
2019-09-06,1.4798475058181186,1.018827262615155,1.0204757792410264,0.9283980641557765,0.9552672426647456
2019-09-09,1.4803244671137161,1.018827262615155,1.0204757792410264,0.9283733068740657,0.9551581907399218
2019-09-10,1.4910267410679356,1.018827262615155,1.0207962614849675,0.9282776264782395,0.955397666526271
2019-09-11,1.4953196353332463,1.018827262615155,1.0207724429055327,0.9282419910994807,0.9553108052143003
2019-09-12,1.4942364043134886,1.018827262615155,1.0207724429055327,0.928306506413026,0.9553532307603122
2019-09-13,1.4895510965712557,1.018827262615155,1.0207724429055327,0.9290990267617796,0.955946843863114
2019-09-16,1.493396748645094,1.018827262615155,1.0209991090871082,0.9284820641892162,0.9560603341140829
2019-09-17,1.4939085237483818,1.018827262615155,1.0209446558012902,0.9283440799472931,0.9559556332705781
2019-09-18,1.493938364154973,1.018827262615155,1.020941388606338,0.9282786052818497,0.9559207088636745
2019-09-19,1.4866246745833887,1.018827262615155,1.020937985468376,0.9286563408526635,0.9570940327945844
2019-09-20,1.4864805672539965,1.0187137366919585,1.020937985468376,0.9285095252024802,0.956998127883744
2019-09-23,1.4739697948368913,1.0186186567432007,1.020937985468376,0.9307750006902982,0.9577371167245964
2019-09-24,1.4830473435639404,1.0190413447046418,1.0214001495351688,0.9310123128787728,0.9581259762606134
2019-09-25,1.4794451455389994,1.0190039798553359,1.020583414786445,0.9314690400402176,0.9573598369773725
2019-09-26,1.4715798936553388,1.0190039798553359,1.0198145024972938,0.9320279878923572,0.9566385576256541
2019-09-27,1.4790078501497241,1.0190039798553359,1.019749914245469,0.9318276762298152,0.9565779705170044
2019-09-30,1.460877619701119,1.0190039798553359,1.016800901544136,0.9350571948270742,0.953811644631155
2019-10-01,1.4347232311386315,1.0190039798553359,1.0163317522589193,0.9352642140523554,0.9533715584248678
2019-10-02,1.446160719338176,1.0192577768111188,1.01659504697719,0.9354878018256321,0.9536185424390197
2019-10-03,1.4667206381771223,1.0193407912636019,1.018657187982613,0.9355639935500809,0.9555529369707877
2019-10-04,1.4601522309555257,1.0193373934609644,1.0185824864554942,0.9362556388638735,0.9558123239225653
2019-10-07,1.4374310660830945,1.0193373934609644,1.0184734246611162,0.9369702300731577,0.9556685645290287
2019-10-08,1.4505181465153025,1.0196882287012812,1.0195868561918744,0.937267730334923,0.956713335543113
2019-10-09,1.4598242290879533,1.019761859645684,1.0195222823576489,0.9373354097551619,0.9551530404195364
2019-10-10,1.4757932135030731,1.0197550612332864,1.0195222823576489,0.9366143502741333,0.954313596193516
2019-10-11,1.473746113089923,1.0197550612332864,1.0193811919871136,0.9367397380745724,0.9541465384702248
2019-10-14,1.4884182528429792,1.0197550612332864,1.0193438146767408,0.9352910353306709,0.9519167786087565
2019-10-15,1.4854420968441264,1.019636111567034,1.0190890253276084,0.9351102323526022,0.9515741320902208
2019-10-16,1.4895461231701579,1.019612320057764,1.0190824057543184,0.9350070502554209,0.9515679510652546
2019-10-17,1.4837080780952532,1.019612320057764,1.0190756118716133,0.9352539718693275,0.951886981185673
2019-10-18,1.4939035503472837,1.019612320057764,1.0190756118716133,0.9334038134415042,0.9517989531141275
2019-10-21,1.4885723069745682,1.019612320057764,1.0190756118716133,0.9341623802867548,0.9518215974669474
2019-10-22,1.4928104938277946,1.019612320057764,1.0190756118716133,0.933731810686665,0.9515061813541024
2019-10-23,1.495677356304945,1.019612320057764,1.019297568348744,0.9331072030393444,0.9516658457802625
2019-10-24,1.5017688022309443,1.019612320057764,1.0192194222018374,0.9322529345852137,0.950374413521585
2019-10-25,1.5101506813165249,1.019612320057764,1.0192194222018374,0.9309917320804554,0.9485038893306174
2019-10-28,1.5088936238632495,1.019612320057764,1.0192194222018374,0.9311694533500392,0.9487986156014555
2019-10-29,1.5138026133524516,1.019612320057764,1.0192194222018374,0.9304159839552331,0.947261587008739
2019-10-30,1.509226599131921,1.019612320057764,1.0192194222018374,0.9310878868371079,0.9487825841347833
2019-10-31,1.523809217665203,1.019612320057764,1.0192194222018374,0.9301230645031693,0.9451071495656199
2019-11-01,1.5294535427021956,1.019612320057764,1.0192194222018374,0.9296481946310137,0.943891687953507
2019-11-04,1.5276400708382114,1.019612320057764,1.0192194222018374,0.9298504121653944,0.9443498734033402
2019-11-05,1.5287132337533063,1.019612320057764,1.0192194222018374,0.9297192571599869,0.9441173746739299
2019-11-06,1.5328867663922519,1.019612320057764,1.0192194222018374,0.9291298576632285,0.9438095192838197
2019-11-07,1.5368119928836672,1.019612320057764,1.0192614278237138,0.9281703894793506,0.9437949344585922
2019-11-08,1.5337960496760261,1.019612320057764,1.0191712245225255,0.9286066214567389,0.94371140984321
2019-11-11,1.536195897659776,1.019612320057764,1.019150841098035,0.9282850797598052,0.9434457344731482
2019-11-12,1.537288954179265,1.019612320057764,1.019150841098035,0.9280854994018662,0.94330736306507
2019-11-13,1.5385757307366659,1.019612320057764,1.019150841098035,0.9278856044855763,0.9431200513542369
2019-11-14,1.5504158218202615,1.019612320057764,1.019150841098035,0.9260259730728763,0.9421146240129472
2019-11-15,1.551195917977939,1.019612320057764,1.019150841098035,0.9258738657385879,0.9420515391380098
2019-11-18,1.5502766878919678,1.019612320057764,1.019150841098035,0.9260405236522573,0.942104224417226
2019-11-19,1.5444535630203589,1.019612320057764,1.0177916970551395,0.9269511521086358,0.9408007248698893
2019-11-20,1.5420090757291878,1.019612320057764,1.0173089849343333,0.9271977199663562,0.940354527564024
2019-11-21,1.545362846304133,1.019612320057764,1.0178128762836078,0.9268078448529933,0.9408203019931384
2019-11-22,1.5569643354374638,1.019612320057764,1.0200270998297398,0.9248194945542362,0.9428670303396678
2019-11-25,1.5603827602266902,1.019612320057764,1.0209838167519938,0.924184475030204,0.9437513762982329
2019-11-26,1.5668964600362028,1.019612320057764,1.0207455871947517,0.9229437735801318,0.9425312289072596
2019-11-27,1.5606112940722918,1.019612320057764,1.0203158051509862,0.9238508817857994,0.9420275585919904
2019-11-29,1.547141625662893,1.019612320057764,1.0202681904134125,0.9252522869513891,0.9421878545217718
2019-12-02,1.536871552394384,1.019612320057764,1.0199768795579474,0.9252570747632995,0.9419062749561499
2019-12-03,1.546590063350817,1.0200477573414024,1.0199564800203562,0.9256460481630409,0.9412875684688874
2019-12-04,1.54891033691699,1.0200103555903,1.0200176927806643,0.9253528943640402,0.9413001331557079
2019-12-05,1.5630607547645616,1.0200103555903,1.0209878764159817,0.9236343799873193,0.9421954450621318
2019-12-06,1.5581170727701357,1.0200103555903,1.020020145464833,0.9238803273259945,0.9413023965595202
2019-12-09,1.5564079210267554,1.0200103555903,1.0198807427116194,0.9240919700428865,0.9411924817485096
2019-12-10,1.5609342012363006,1.0200103555903,1.0198807427116194,0.923330255585238,0.9407163159388349
2019-12-11,1.5743195644319556,1.0200103555903,1.0198807427116194,0.9204987896988638,0.9403909777998959
2019-12-12,1.5744338313547563,1.0200103555903,1.0198807427116194,0.9204017412377486,0.9403707542666018
2019-12-13,1.585687546318586,1.0200103555903,1.0198807427116194,0.9191644882037265,0.9400060014890435
2019-12-16,1.5862192150262675,1.0200103555903,1.0198807427116194,0.9190608933878673,0.939942081282431
2019-12-17,1.5855334921869964,1.0200103555903,1.0196018311140507,0.9190732125032488,0.9396317675030743
2019-12-18,1.5926038490121492,1.0200103555903,1.0208681104107264,0.9178643845237966,0.9407987291712268
2019-12-19,1.600478926395541,1.0200103555903,1.0222815418201496,0.9159605401454491,0.9421013014234063
2019-12-20,1.601865170974913,1.0200103555903,1.0222035962956402,0.9157027485764578,0.9420294693721794
2019-12-23,1.6015520893106359,1.0200103555903,1.0221797448783931,0.9156814924759954,0.9419481966853095
2019-12-24,1.6097651153637975,1.0200103555903,1.0221797448783931,0.9151462532419979,0.9407024994981877
2019-12-26,1.6098198227758813,1.0200103555903,1.0221575151471884,0.9151036345344695,0.9405628860336525
2019-12-27,1.6005137402032308,1.0200103555903,1.0221336648051682,0.9157815216434317,0.9408389563025882
2019-12-30,1.6052288883520551,1.0200103555903,1.0224170163948563,0.9157204695419888,0.9410715465468809
2019-12-31,1.6186787844595256,1.0200103555903,1.0234953068030952,0.9130645057654779,0.9420640460904489
2020-01-02,1.6072511217597125,1.0200103555903,1.0234304854336644,0.9145720077710153,0.9424987674904773
2020-01-03,1.612930139301929,1.0200103555903,1.0234304854336644,0.9142033302561503,0.9419282356046426
2020-01-06,1.6084087111910166,1.0200103555903,1.0234304854336644,0.9145407810607883,0.9422677365132746
2020-01-07,1.6162938566790714,1.0200103555903,1.0244517554337722,0.9135837080825727,0.9431451972517932
2020-01-08,1.6270507167429091,1.0200103555903,1.0251664093196586,0.9123271459214329,0.9438031319730683
2020-01-09,1.6224051962094646,1.0200103555903,1.0248990642161462,0.9130373785161062,0.943557004960206
2020-01-10,1.6337234440851096,1.0200103555903,1.02495681680358,0.9120786861016178,0.9436101739602865
2020-01-13,1.6312491163873475,1.0200103555903,1.024881057485099,0.9124139628337161,0.9435404273499718
2020-01-14,1.6342998734026786,1.0200103555903,1.0254258229368478,0.911870168652209,0.9440419569893329
2020-01-15,1.6479733299546524,1.0200103555903,1.0275983281493488,0.9091023760386652,0.946042039322451
2020-01-16,1.6543380703361403,1.0200103555903,1.0274647403666894,0.9080013957064313,0.9453413034156192
2020-01-17,1.649950802752423,1.0200103555903,1.0274647403666894,0.9083964088449912,0.9457194114878175
2020-01-21,1.6504277640480207,1.0200103555903,1.02741850742806,0.9082900474780009,0.9456043516974401
2020-01-22,1.6523108635273844,1.0200103555903,1.027747615813682,0.90786464248507,0.9459072529196532
2020-01-23,1.6373704027199383,1.0200103555903,1.0237999951427845,0.910585864154409,0.9422739844333807
2020-01-24,1.6116134010354717,1.0195688757510741,1.0220256768915352,0.9100399810009961,0.9406409565605643
2020-01-27,1.6278158926972917,1.0196270155419356,1.0226217376740538,0.910091875027412,0.941189552547254
2020-01-28,1.626404781112427,1.019623616785217,1.0225910590219236,0.9101066488129094,0.9411751287868994
2020-01-29,1.631502517238442,1.019623616785217,1.0225910590219236,0.9098883570227808,0.9409659144158293
2020-01-30,1.6026154267259993,1.019623616785217,1.0197364356207372,0.9107384751958093,0.9383077869013554
2020-01-31,1.614241782864823,1.0206337341494303,1.0196582558273397,0.9116164362274765,0.9367806070511049
2020-02-03,1.6384237933331045,1.0205588876755927,1.0196582558273397,0.9091975510235555,0.9363251964258402
2020-02-04,1.6568570373413238,1.0205588876755927,1.0196582558273397,0.9064243540159018,0.9356041888276474
2020-02-05,1.6623672018511213,1.0205588876755927,1.019869545343659,0.9062864223772864,0.9357668741892035
2020-02-06,1.6533889998435776,1.0205588876755927,1.01918476844604,0.9067632115604706,0.9351385668336916
2020-02-07,1.6655023853826616,1.0214877864690046,1.0191236173599334,0.9075401743754477,0.9343993736531861
2020-02-10,1.6683145404477278,1.02178250089167,1.0191236173599334,0.9078020132168706,0.9343039446419794
2020-02-11,1.6790962675170584,1.0225408517632069,1.0192451508366467,0.90847576956649,0.934393562698882
2020-02-12,1.6763585921660045,1.0224794993121011,1.0192349583851383,0.9085171127259809,0.9343983025128476
2020-02-13,1.679449015087658,1.0224794993121011,1.0194997044365404,0.9084340278269494,0.9346347829399342
2020-02-14,1.6745451203020205,1.0224794993121011,1.0194011527984448,0.9089621186493193,0.9348460032524044
2020-02-18,1.6824251710865108,1.0224794993121011,1.0206016200316357,0.9079009715627631,0.9358845735795526
2020-02-19,1.6760058445954047,1.0224794993121011,1.0204587358048312,0.9088959273428816,0.9357949223232538
2020-02-20,1.65837744244789,1.0224794993121011,1.0204587358048312,0.9107654844005505,0.9361136572875388
2020-02-21,1.6027991999617137,1.021320224779815,1.0179133722901406,0.9096417932797292,0.9337630765594578
2020-02-24,1.5542664472951975,1.0156787250255008,1.0112666703757214,0.9046171753109546,0.9276658535564648
2020-02-25,1.548393588412603,1.015320918424892,1.010076515166958,0.9042984938338544,0.9265740877740606
2020-02-26,1.4800115067519044,1.010826778813599,1.001986424825844,0.9002957754737559,0.9191528004109064
2020-02-27,1.4678186680977092,1.0105676475614653,1.0004422065506038,0.9000649794793493,0.9177362417460726
2020-02-28,1.535395907897703,1.012728743801428,1.0019008255765935,0.9019897660560505,0.9190742776009039
2020-03-02,1.4922391592137894,1.0127051134640728,0.9948474961540634,0.9021347332265996,0.9126040427451112
2020-03-03,1.5552155177877598,1.0129866629768862,0.9986898377439252,0.9023825351481769,0.9161287402309783
2020-03-04,1.5024593771688468,1.0129832863546764,0.9979756664441033,0.9035859071510127,0.9154736090496168
2020-03-05,1.476836657314041,1.011560745659675,0.9962338144858947,0.9022989223701698,0.9138757549613571
2020-03-06,1.3646418232342834,1.0038658336694353,0.9820630424733175,0.895435161764277,0.900876472279849
2020-03-09,1.4320500886993925,1.0111152088805275,0.9819713832560201,0.9019015094046847,0.8959976802482786
2020-03-10,1.3620680275145503,1.007780655731734,0.9819713832560201,0.8989271317158981,0.8977192541979354
2020-03-11,1.2325180857427667,1.0058400864496717,0.974460269928251,0.897196169359458,0.8908346322400725
2020-03-12,1.3469835806801775,1.021954667191561,0.9744212915174538,0.9115701641000028,0.8835902091355029
2020-03-13,1.1855603242924355,1.0121092470259174,0.9595680546280408,0.9027881783973564,0.8700832339367375
2020-03-16,1.2566404153978652,1.0137004136547962,0.9641481253895173,0.9042074781682391,0.8742361887590501
2020-03-17,1.191507784191508,1.008762809516606,0.9641095594645017,0.8998032000148057,0.8807829168330832
2020-03-18,1.197117174118345,1.0092909488772883,0.9649750075618498,0.9002742934000026,0.8815089747129335
2020-03-19,1.1452107572724894,1.0080802165809526,0.9648720768943766,0.8991943360658041,0.8867042933542062
2020-03-20,1.1116631047208405,1.0036885817039407,0.9560562470830346,0.8952770553350389,0.87854059656295
2020-03-23,1.2159679412139108,1.0055084913813626,0.9715413067697926,0.8969003909061299,0.8927701501237624
2020-03-24,1.2299941453364842,1.0059623783748235,0.9714571065232058,0.8973052521533015,0.8878935671675262
2020-03-25,1.306763200786328,1.0130412737725798,0.9714571065232058,0.9036195340354057,0.8657059960118966
2020-03-26,1.2627418081260613,1.0093977179230336,0.9714571065232058,0.9003695299889387,0.8757928694610113
2020-03-27,1.305063874542679,1.0120907379657331,0.9729538762518316,0.9027716685583477,0.8769904406955527
2020-03-30,1.2841662496388946,1.0096800735686973,0.9729311739947191,0.9006213875228544,0.8805071498806106
2020-03-31,1.2274800304299336,1.0037307113942364,0.9642443715642061,0.8953146344664128,0.8725310881321104
2020-04-01,1.255502598268489,1.0036637960134769,0.9741014921523697,0.8946979573309969,0.881450657077779
2020-04-02,1.2364978983437998,1.003036019359011,0.9737856421779816,0.8941264078685862,0.8811648489051139
2020-04-03,1.323462426045674,1.0030159586386238,0.9905624028814619,0.8936863109903516,0.8963459022808193
2020-04-06,1.3213408459185114,1.0029175201817404,0.9904402335184398,0.8935956234600273,0.8962353529528714
2020-04-07,1.366341028175466,1.0069794441315207,0.9906618045919474,0.8972147819564243,0.8964358494821408
2020-04-08,1.3861357710600302,1.0084282267593947,0.9906585023859321,0.8985056416627922,0.8917753074218177
2020-04-09,1.3721293392393852,1.0074738149804063,0.9906585023859321,0.8976552644667412,0.8916207330351978
2020-04-13,1.4140788857834747,1.0090963899318939,0.9906585023859321,0.8991009724598794,0.8906972342114683
2020-04-14,1.3829261078144772,1.0066981915227065,0.9906585023859321,0.8969641869720255,0.891990552635339
2020-04-15,1.390970159532754,1.0066445009524918,0.9906585023859321,0.8969163488820536,0.891676273410625
2020-04-16,1.4282392504332433,1.0066445009524918,0.9939579123365921,0.8965899479295318,0.894619270580475
2020-04-17,1.4027008357921813,1.0050408919389757,0.9938949616688109,0.8951556812119043,0.8962212162148435
2020-04-20,1.3596732742343642,1.0049973401669918,0.9893505723876744,0.8954770396629844,0.8920756224641918
2020-04-21,1.3908509192088545,1.0049973401669918,0.9971161359432426,0.8939443845940722,0.8990776600997491
2020-04-22,1.3901006634577682,1.0049973401669918,0.9969417301424106,0.8939178012037515,0.8989204022301115
2020-04-23,1.40944816415086,1.0049973401669918,0.9988344519540214,0.8939148214777475,0.9006270278038648
2020-04-24,1.4301868828244224,1.0049973401669918,0.999980240508422,0.8931894837447604,0.9016601601094464
2020-04-27,1.4226892987146573,1.0046895493761536,0.9999402412988017,0.8928921168757774,0.9021942291350299
2020-04-28,1.4605099519272227,1.0078610896689297,1.0015051827512742,0.8957107421192988,0.9035460483776684
2020-04-29,1.4470550824186534,1.0068639848701502,1.0014751375957918,0.8948245907553455,0.9064578579966274
2020-04-30,1.4064521145476132,1.004405441555432,0.9999497422580126,0.8926396233232939,0.9049079826174151
2020-05-01,1.4124292935508114,1.0043619173196312,1.000876320976659,0.8924030810050309,0.905746493238092
2020-05-04,1.4251984402201094,1.0043619173196312,1.0017111075156904,0.8922806366820449,0.906501936207901
2020-05-05,1.4152513954180748,1.0043619173196312,1.0013581320835985,0.8923636712520022,0.9061825098680867
2020-05-06,1.4315333401950059,1.0043619173196312,1.0053485446576447,0.8918697038443706,0.9097936475479037
2020-05-07,1.455685510256696,1.0043619173196312,1.0065647380067169,0.8904444868954984,0.9108942459314749
2020-05-08,1.4558792302946078,1.004349633244246,1.0065244754171965,0.8903920420369329,0.9106886544177661
2020-05-11,1.426033243789871,1.004332894083692,1.0065244754171965,0.8904959229933385,0.910937581766706
2020-05-12,1.4011308179770945,1.004332894083692,1.002546892586143,0.8907002944744541,0.9073286297900467
2020-05-13,1.4172786022268307,1.0054401532920982,1.0059730432645937,0.8916763377545907,0.910429377120193
2020-05-14,1.4228433528462465,1.0059956924345537,1.0070689318988026,0.8921690186032738,0.9114211822319862
2020-05-15,1.4676646139661194,1.0059219194171085,1.0192817851676566,0.8919132563970285,0.9224741030521503
2020-05-18,1.4522770322696668,1.005848256430966,1.019084724022524,0.891844969144473,0.9251816676288825
2020-05-19,1.4764590427379483,1.0058449036034447,1.019084724022524,0.8917400221780334,0.9229447442389108
2020-05-20,1.4649816460271496,1.0056229848092795,1.019084724022524,0.8915403057901161,0.9256946014015018
2020-05-21,1.4684297899205014,1.005785523893113,1.019084724022524,0.8916844056632225,0.9251090693488079
2020-05-22,1.486475593852897,1.0060883105032479,1.019084724022524,0.8919528427127594,0.9244194716335439
2020-05-26,1.508516009287156,1.0060748959924413,1.0216155171755974,0.8917586669905521,0.9266905220848275
2020-05-27,1.5053361864481942,1.0058125202568715,1.021526977164109,0.891520158892849,0.9271863573853787
2020-05-28,1.5125803697068647,1.0063254670284105,1.0217619194243648,0.8919748185615805,0.9272203461000376
2020-05-29,1.518254413847983,1.0062717963368357,1.0217346724398468,0.8918008467578749,0.9269328314631309
2020-06-01,1.5307205469576668,1.006737347950006,1.0217346724398468,0.8921985750425764,0.9268542842083372
2020-06-02,1.5516133197628184,1.0068970699059594,1.0217346724398468,0.8923401250722787,0.9263328120455232
2020-06-03,1.5463863965107065,1.0068903572588266,1.0217346724398468,0.8923512418588294,0.9263142853892823
2020-06-04,1.586919736766367,1.0080985018784785,1.0243617209525293,0.8934189791197984,0.9286959923346847
2020-06-05,1.6060287568116602,1.0096733640333613,1.0243105028664816,0.89481468770983,0.9264753921531503
2020-06-08,1.5935030641912595,1.0089182064955744,1.0243105028664816,0.8941454355730328,0.9270040393199435
2020-06-09,1.5850366372870033,1.0085473892984378,1.0229608365455019,0.8938168018918117,0.9257455071398849
2020-06-10,1.4916081437866018,1.005370112204062,1.0108877042307278,0.891000966283735,0.9148197242572768
2020-06-11,1.5110898050068888,1.0064071858420962,1.0119746846301618,0.8919200642381889,0.9158034053378968
2020-06-12,1.5236503114349795,1.0073384995512034,1.0134942798301307,0.8927454333282929,0.9171785884131289
2020-06-15,1.5525423753485208,1.009372640822278,1.01339968703068,0.8945481742453785,0.9170929850782105
2020-06-16,1.5469527577236122,1.00904759662707,1.0130949692629696,0.8942601065094277,0.9168172256411667
2020-06-17,1.5478719878095832,1.0091001954418857,1.0131626612589875,0.894306721775047,0.9168784846443897
2020-06-18,1.5391272930487399,1.0084440017240752,1.0120962274165348,0.8937251755071193,0.9159133975139319
2020-06-19,1.5491240718617603,1.0093072426354726,1.012999671782735,0.8944902156419453,0.9167309845935946
2020-06-22,1.5557967992039607,1.0094340420215453,1.013610549828106,0.8946025905515866,0.9172838088911722
2020-06-23,1.5155714459090128,1.0090725953746873,1.0135395970896182,0.8942822614432303,0.918149913618229
2020-06-24,1.532181271251051,1.0092200470799995,1.0162958737217131,0.894412939300388,0.9206284191773694
2020-06-25,1.4950612610810523,1.0092133189463521,1.0115018011574435,0.8944069765474593,0.9162856292867614
2020-06-26,1.5170172499991015,1.0120765940689507,1.0130424590326004,0.8969445304989873,0.9176812596939821
2020-06-29,1.5403942973042124,1.013907627950638,1.0138480236819318,0.8985672691681378,0.9184109937496201
2020-06-30,1.5481303620617761,1.0138467934929611,1.0138209877346338,0.8982817947675757,0.9172369429583512
2020-07-01,1.5551608103756749,1.0138467934929611,1.0138209877346338,0.8982366336452873,0.9168611585696671
2020-07-02,1.5798594480458765,1.0144705820309259,1.0138209877346338,0.8987862967096889,0.9156931953594912
2020-07-06,1.5627676880071424,1.0128067981689906,1.0138209877346338,0.8973122410177038,0.9186273966870302
2020-07-07,1.5750001925676602,1.012732525670458,1.0145143363044566,0.8972464381200291,0.9191147864974819
2020-07-08,1.5661115117798905,1.0126495679400247,1.0129827102537465,0.8971729404034464,0.9177271864407688
2020-07-09,1.5825027500785238,1.0126428169429051,1.013594970596245,0.896707825561913,0.9182818730665155
2020-07-10,1.5676865029960756,1.0126428169429051,1.0110296353533146,0.8971525946103043,0.915957768349879
2020-07-13,1.588703489526225,1.0130784683984342,1.0108982015007186,0.8975146366756037,0.9157537761843405
2020-07-14,1.6031321752303838,1.0130615837572943,1.0108982015007186,0.8965823414807954,0.9136508769010261
2020-07-15,1.5976717447315716,1.0129560605275845,1.0108982015007186,0.8964411333185621,0.9138743279931012
2020-07-16,1.6022228919466097,1.0129425544467774,1.0116262919060774,0.8963491318711636,0.914489890351057
2020-07-17,1.6156926816584745,1.0129425544467774,1.0123722252163525,0.8958288347386798,0.9151641991116937
2020-07-20,1.6184054900040354,1.0129823643500075,1.0123804331886292,0.8958341809657925,0.9151716189541073
2020-07-21,1.6277065991755877,1.013007669203697,1.0123669347828534,0.8958565593937662,0.9149688449255016
2020-07-22,1.6076534820388304,1.0130042925114662,1.011934321376368,0.8975477970379737,0.9145626030335712
2020-07-23,1.5977014638356972,1.0130042925114662,1.0106422728301694,0.8976761583418903,0.9133948797370137
2020-07-24,1.6095166879138,1.0130042925114662,1.0129698942477319,0.8973603799775843,0.9154985296059373
2020-07-27,1.5990976552172664,1.0130042925114662,1.0120010368757437,0.8982746992950407,0.9146228989435752
2020-07-28,1.6189718512169415,1.0130042925114662,1.0140804260492917,0.8980569768905659,0.9165022023085339
2020-07-29,1.6129002988953367,1.0130042925114662,1.0139959193471209,0.8981408015751857,0.9164258271250082
2020-07-30,1.6252720586866138,1.0130042925114662,1.0154985643257175,0.8971743415990575,0.9177838825580837
2020-07-31,1.6369431754353243,1.0130042925114662,1.0166416403981007,0.896754887407961,0.9188169680124858
2020-08-03,1.6428557002242412,1.0130042925114662,1.016560309066869,0.8961180591945747,0.9186930878362949
2020-08-04,1.653418840250167,1.0130042925114662,1.016680867895486,0.8953643335899755,0.9187959154948216
2020-08-05,1.6640465131879083,1.0130042925114662,1.016670701086807,0.8938496610798526,0.9175136998588644
2020-08-06,1.6650999038010748,1.0130042925114662,1.016670701086807,0.8937213783899665,0.917412997683765
2020-08-07,1.6696659712194084,1.0130042925114662,1.016670701086807,0.893217770381983,0.917069872087754
2020-08-10,1.6563601824413299,1.0130042925114662,1.016670701086807,0.8948163353888721,0.9194111918694169
2020-08-11,1.679543509708529,1.0140069104330978,1.0193235333970891,0.8956005646209129,0.9216570065436746
2020-08-12,1.6761051913149083,1.0139697301797153,1.0190252364336014,0.8957247662920224,0.9213872909161811
2020-08-13,1.6758170979585898,1.0139697301797153,1.018930019450587,0.8957187028089784,0.9213011971523644
2020-08-14,1.6803582983714307,1.0139697301797153,1.0195892965889939,0.8951344285571928,0.921897305624266
2020-08-17,1.6842288174507618,1.0139697301797153,1.0194669458734031,0.8947932357682836,0.9216660708918981
2020-08-18,1.6768108077585735,1.0139697301797153,1.0194669458734031,0.895283484111818,0.922503247491998
2020-08-19,1.6821072373235992,1.0139697301797153,1.0195934306574395,0.8951791782243205,0.922513151667575
2020-08-20,1.6878955483875182,1.0139697301797153,1.0199170945129625,0.894082690966954,0.9228059979673465
2020-08-21,1.7048482958004247,1.0139697301797153,1.0198660986582369,0.8902634423879485,0.9210733578756931
2020-08-24,1.710979528935212,1.0139697301797153,1.0198660986582369,0.8893781564451159,0.9200212722598359
2020-08-25,1.728424036544546,1.0139697301797153,1.0198660986582369,0.8869541560094761,0.9179208289638321
2020-08-26,1.7313157660271892,1.0139697301797153,1.0198660986582369,0.8867734692797024,0.9174898849590544
2020-08-27,1.7429719625726041,1.0139697301797153,1.0198660986582369,0.8861159501294448,0.9164907445715339
2020-08-28,1.7391462041031598,1.0139697301797153,1.0198660986582369,0.8863734803361936,0.9168924046251087
2020-08-31,1.7522332845353679,1.0139697301797153,1.0216333573884089,0.8861453868226178,0.9183834251726877
2020-09-01,1.7791579437558018,1.0139697301797153,1.0218315388021872,0.8840014116204237,0.918561577661812
2020-09-02,1.7166635198785276,1.0139697301797153,1.0218213204867992,0.8877128337150096,0.9189764716411158
2020-09-03,1.7027018486677694,1.0129192947806205,1.02146846403404,0.8867399330534297,0.9186530031739087
2020-09-04,1.6554410736578242,1.009354693350356,1.0166783996755675,0.8836193740415498,0.914345080645465
2020-09-08,1.6887899114679967,1.011096737420386,1.0172933201979344,0.8851444116728737,0.9148981066119787
2020-09-09,1.6590928843912849,1.010016460302922,1.0172763653092645,0.8841987046814527,0.9183216448816872
2020-09-10,1.6599773006695664,1.010049210383569,1.0172790567938916,0.884227375084386,0.9182230591734276
2020-09-11,1.681128447726911,1.0109930011736759,1.0187311283424347,0.8850535978509461,0.919533737468176
2020-09-14,1.68990286159188,1.0111101242970792,1.0196542529710815,0.8851561309462684,0.9203669742431331
2020-09-15,1.6820972905214022,1.0105025075179035,1.0192824906606748,0.8846242049923797,0.9200314117210628
2020-09-16,1.667946872673831,1.0098555432264955,1.0166517626538312,0.8840578330460586,0.9176568468441348
2020-09-17,1.6492949203197413,1.0098185151899106,1.0141857543954798,0.8843402182629803,0.9154309623812552
2020-09-18,1.630210767279941,1.0074618556733324,1.0140775745816775,0.8822616541661074,0.9155360129286028
2020-09-21,1.6473572347307595,1.0085484847048753,1.0157030103466327,0.8832132446620009,0.9169943438997166
2020-09-22,1.6082795240649188,1.0072456307405329,1.010043845455102,0.8820723001316997,0.9118851514055853
2020-09-23,1.6130841934335172,1.0074896324279796,1.011082912929732,0.8822859790230381,0.9128232395942193
2020-09-24,1.6388559940188137,1.008441982246726,1.0143404767289494,0.8831199775726611,0.9157642248510763
2020-09-25,1.6652589313337631,1.0091934337575692,1.0153589144784398,0.8837780440287245,0.9166836881650405
2020-09-28,1.657244598719612,1.0088952912339888,1.0152082984509134,0.8835169525397019,0.9165477093957198
2020-09-29,1.6709230286726844,1.0093360422473179,1.0180031470397222,0.8839029301485865,0.9190709473125979
2020-09-30,1.6797670701530332,1.009975727452548,1.0178232998170784,0.8844631198214101,0.9186601204277826
2020-10-01,1.663678845414014,1.0088115773196236,1.0178232998170784,0.8834436419958351,0.9196822690758256
2020-10-02,1.6935796606333005,1.0087510486249844,1.0180604215504316,0.882085067614885,0.9198413460111768
2020-10-05,1.669914398669405,1.0087510486249844,1.0180536344809545,0.8837842211976441,0.9226444063457673
2020-10-06,1.6989654901156341,1.0087510486249844,1.01885638527388,0.8834236945953031,0.9232673591434372
2020-10-07,1.7125744137557926,1.0087510486249844,1.0188326119582234,0.882730844644409,0.9204172532610899
2020-10-08,1.7276339935846723,1.0087510486249844,1.0188326119582234,0.8821039739385937,0.9199971277896793
2020-10-09,1.755994510092998,1.0093932523456566,1.0188326119582234,0.8826302658541841,0.9172112111938016
2020-10-12,1.7449195949637843,1.0093730644806096,1.0188326119582234,0.8826809514149411,0.9182108484700716
2020-10-13,1.7333627451378746,1.0087499391708363,1.0184939384660467,0.8821301535417945,0.9178260447149855
2020-10-14,1.7307145910065946,1.0086716684033885,1.0182010306631246,0.8820617074369419,0.917562087905751
2020-10-15,1.7309480982532948,1.0086548572089151,1.01820722585412,0.8820171377029415,0.917567670764355
2020-10-16,1.7026819550633758,1.0077494960447095,1.0136217341407179,0.8812019251652082,0.9134354088397294
2020-10-19,1.710731101485217,1.0078279795903715,1.013624500221802,0.8812705531841778,0.9134379015214871
2020-10-20,1.7069748493286865,1.0078179013105757,1.0134740695655962,0.8813115528257685,0.91330233942438
2020-10-21,1.7158834237208507,1.0078179013105757,1.0134436653435093,0.8812691386767629,0.9130311953168331
2020-10-22,1.7217959485097678,1.0078179013105757,1.0135232750284033,0.8808548029154062,0.9130816131758728
2020-10-23,1.68978859466908,1.0078179013105757,1.0135097613847364,0.8825955614526577,0.9133997828487594
2020-10-26,1.6846759383397691,1.0078179013105757,1.0135097613847364,0.8827559360629206,0.9137780208091125
2020-10-27,1.6252272980767273,1.0061347436168817,1.006497297588532,0.881252219285684,0.9073824976763689
2020-10-28,1.644644426385199,1.0070796246809823,1.006400002849765,0.8820798206979028,0.9051864791982994
2020-10-29,1.6246956293690455,1.0050848738491716,1.006400002849765,0.8803326604804393,0.9066262748623999
2020-10-30,1.6447089592970143,1.006464583634304,1.006400002849765,0.8815411192061039,0.9065658331107423
2020-11-02,1.6739836111877469,1.007389821968576,1.0098820039702352,0.8823515159652042,0.909702422178442
2020-11-03,1.7108900077154394,1.0073629582399901,1.0097810157698381,0.8817974686789086,0.9027744173004928
2020-11-04,1.7441842594159938,1.0090182740022315,1.0097810157698381,0.8832346958164342,0.8964378407554937
2020-11-05,1.7436824311149035,1.0089825162255568,1.0097810157698381,0.8832033955815246,0.8965192735084432
2020-11-06,1.7640833224211616,1.0103890244420646,1.0097810157698381,0.8844345693756751,0.893184850605241
2020-11-09,1.761613968124498,1.0102738525457253,1.0097810157698381,0.8843337547348993,0.8931580428286395
2020-11-10,1.775093583336094,1.0111712006523896,1.0097810157698381,0.8851192399956245,0.8930005161518967
2020-11-11,1.7573807546723699,1.0111105303803505,1.0097810157698381,0.8856254415951637,0.8936865928962363
2020-11-12,1.7812992961848941,1.0111105303803505,1.0097810157698381,0.8844886250539642,0.8922091142507903
2020-11-13,1.8020479616606537,1.0111105303803505,1.0097810157698381,0.8827390990000727,0.8910283238393881
2020-11-16,1.7934126817239784,1.0111105303803505,1.0097810157698381,0.8833818171659714,0.8910721373480635
2020-11-17,1.772673963050416,1.0111105303803505,1.0075882870684878,0.8840245557415685,0.8891282729882052
2020-11-18,1.7796697188590906,1.0112034566275814,1.0074976041226515,0.8840763346502745,0.8890482514436362
2020-11-19,1.7675812003254994,1.0111899739148265,1.006909824949455,0.8843612459502181,0.8885295762189735
2020-11-20,1.7775431653308296,1.0111899739148265,1.0070343039917553,0.8839507185771204,0.8886394205247521
2020-11-23,1.8062712283105848,1.0111899739148265,1.0103072441390164,0.8823168926596591,0.89152756805294
2020-11-24,1.803409339234533,1.0111759222960048,1.0102028457237886,0.8822546339195928,0.8914934508628177
2020-11-25,1.807732073906435,1.011172551709597,1.0102028457237886,0.8818086750283435,0.8912102791084509
2020-11-27,1.799424553232401,1.011172551709597,1.0102028457237886,0.8819718942229041,0.8918477509326709
2020-11-30,1.8197062042147598,1.012406924978208,1.0102028457237886,0.8830250285346881,0.8915202362039419
2020-12-01,1.8229656014712983,1.012349555252459,1.0103941489721928,0.8828266255598737,0.8916771774566946
2020-12-02,1.8218277843419222,1.012349555252459,1.010309181265391,0.8828845713712878,0.8916021930903925
2020-12-03,1.8379259558831385,1.012349555252459,1.0114197752680394,0.8811623750584735,0.8925822970692102
2020-12-04,1.8343683971656186,1.012349555252459,1.0113557186822724,0.8816135112918104,0.8925684810160803
2020-12-07,1.8394810534949295,1.012349555252459,1.0113557186822724,0.8810733667353027,0.8925263857244027
2020-12-08,1.824858647752859,1.012349555252459,1.0113557186822724,0.8834396859374467,0.8938177336373467
2020-12-09,1.8225135071811933,1.0123254598743392,1.0109946428316117,0.8832655292544017,0.8934122190068541
2020-12-10,1.82020803251585,1.01231871103794,1.010769798059836,0.88334522894522,0.8932135245153366
2020-12-11,1.8122732743192758,1.01231871103794,1.0100320609420463,0.8842875292230904,0.8925615889584854
2020-12-14,1.8356901088331752,1.0130731668139663,1.0110323629591662,0.8848316091877843,0.893445552143779
2020-12-15,1.8389444113861493,1.0130427746189619,1.010991921664648,0.8842956005182585,0.892678791577866
2020-12-16,1.8495324184175679,1.0130427746189619,1.010991921664648,0.8829319802095306,0.8919236124557565
2020-12-17,1.8430384909099837,1.0130427746189619,1.010991921664648,0.8839713569205749,0.8922964373175816
2020-12-18,1.8358390682612,1.0130427746189619,1.0104276580780194,0.8838441020485249,0.8917448832987027
2020-12-21,1.83203320339615,1.0130427746189619,1.0103636643263412,0.8840787763366217,0.891912853724219
2020-12-22,1.8333995543711277,1.0130427746189619,1.010365320051382,0.8839717812404183,0.8918429623106824
2020-12-23,1.839883535076515,1.0130427746189619,1.0108391244497756,0.8830880242042586,0.8922611864023383
2020-12-24,1.855931972606746,1.0130427746189619,1.0115695761908499,0.881227587076626,0.8929059514508373
2020-12-28,1.851798105874123,1.0130427746189619,1.0113859522623188,0.8816505972172919,0.8927438677914694
2020-12-29,1.8542823803740827,1.0130427746189619,1.0117157915540593,0.8814794205954957,0.8930350148104678
