date,equity_market,equity_longonly_static,equity_longonly_adaptive,equity_longshort_static,equity_longshort_adaptive
2016-01-04,1.0020122259542275,1.0002520376590378,1.0002520376590378,1.0002520376590378,1.0002520376590378
2016-01-05,0.9888704381099355,0.9957049903750874,0.9957049903750874,0.9957049903750874,0.9957049903750874
2016-01-06,0.9654337706428746,0.9895295133357495,0.9895295133357495,0.9895295133357495,0.9895295133357495
2016-01-07,0.9549700379876868,0.9872866483393484,0.9872866483393484,0.9872866483393484,0.9872866483393484
2016-01-08,0.9557848873018214,0.9875212046837295,0.9875212046837295,0.9875212046837295,0.9875212046837295
2016-01-11,0.963242684202798,0.9904973454896334,0.9904973454896334,0.9904973454896334,0.9904973454896334
2016-01-12,0.9391948949129446,0.9867516810535206,0.9867516810535206,0.9867516810535206,0.9867516810535206
2016-01-13,0.9548756040180473,0.994601626785148,0.994601626785148,0.994601626785148,0.994601626785148
2016-01-14,0.9342511522672857,0.9851261202895742,0.9851261202895742,0.9851261202895742,0.9851261202895742
2016-01-15,0.9347480071672776,0.9853227587847592,0.9853227587847592,0.9853227587847592,0.9853227587847592
2016-01-19,0.9238171993674562,0.9792753685862332,0.9792753685862332,0.9792753685862332,0.9792753685862332
2016-01-20,0.9286168346837229,0.9796528626071079,0.9796528626071079,0.9796528626071079,0.9796528626071079
2016-01-21,0.9474526209247602,0.9888821250243508,0.9888821250243508,0.9888821250243508,0.9888821250243508
2016-01-22,0.932636373842312,0.9812432698805752,0.9812432698805752,0.9812432698805752,0.9812432698805752
2016-01-25,0.9458278956975895,0.987228080694577,0.987228080694577,0.987228080694577,0.987228080694577
2016-01-26,0.9355529096792149,0.9836720146862462,0.9836720146862462,0.9836720146862462,0.9836720146862462
2016-01-27,0.9407251861704756,0.9857123399703002,0.9857123399703002,0.9857123399703002,0.9857123399703002
2016-01-28,0.9640177463081441,0.9965810313838046,0.9965810313838046,0.9965810313838046,0.9965810313838046
2016-01-29,0.963590458372299,0.996367889843546,0.996367889843546,0.996367889843546,0.996367889843546
2016-02-01,0.9455297948878407,0.9922328169840147,0.9922328169840147,0.9922328169840147,0.9922328169840147
2016-02-02,0.9502499164377636,0.9937385357736607,0.9937385357736607,0.9937385357736607,0.9937385357736607
2016-02-03,0.9517006939289508,0.9939722315714609,0.9939722315714609,0.9939722315714609,0.9939722315714609
2016-02-04,0.9341120789902246,0.9891629392979043,0.9891629392979043,0.9891629392979043,0.9891629392979043
2016-02-05,0.9208907167283558,0.9845564546584071,0.9845564546584071,0.9845564546584071,0.9845564546584071
2016-02-08,0.920279594905563,0.9843277445699302,0.9843277445699302,0.9843277445699302,0.9843277445699302
2016-02-09,0.9201057078208124,0.9841921720033757,0.9841921720033757,0.9841921720033757,0.9841921720033757
2016-02-10,0.9087873386427014,0.980875139469834,0.980875139469834,0.980875139469834,0.980875139469834
2016-02-11,0.9265250949631513,0.9897112777645943,0.9897112777645943,0.9897112777645943,0.9897112777645943
2016-02-12,0.9418281894921613,0.9973397465638936,0.9973397465638936,0.9973397465638936,0.9973397465638936
2016-02-16,0.957349931715809,0.9986876588706436,0.9986876588706436,0.9986876588706436,0.9986876588706436
2016-02-17,0.9528832110169806,0.998641053446563,0.998641053446563,0.9988351983004775,0.9988351983004775
2016-02-18,0.9528584046627208,0.9985324877074909,0.9985324877074909,0.9987033053006167,0.9987033053006167
2016-02-19,0.9666312079341997,1.0015153047054726,1.0015153047054726,1.0016866325650409,1.0016866325650409
2016-02-22,0.9545924234115937,1.001411814790653,1.001411814790653,1.0020621063263688,1.0020621063263688
2016-02-23,0.9588306102648203,1.0018589543510434,1.0018589543510434,1.002489495005768,1.002489495005768
2016-02-24,0.9697116840536562,1.0045241523925286,1.0045241523925286,1.0051563704447657,1.0051563704447657
2016-02-25,0.9678982121896721,1.0044036094942415,1.0044036094942415,1.0052561003683285,1.0052561003683285
2016-02-26,0.9600379337071102,1.0038840731089311,1.0038840731089311,1.0046557025367693,1.0046557025367693
2016-02-29,0.9829528792686862,1.0065729395261993,1.0065729395261993,1.0073466357349643,1.0073466357349643
2016-03-01,0.9869773918283741,1.0066700506212423,1.0066700506212423,1.007443821473864,1.007443821473864
2016-03-02,0.9904305697740574,1.0069887026980875,1.0069887026980875,1.007762718480703,1.007762718480703
2016-03-03,0.9937048265826586,1.0076606625427804,1.0076606625427804,1.0084351948232708,1.0084351948232708
2016-03-04,0.9945842694598416,1.0077359031127515,1.0077359031127515,1.0085104932264515,1.0085104932264515
2016-03-07,0.9834050342100243,1.0073079476162294,1.0073079476162294,1.0080822087845225,1.0080822087845225
2016-03-08,0.9883735832099432,1.00753873363948,1.00753873363948,1.0083131722000556,1.0083131722000556
2016-03-09,0.9885275766902997,1.0075240343873242,1.0075240343873242,1.0082984616494082,1.0082984616494082
2016-03-10,1.0047349811019854,1.0087051917948529,1.0087051917948529,1.0094805269464422,1.0094805269464422
2016-03-11,1.0034680374977458,1.0086682059378203,1.0086682059378203,1.009576665133687,1.009576665133687
2016-03-14,1.0016247252271704,1.0086682059378203,1.0086682059378203,1.0094891684893754,1.0094891684893754
2016-03-15,1.0072341758052406,1.0086682059378203,1.0086682059378203,1.0085038502798884,1.0085038502798884
2016-03-16,1.0138771233920827,1.009037090212924,1.009037090212924,1.0087919941397734,1.0087919941397734
2016-03-17,1.0183439047421439,1.0090068191002177,1.0090068191002177,1.0085967712439647,1.0085967712439647
2016-03-18,1.0193475613443246,1.0090068191002177,1.0090068191002177,1.0085236802840756,1.0085236802840756
2016-03-21,1.018453198263846,1.0090068191002177,1.0090068191002177,1.0085919964444348,1.0085919964444348
2016-03-22,1.0119493239540647,1.0090068191002177,1.0090068191002177,1.0088656760081514,1.0088656760081514
2016-03-23,1.0115667359768736,1.0090009125741306,1.0090009125741306,1.008836230109181,1.008836230109181
2016-03-24,1.0121182982889496,1.0090100598685297,1.0090100598685297,1.0088453759106193,1.0088453759106193
2016-03-28,1.0210417928844093,1.0089461558980712,1.0089461558980712,1.0082801991132646,1.0082801991132646
2016-03-29,1.025483646577745,1.0089461558980712,1.0089461558980712,1.0081239050867001,1.0081239050867001
2016-03-30,1.0233919068571737,1.008894906292082,1.008894906292082,1.0080558951820076,1.0080558951820076
2016-03-31,1.0298709141614624,1.0095324918353812,1.0095324918353812,1.0086929505002544,1.0086929505002544
2016-04-01,1.026566756295037,1.0094786501024833,1.0094786501024833,1.0088030654823226,1.0088030654823226
2016-04-04,1.0161527576508345,1.0094786501024833,1.0094786501024833,1.010195444662221,1.010195444662221
2016-04-05,1.0268301039483283,1.0096133498090345,1.0096133498090345,1.0102595263330734,1.0102595263330734
2016-04-06,1.0145330058247621,1.009606619053369,1.009606619053369,1.0103300814206329,1.0103300814206329
2016-04-07,1.017360081093124,1.009606619053369,1.009606619053369,1.010267038616916,1.010267038616916
2016-04-08,1.0145727323823177,1.0095193948081669,1.0095193948081669,1.0101696546448495,1.0101696546448495
2016-04-11,1.0243756698549602,1.0097795044468056,1.0097795044468056,1.0104299318274226,1.0104299318274226
2016-04-12,1.034660542024299,1.0097660407200797,1.0097660407200797,1.0086414477594203,1.0086414477594203
2016-04-13,1.034839463161381,1.0097660407200797,1.0097660407200797,1.0085852277743221,1.0085852277743221
2016-04-14,1.0338208863559046,1.0097660407200797,1.0097660407200797,1.008520928041405,1.008520928041405
2016-04-15,1.040583134917879,1.0106200438263977,1.0106200438263977,1.0093604311560105,1.0093604311560105
2016-04-18,1.043792798163432,1.01054930042333,1.01054930042333,1.0091450544260505,1.0091450544260505
2016-04-19,1.0445876932219396,1.01054930042333,1.01054930042333,1.0086899534648592,1.0086899534648592
2016-04-20,1.0391620765308172,1.01054930042333,1.01054930042333,1.0104544573384724,1.0104544573384724
2016-04-21,1.0392118105418027,1.0105005633525228,1.0105005633525228,1.0102339475840383,1.0102339475840383
2016-04-22,1.037328711062439,1.010446669989144,1.010446669989144,1.0103833076777216,1.0103833076777216
2016-04-25,1.0392713700525196,1.0104836591163437,1.0104836591163437,1.0103428317651806,1.0103428317651806
2016-04-26,1.0409854951969986,1.010470186000889,1.010470186000889,1.0100687705440563,1.0100687705440563
2016-04-27,1.0313763990647338,1.010470186000889,1.010470186000889,1.0114227805743385,1.0114227805743385
2016-04-28,1.0261544492137205,1.010470186000889,1.010470186000889,1.0119487838965724,1.0119487838965724
2016-04-29,1.034168660525406,1.011504293615663,1.011504293615663,1.012930434095543,1.012930434095543
2016-05-02,1.0251955532214265,1.01143348831511,1.01143348831511,1.0150681598132134,1.0150681598132134
2016-05-03,1.019109080696526,1.01143348831511,1.01143348831511,1.0150199358104528,1.0150199358104528
2016-05-04,1.0188655053451627,1.0113039290035708,1.0113039290035708,1.014883150294276,1.014883150294276
2016-05-05,1.0221000355962087,1.011488802305308,1.011488802305308,1.0150686779022395,1.0150686779022395
2016-05-06,1.0228701849516892,1.0114517143825568,1.0114517143825568,1.0148193944528507,1.0148193944528507
2016-05-09,1.0356393316209873,1.0114517143825568,1.0114517143825568,1.0145726763863248,1.0145726763863248
2016-05-10,1.0257370474288396,1.0114517143825568,1.0114517143825568,1.0180117058331548,1.0180117058331548
2016-05-11,1.025563220995322,1.0114517143825568,1.0114517143825568,1.0178671118555418,1.0178671118555418
2016-05-12,1.0168681995942312,1.0104830630943817,1.0104830630943817,1.016858387739081,1.016858387739081
2016-05-13,1.0268301039483287,1.011789503505656,1.011789503505656,1.0181730707246794,1.0181730707246794
2016-05-16,1.01716630040398,1.011722050872089,1.011722050872089,1.020040817713402,1.020040817713402
2016-05-17,1.0173750012964202,1.0116981886979117,1.0116981886979117,1.0199079549813848,1.0199079549813848
2016-05-18,1.013603889587827,1.0115279519571834,1.0115279519571834,1.0197363367971886,1.0197363367971886
2016-05-19,1.0197052823160233,1.0143025279505857,1.0143025279505857,1.0225334280235883,1.0225334280235883
2016-05-20,1.0175787287877622,1.0138379153214607,1.0138379153214607,1.0220650451385311,1.0220650451385311
2016-05-23,1.031500612789732,1.017825548275306,1.017825548275306,1.026085037085346,1.026085037085346
2016-05-24,1.0386950620374171,1.0176762671948925,1.0176762671948925,1.022815525337603,1.022815525337603
2016-05-25,1.0384764749940125,1.0176762671948925,1.0176762671948925,1.0227286616898486,1.0227286616898486
2016-05-26,1.042928275489545,1.017958878816385,1.017958878816385,1.0229274489873252,1.0229274489873252
2016-05-27,1.0418798582774773,1.0179009801790178,1.0179009801790178,1.022869267751664,1.022869267751664
2016-05-31,1.0430624360167402,1.017880622159414,1.017880622159414,1.0227373147297607,1.0227373147297607
2016-06-01,1.0460087516090015,1.017880622159414,1.017880622159414,1.0218646666868687,1.0218646666868687
2016-06-02,1.042962967994769,1.017880622159414,1.017880622159414,1.022425700634088,1.022425700634088
2016-06-03,1.0480706509229814,1.017880622159414,1.017880622159414,1.0217839508674613,1.0217839508674613
2016-06-06,1.0494220816946636,1.017880622159414,1.017880622159414,1.0210529393383936,1.0210529393383936
2016-06-07,1.052895213895974,1.017880622159414,1.017880622159414,1.019607725636733,1.019607725636733
2016-06-08,1.0510865941306227,1.017880622159414,1.017880622159414,1.0206447217344174,1.0206447217344174
2016-06-09,1.0414426841906679,1.017880622159414,1.017880622159414,1.023467884210179,1.023467884210179
2016-06-10,1.0329911774897074,1.0171790832498795,1.0171790832498795,1.022598739612619,1.022598739612619
2016-06-13,1.0311329450158364,1.0168768083249915,1.0168768083249915,1.0222948541294263,1.0222948541294263
2016-06-14,1.029234925333177,1.0168022373590477,1.0168022373590477,1.0222290231992432,1.0222290231992432
2016-06-15,1.0324595087820256,1.01739122814261,1.01739122814261,1.0228177500615905,1.0228177500615905
2016-06-16,1.0290957914048833,1.0172793151075143,1.0172793151075143,1.0230249416541197,1.0230249416541197
2016-06-17,1.0350729704080814,1.0172793151075143,1.0172793151075143,1.0216631582795983,1.0216631582795983
2016-06-20,1.0378801520720493,1.0172793151075143,1.0172793151075143,1.0212042447821317,1.0212042447821317
2016-06-21,1.0361660269275705,1.0172793151075143,1.0172793151075143,1.0211259524566985,1.0211259524566985
2016-06-22,1.0500134312155278,1.0191114056654378,1.0191114056654378,1.0229649706969826,1.0229649706969826
2016-06-23,1.012297158774799,1.0190400678670413,1.0190400678670413,1.0279660132019093,1.0279660132019093
2016-06-24,0.9939781210381478,1.0190400678670413,1.0190400678670413,1.0296782689864576,1.0296782689864576
2016-06-27,1.0116412763421194,1.023967785123768,1.023967785123768,1.0346093771677096,1.0346093771677096
2016-06-28,1.0288722309603802,1.0294155368359805,1.0294155368359805,1.040113744675966,1.040113744675966
2016-06-29,1.0428289287700399,1.0292542617352096,1.0292542617352096,1.0355620196272,1.0355620196272
2016-06-30,1.0448609876774284,1.0292542617352096,1.0292542617352096,1.035016654753118,1.035016654753118
2016-07-01,1.0377063256385317,1.0292542617352096,1.0292542617352096,1.0357946739702422,1.0357946739702422
2016-07-05,1.0432611294557503,1.0292542617352096,1.0292542617352096,1.0354309258810568,1.0354309258810568
2016-07-06,1.042351846171976,1.0292542617352096,1.0292542617352096,1.0355671519471326,1.0355671519471326
2016-07-07,1.0582512029717164,1.0292542617352096,1.0292542617352096,1.0352219166508614,1.0352219166508614
2016-07-08,1.0618583743977559,1.0292542617352096,1.0292542617352096,1.0346623383139344,1.0346623383139344
2016-07-11,1.0693012510954372,1.0298349039429124,1.0298349039429124,1.03517360506349,1.03517360506349
2016-07-12,1.0694453584248294,1.0297902777637415,1.0297902777637415,1.0350849412188925,1.0350849412188925
2016-07-13,1.0750697898574277,1.0301823563341592,1.0301823563341592,1.0354445328286654,1.0354445328286654
2016-07-14,1.0740711066563455,1.03013231116067,1.03013231116067,1.0353942320241862,1.0353942320241862
2016-07-15,1.0766298608703175,1.0301943194940777,1.0301943194940777,1.0354565570964631,1.0354565570964631
2016-07-18,1.0750847100607237,1.030180583569818,1.030180583569818,1.0355976840794818,1.0355976840794818
2016-07-19,1.07967564448455,1.030180583569818,1.030180583569818,1.0352545353228961,1.0352545353228961
2016-07-20,1.0757752849986273,1.030180583569818,1.030180583569818,1.0360838678610473,1.0360838678610473
2016-07-21,1.080674327685632,1.030180583569818,1.030180583569818,1.0352840445936078,1.0352840445936078
2016-07-22,1.0774199038301921,1.030180583569818,1.030180583569818,1.0359042192762842,1.0359042192762842
2016-07-25,1.0777676779996934,1.030180583569818,1.030180583569818,1.0358143098381993,1.0358143098381993
2016-07-26,1.076475928041194,1.030180583569818,1.030180583569818,1.0359639462287873,1.0359639462287873
2016-07-27,1.0782049733889685,1.030180583569818,1.030180583569818,1.0358150292416202,1.0358150292416202
2016-07-28,1.0799638591433343,1.030180583569818,1.030180583569818,1.035349157519507,1.035349157519507
2016-07-29,1.078592534767258,1.030180583569818,1.030180583569818,1.0353784057702424,1.0353784057702424
2016-08-01,1.0717309394857784,1.030180583569818,1.030180583569818,1.036633619753214,1.036633619753214
2016-08-02,1.075089683461822,1.0306328231074084,1.0306328231074084,1.0369850287507114,1.0369850287507114
2016-08-03,1.0753182173074238,1.0305469370388163,1.0305469370388163,1.0367114186483306,1.0367114186483306
2016-08-04,1.0845697137704562,1.0305469370388163,1.0305469370388163,1.0347878912449386,1.0347878912449386
2016-08-05,1.0835858294702037,1.0305469370388163,1.0305469370388163,1.0349937700865195,1.0349937700865195
2016-08-08,1.084008204656183,1.0305469370388163,1.0305469370388163,1.034888637468755,1.034888637468755
2016-08-09,1.0809028615312337,1.0305469370388163,1.0305469370388163,1.0358085041527827,1.0358085041527827
2016-08-10,1.0860204912616431,1.0305469370388163,1.0305469370388163,1.0346313009348342,1.0346313009348342
2016-08-11,1.0851559685877559,1.0305469370388163,1.0305469370388163,1.0348588267330718,1.0348588267330718
2016-08-12,1.0881867106962269,1.0305469370388163,1.0305469370388163,1.0340239766035828,1.0340239766035828
2016-08-15,1.0822244518963242,1.0305469370388163,1.0305469370388163,1.035778485186621,1.035778485186621
2016-08-16,1.0842466853039816,1.0305469370388163,1.0305469370388163,1.0353799539385287,1.0353799539385287
2016-08-17,1.0866316130844358,1.0305469370388163,1.0305469370388163,1.0346463309042915,1.0346463309042915
2016-08-18,1.0850665686704477,1.0305469370388163,1.0305469370388163,1.035115876155388,1.035115876155388
2016-08-19,1.0844553255451892,1.0305469370388163,1.0305469370388163,1.0352476550285656,1.0352476550285656
2016-08-22,1.0865719322712533,1.0305469370388163,1.0305469370388163,1.0345430760321708,1.0345430760321708
2016-08-23,1.0808779945257407,1.0305469370388163,1.0305469370388163,1.035281231949283,1.035281231949283
2016-08-24,1.0794023500290608,1.0305469370388163,1.0305469370388163,1.0355158675233473,1.0355158675233473
2016-08-25,1.077698171686779,1.0305469370388163,1.0305469370388163,1.0357992483934888,1.0357992483934888
2016-08-26,1.0833324286191088,1.0309692181693004,1.0309692181693004,1.036133912464375,1.036133912464375
2016-08-29,1.0812159431955106,1.0309245428365132,1.0309245428365132,1.0366011239283097,1.0366011239283097
2016-08-30,1.0786471208768758,1.0309245428365132,1.0309245428365132,1.0367230141498378,1.0367230141498378
2016-08-31,1.0786024815694546,1.0308724510203051,1.0308724510203051,1.0366187931906716,1.0366187931906716
2016-09-01,1.0831337351800983,1.0308243436392575,1.0308243436392575,1.036148074704591,1.036148074704591
2016-09-02,1.0863632920300454,1.0308243436392575,1.0308243436392575,1.0347259103262676,1.0347259103262676
2016-09-06,1.0862042644973575,1.0308243436392575,1.0308243436392575,1.0346626589962429,1.0346626589962429
2016-09-07,1.0837896176127777,1.0308243436392575,1.0308243436392575,1.035287523409619,1.035287523409619
2016-09-08,1.0572128538643109,1.0308243436392575,1.0308243436392575,1.037556935540299,1.037556935540299
2016-09-09,1.0727296226868601,1.0325780297705618,1.0325780297705618,1.0392736561452065,1.0392736561452065
2016-09-12,1.056820319084923,1.0325160750887756,1.0325160750887756,1.0394098796222655,1.0394098796222655
2016-09-13,1.0561992504599331,1.0322839794061027,1.0322839794061027,1.0391693049061492,1.0391693049061492
2016-09-14,1.06687665740866,1.0326153813785959,1.0326153813785959,1.0395029173270243,1.0395029173270243
2016-09-15,1.0628520841977394,1.0325947290709683,1.0325947290709683,1.0396635437986153,1.0396635437986153
2016-09-16,1.062832311895811,1.0324947678040528,1.0324947678040528,1.039535173867527,1.039535173867527
2016-09-19,1.063150245658721,1.0323984016257244,1.0323984016257244,1.0392941569884777,1.0392941569884777
2016-09-20,1.0747568294956162,1.0329002858412908,1.0329002858412908,1.0397093213065856,1.0397093213065856
2016-09-21,1.0817425171996282,1.032876184834621,1.032876184834621,1.0392483969554194,1.0392483969554194
2016-09-22,1.0755368043508282,1.032876184834621,1.032876184834621,1.0404406004268383,1.0404406004268383
2016-09-23,1.0663003493935574,1.032751031051042,1.032751031051042,1.040203549731019,1.040203549731019
2016-09-26,1.0731717701747685,1.0327441460441682,1.0327441460441682,1.0395705913444535,1.0395705913444535
2016-09-27,1.0788558824205496,1.0327441460441682,1.0327441460441682,1.039126634766172,1.039126634766172
2016-09-28,1.068799422794347,1.0327441460441682,1.0327441460441682,1.0403292978930043,1.0403292978930043
2016-09-29,1.0773155837095887,1.0329498127510068,1.0329498127510068,1.0404705876291263,1.0404705876291263
2016-09-30,1.0738027856019556,1.0329360400868368,1.0329360400868368,1.0407822559046038,1.0407822559046038
2016-10-03,1.0684814890314371,1.0329360400868368,1.0329360400868368,1.0419232632677742,1.0419232632677742
2016-10-04,1.0730724234552633,1.0329360400868368,1.0329360400868368,1.0416434711412517,1.0416434711412517
2016-10-05,1.0735891719596493,1.0329360400868368,1.0329360400868368,1.041439368240042,1.041439368240042
2016-10-06,1.0700962674564105,1.0329360400868368,1.0329360400868368,1.0423377334017434,1.0423377334017434
2016-10-07,1.075025029247541,1.0329360400868368,1.0329360400868368,1.0412252062342704,1.0412252062342704
2016-10-10,1.06164476075545,1.0329360400868368,1.0329360400868368,1.0459870929023423,1.0459870929023423
2016-10-11,1.0628620309999368,1.0329360400868368,1.0329360400868368,1.045755771376322,1.045755771376322
2016-10-12,1.0595679412381742,1.0329360400868368,1.0329360400868368,1.046381661111359,1.046381661111359
2016-10-13,1.0597815548804803,1.0329134370310293,1.0329134370310293,1.0462436618512023,1.0462436618512023
2016-10-14,1.0565619448327301,1.0328755635383382,1.0328755635383382,1.0465062404038292,1.0465062404038292
2016-10-17,1.06307079254361,1.0328755635383382,1.0328755635383382,1.0453109147696118,1.0453109147696118
2016-10-18,1.0654010129119802,1.0328755635383382,1.0328755635383382,1.044579568390018,1.044579568390018
2016-10-19,1.0639353152174973,1.0328755635383382,1.0328755635383382,1.0448966056871385,1.0448966056871385
2016-10-20,1.0638457939977233,1.0328755635383382,1.0328755635383382,1.0448444622034723,1.0448444622034723
2016-10-21,1.0688988908163173,1.0328755635383382,1.0328755635383382,1.0435906890857818,1.0435906890857818
2016-10-24,1.064839503797707,1.0328755635383382,1.0328755635383382,1.0450695679869695,1.0450695679869695
2016-10-25,1.0629862447249345,1.0328755635383382,1.0328755635383382,1.0455352349672717,1.0455352349672717
2016-10-26,1.0598113952870714,1.0328755635383382,1.0328755635383382,1.04599295752658,1.04599295752658
2016-10-27,1.056517184222843,1.0328755635383382,1.0328755635383382,1.0464090255403824,1.0464090255403824
2016-10-28,1.0563879970967465,1.0328755635383382,1.0328755635383382,1.04641306257896,1.04641306257896
2016-10-31,1.049218414854554,1.0328755635383382,1.0328755635383382,1.0473933740981434,1.0473933740981434
2016-11-01,1.04237173977637,1.0325369283846595,1.0325369283846595,1.046976661647099,1.046976661647099
2016-11-02,1.0377609117481497,1.0324588217729829,1.0324588217729829,1.046897462736825,1.046897462736825
2016-11-03,1.0360318664003751,1.032033326280297,1.032033326280297,1.0464660168115205,1.0464660168115205
2016-11-04,1.0590561661348863,1.0385599902857434,1.0385599902857434,1.053083954344084,1.053083954344084
2016-11-07,1.0630508989392156,1.038411130020469,1.038411130020469,1.0520632544120645,1.0520632544120645
2016-11-08,1.07482633580853,1.038411130020469,1.038411130020469,1.0493230102963094,1.0493230102963094
2016-11-09,1.0769230489301997,1.0384814319884033,1.0384814319884033,1.0492716299967944,1.0492716299967944
2016-11-10,1.0754175640269283,1.038177165530285,1.038177165530285,1.0489642021000318,1.0489642021000318
2016-11-11,1.0752933503019304,1.0380906507664907,1.0380906507664907,1.0488740995911032,1.0488740995911032
2016-11-14,1.0833374020202071,1.0380906507664907,1.0380906507664907,1.047315036853061,1.047315036853061
2016-11-15,1.0816232768757283,1.0380762402452213,1.0380762402452213,1.0472027488776738,1.0472027488776738
2016-11-16,1.086681347095421,1.0380727799910872,1.0380727799910872,1.0454284934306992,1.0454284934306992
2016-11-17,1.0840876577712935,1.0380727799910872,1.0380727799910872,1.0461631225075532,1.0461631225075532
2016-11-18,1.0921764700994572,1.0380727799910872,1.0380727799910872,1.0440155768042032,1.0440155768042032
2016-11-21,1.094541504275517,1.0380727799910872,1.0380727799910872,1.0436062882993364,1.0436062882993364
2016-11-22,1.0954259205537986,1.0380727799910872,1.0380727799910872,1.043240377690453,1.043240377690453
2016-11-23,1.0997138414180108,1.0380727799910872,1.0380727799910872,1.0418756847360964,1.0418756847360964
2016-11-25,1.093935355853823,1.0380727799910872,1.0380727799910872,1.0431009912973026,1.0431009912973026
2016-11-28,1.0953960801472071,1.0380727799910872,1.0380727799910872,1.0428689321453641,1.0428689321453641
2016-11-29,1.092489551763734,1.0380727799910872,1.0380727799910872,1.0435637815988712,1.0435637815988712
2016-11-30,1.0886488730909942,1.0380727799910872,1.0380727799910872,1.044004347153582,1.044004347153582
2016-12-01,1.089081073776705,1.0380727799910872,1.0380727799910872,1.0439384352262902,1.0439384352262902
2016-12-02,1.0954209471526999,1.0380727799910872,1.0380727799910872,1.042301472950415,1.042301472950415
2016-12-05,1.0991573057048363,1.0380727799910872,1.0380727799910872,1.0410475474081553,1.0410475474081553
2016-12-06,1.1136257786177832,1.0380727799910872,1.0380727799910872,1.0347762741175308,1.0347762741175308
2016-12-07,1.1160304787001658,1.0380727799910872,1.0380727799910872,1.0344501488918776,1.0344501488918776
2016-12-08,1.1226585667349451,1.0380727799910872,1.0380727799910872,1.0336340317847814,1.0336340317847814
2016-12-09,1.1213816156772756,1.0380727799910872,1.0380727799910872,1.0336249852447257,1.0336249852447257
2016-12-12,1.1287151988532544,1.0385325598805837,1.0385325598805837,1.034065568048052,1.034065568048052
2016-12-13,1.1195532236099959,1.038494480353388,1.038494480353388,1.0343427185161598,1.0343427185161598
2016-12-14,1.1239007039849247,1.0385179034437675,1.039782750324269,1.034345361109791,1.035605151301877
2016-12-15,1.1219331779893515,1.0385144417174226,1.0393753941820523,1.0346954906515595,1.0351994318194537
2016-12-16,1.1241491314349208,1.0385144417174226,1.0392887795658705,1.034513380914823,1.0348911040929976
2016-12-19,1.1282382375576565,1.0385144417174226,1.039375733730459,1.0339564662023415,1.0349328450361361
2016-12-20,1.1254657483989128,1.0385144417174226,1.0393211867073415,1.0343896854096608,1.0348785311783164
2016-12-21,1.123369035277243,1.0385144417174226,1.038693048867678,1.0346876680422497,1.0342530783604555
2016-12-22,1.1247751734610092,1.0385144417174226,1.0390467033654116,1.034456280168458,1.0346052211357977
2016-12-23,1.1273040872683897,1.0385144417174226,1.0389012368269404,1.0338825497165152,1.0341949848674554
2016-12-27,1.1178837377729383,1.0385144417174226,1.0389012368269404,1.0368190485316593,1.0359766196888305
2016-12-28,1.1175558572078312,1.0385034569387874,1.0387913481277384,1.036628366384124,1.0357565361652017
2016-12-29,1.1123736945656064,1.038496533582408,1.0377933362179768,1.0372790383499702,1.0347614399309393
2016-12-30,1.1218139376654521,1.038883588350499,1.039119575435513,1.037586114622979,1.0360838045622558
2017-01-03,1.1282332641565582,1.0388593477334374,1.0398157919810813,1.0372606175190346,1.0367779871225538
2017-01-04,1.1273637680815725,1.0388593477334374,1.0397108209188384,1.0373409714333113,1.0366733227315554
2017-01-05,1.1313286604793105,1.0388593477334374,1.0407176988148248,1.0367156347682687,1.0376772590502088
2017-01-06,1.127314034070587,1.0388593477334374,1.0405615911600026,1.03789767652579,1.0377114148784805
2017-01-09,1.127314034070587,1.0388593477334374,1.040450597923612,1.0378457816419637,1.037569594318447
2017-01-10,1.1305039250142115,1.0388593477334374,1.0407322399288736,1.0370753133506263,1.0378504564581061
2017-01-11,1.128079210024969,1.0388593477334374,1.0406732651019444,1.0377559861991912,1.03793959063214
2017-01-12,1.1301659763444416,1.0388593477334374,1.040907388877372,1.0372444133926801,1.038128122021339
2017-01-13,1.1268122057694965,1.0388593477334374,1.0408035236497517,1.038191349285339,1.0380245341182797
2017-01-17,1.1287996253694639,1.0388593477334374,1.040800054304673,1.0376928606418225,1.0379897429398206
2017-01-18,1.1247254394500237,1.0388593477334374,1.040800054304673,1.039114904570285,1.0384915354991264
2017-01-19,1.1285115320131454,1.0388593477334374,1.040800054304673,1.0382121333149565,1.0382928552937822
2017-01-20,1.12547569520111,1.0388593477334374,1.040800054304673,1.0390154022930336,1.0387532593893325
2017-01-23,1.132863985789173,1.0388593477334374,1.040800054304673,1.0372632444124836,1.0384428593606583
2017-01-24,1.1419564547195173,1.0388593477334374,1.040800054304673,1.034977325662298,1.037456729518703
2017-01-25,1.141116677748657,1.0388593477334374,1.040800054304673,1.0351853613535267,1.0375497068926394
2017-01-26,1.1401279413497718,1.0388593477334374,1.0406578327352767,1.0354305278886071,1.0373353009919983
2017-01-27,1.1332762928704894,1.0388593477334374,1.0386324420091522,1.035828233456263,1.0353163767765448
2017-01-30,1.1322677841696758,1.0388593477334374,1.038373292828101,1.035907361588317,1.0350580549869313
2017-01-31,1.1326056115369798,1.0388593477334374,1.0382452267886522,1.0358399196455965,1.0349303978268163
2017-02-01,1.1332515471674625,1.0388593477334374,1.038245713444668,1.035646347830459,1.0349308829290744
2017-02-02,1.1414843455225525,1.0388593477334374,1.0382422526256232,1.033250941803981,1.034820286653401
2017-02-03,1.139069698637973,1.0388593477334374,1.0382422526256232,1.0340136826705895,1.0352060824025933
2017-02-06,1.1393280728901658,1.0388593477334374,1.0382006553949894,1.0339122989156178,1.035047283460274
2017-02-07,1.1401179945475748,1.0388593477334374,1.0381245206802605,1.0335985452978822,1.0349713799928202
2017-02-08,1.1466765762694404,1.0388593477334374,1.0381245206802605,1.0309944590916986,1.034022269687439
2017-02-09,1.1507656823921761,1.0388593477334374,1.0381245206802605,1.0295277185630787,1.0333132792007615
2017-02-10,1.156802420906091,1.0388593477334374,1.0381245206802605,1.0279571706370387,1.0323341265710948
2017-02-13,1.1614381159398042,1.0388593477334374,1.0381245206802605,1.0268037473366478,1.0317584509268816
2017-02-14,1.1672363738059202,1.0388593477334374,1.0381245206802605,1.0261064684560433,1.031504267922462
2017-02-15,1.1662277438026407,1.0388593477334374,1.0381245206802605,1.026100891281569,1.0314930184609463
2017-02-16,1.1681853229960169,1.0388593477334374,1.0383692183665623,1.0254805932445803,1.0317327147171393
2017-02-17,1.1752505851176054,1.0388593477334374,1.0382653814447256,1.0235683382664407,1.0311341121467419
2017-02-21,1.1739787287635002,1.0388593477334374,1.0382653814447256,1.0238324585143863,1.031205067932108
2017-02-22,1.1744706102623936,1.0388593477334374,1.038253605585202,1.0237148431792424,1.0311589986474001
2017-02-23,1.176224522615661,1.0388593477334374,1.0381809278328111,1.0233070328919809,1.030881269975136
2017-02-24,1.1774218992557535,1.0388593477334374,1.0381809278328111,1.0230606790638028,1.0308048068899633
2017-02-27,1.1743860624437181,1.0388593477334374,1.0381809278328111,1.0238570435883392,1.031014533700079
2017-02-28,1.1904444467761461,1.0388593477334374,1.0381809278328111,1.0218948072767366,1.029973811124879
2017-03-01,1.1834685845718655,1.0388593477334374,1.0375646752128789,1.0229853506206819,1.0293246644514829
2017-03-02,1.1840649074938283,1.0388593477334374,1.0376140335791781,1.022889528233939,1.0293736308292352
2017-03-03,1.1801844416123,1.0388593477334374,1.0370511173165542,1.0236345867234282,1.0288151850696774
2017-03-06,1.1767461232186793,1.0388593477334374,1.0364462549067588,1.0238810368520108,1.0282151262859933
2017-03-07,1.1740581818786109,1.0388593477334374,1.0356614999679945,1.0240734909729128,1.027436603622956
2017-03-08,1.1749973055689764,1.0388593477334374,1.0359942318410431,1.0240229721572354,1.027766693044618
2017-03-09,1.1788379842417163,1.0388593477334374,1.037343968101599,1.0233385555130785,1.0291057101263337
2017-03-10,1.179270184927427,1.0388593477334374,1.0373119184412347,1.0232710214043736,1.0290739149942438
2017-03-13,1.1752853989252947,1.0388593477334374,1.036906084622729,1.0240112413135767,1.0286713041796738
2017-03-14,1.1851281236067257,1.0388593477334374,1.0391353643508734,1.0219427993595023,1.0308828796727099
2017-03-15,1.183200263517475,1.0388593477334374,1.038754846708451,1.0222838198227595,1.0305053839811533
2017-03-16,1.181645165905684,1.0388593477334374,1.0385911171449542,1.0226370519430312,1.0303429547061083
2017-03-17,1.179270184927427,1.0388593477334374,1.0385042253739798,1.0227779589894828,1.0302567530021194
2017-03-20,1.1646378323831594,1.0388593477334374,1.038157144164504,1.0249469798655444,1.0299124282019254
2017-03-21,1.166838865625433,1.0390518672689475,1.038671198711238,1.0250480924479473,1.0304224002898998
2017-03-22,1.1656017017765519,1.0389825971444628,1.0384019321894824,1.0250142141093068,1.030155272197767
2017-03-23,1.1646179387787652,1.0389825971444628,1.0380256444280704,1.0250802245992032,1.0297819727948423
2017-03-24,1.1634305089408696,1.0389825971444628,1.037715870513294,1.025049739908608,1.0294746590066028
2017-03-27,1.1718670954385344,1.0394034770059641,1.040326266513511,1.0254581420654787,1.0320643240667182
2017-03-28,1.1731389517926394,1.039372294901654,1.0401424755397601,1.025026376227071,1.0317511001340607
2017-03-29,1.1765822435873585,1.039372294901654,1.0401424755397601,1.0244673073088595,1.031676331058638
2017-03-30,1.1739289947525142,1.039372294901654,1.0401424755397601,1.025239330210368,1.031997053333049
2017-03-31,1.1720012559657293,1.039372294901654,1.0401424755397601,1.0254252079059862,1.0320255158416118
2017-04-03,1.1726570170959434,1.039372294901654,1.0401532069412214,1.0253040289388466,1.0320086428180144
2017-04-04,1.1690747126753964,1.039372294901654,1.0399744787609932,1.0261540677126029,1.0318313141077056
2017-04-05,1.171330453329754,1.039372294901654,1.0403783415267984,1.0259678683791176,1.0322320145641786
2017-04-06,1.170361610535263,1.039372294901654,1.0402430923424,1.026071047970975,1.0321090802112003
2017-04-07,1.1711664523959677,1.039372294901654,1.0402613147021063,1.0258905871067014,1.032109958266117
2017-04-10,1.169487141059179,1.039372294901654,1.0402127691740868,1.0262687238896133,1.0322224374895208
2017-04-11,1.1650899266732646,1.039372294901654,1.0389129342385106,1.0263907784347384,1.0308465686211934
2017-04-12,1.1571501950755916,1.039372294901654,1.0366335223938299,1.0269400776719804,1.028584854668921
2017-04-13,1.1671171334820205,1.0399906995095252,1.039490765994312,1.0275100077695356,1.0314199139546452
2017-04-17,1.1637285490993856,1.0399525665172098,1.039324447471753,1.028130864898926,1.0318663472516767
2017-04-18,1.161731182697221,1.0399525665172098,1.0389251728299052,1.0280089721078973,1.0313426742531486
2017-04-19,1.1705106912657544,1.040246135285375,1.041361442968747,1.0282957426158126,1.0337611635013704
2017-04-20,1.166958105949333,1.0402253303626692,1.041194825137872,1.0286575080575249,1.0336656459803941
2017-04-21,1.1796080122947317,1.0402253303626692,1.0425585218020095,1.0257777976810154,1.0350056991532337
2017-04-24,1.1867926360426857,1.0402253303626692,1.0424924930956287,1.0250361534973176,1.0319842091823868
2017-04-25,1.186216206725117,1.0402253303626692,1.0424924930956287,1.0250623154390452,1.0321607232395118
2017-04-26,1.1868720891577966,1.0402253303626692,1.0424924930956287,1.0250173348993177,1.0319442582672593
2017-04-27,1.1846014283001434,1.0402253303626692,1.0424924930956287,1.0254894689407517,1.0325867935068656
2017-04-28,1.186653502114392,1.0402253303626692,1.0424924930956287,1.025040781967207,1.03225167621105
2017-05-01,1.188064492396791,1.0402253303626692,1.0424924930956287,1.024710220338352,1.031802177417874
2017-05-02,1.1865540340924212,1.0402253303626692,1.0424924930956287,1.024855328133238,1.031748323426694
2017-05-03,1.1872447303327907,1.0402253303626692,1.0424987697975565,1.0246307740746117,1.0317270221508499
2017-05-04,1.1920990124099085,1.0402253303626692,1.0424605448426638,1.0238288654064625,1.0315313827917416
2017-05-05,1.1921436517173296,1.0402253303626692,1.0424605448426638,1.0237302557347576,1.0314450884024184
2017-05-08,1.190921408071744,1.0402253303626692,1.0424605448426638,1.02383386892769,1.03143272473859
2017-05-09,1.1922678654423275,1.0402253303626692,1.0426709054965584,1.0235698614628108,1.0316133551891304
2017-05-10,1.1896892176239615,1.0402253303626692,1.0423422603000867,1.0238604311153834,1.031288195282959
2017-05-11,1.1879303318695957,1.0402253303626692,1.041909719894516,1.0240689387135742,1.0308602419789072
2017-05-12,1.1936044973131799,1.0402253303626692,1.0417881637605282,1.0230238973679882,1.0303410894206704
2017-05-15,1.1927846139467138,1.0402253303626692,1.0415326214063858,1.0231691245273695,1.0300505757695784
2017-05-16,1.1711019194841532,1.0402253303626692,1.0388472551887216,1.0272541687000079,1.027394813519019
2017-05-17,1.1754195594524908,1.040601031394176,1.039824876593126,1.0275121869429749,1.0283616574467027
2017-05-18,1.1833742112534595,1.0407437324806845,1.0396827671933249,1.0276530931126344,1.0282211146868516
2017-05-19,1.1894805773827544,1.0407298558975848,1.0396827671933249,1.0257392849854627,1.0272899360692411
2017-05-22,1.1916666904217323,1.0407298558975848,1.0396827671933249,1.0248996426006347,1.0267957178953573
2017-05-23,1.194632899618388,1.0407298558975848,1.0396827671933249,1.0240184530132395,1.0257526288920262
2017-05-24,1.1999393972880765,1.0407298558975848,1.0396827671933249,1.0232322470578044,1.024587304553953
2017-05-25,1.2003120384630703,1.0407298558975848,1.0396827671933249,1.0231116434489167,1.0244708243463725
2017-05-26,1.1988661130705158,1.0407298558975848,1.0396827671933249,1.0233958083461165,1.0245745229397838
2017-05-30,1.1983146720609057,1.0407298558975848,1.0396827671933249,1.0234859968187073,1.0246253335252664
2017-05-31,1.2073872473868559,1.0407298558975848,1.041349155683412,1.021172038575686,1.026134386885265
2017-06-01,1.2118639148878811,1.0407298558975848,1.0412311361124347,1.0201269235674744,1.0255575372239811
2017-06-02,1.2103882703912012,1.0407298558975848,1.0411834431398799,1.0205250196305895,1.025455865769311
2017-06-05,1.2070245530140589,1.0407298558975848,1.0411695606939713,1.020880141649141,1.025940764736627
2017-06-06,1.208917477993154,1.0407298558975848,1.0411918054321374,1.0205113709444351,1.0258532504277944
2017-06-07,1.209240506459628,1.0407298558975848,1.0411763630004276,1.0203383666769332,1.025838035489796
2017-06-08,1.2082368498574472,1.0407298558975848,1.0410749536930102,1.020498488995194,1.025738120116764
2017-06-09,1.2070542721181843,1.0407298558975848,1.04050788326207,1.020721343490688,1.0251794036134583
2017-06-12,1.2124999037161666,1.0407298558975848,1.0418606665190138,1.0195786412407077,1.026512258034728
2017-06-13,1.211292458971411,1.0407298558975848,1.041704387419036,1.0199234559519894,1.0264838287056592
2017-06-14,1.2085796506258497,1.0407298558975848,1.0415521820105766,1.0201867971407848,1.0262072475297628
2017-06-15,1.2089224513942523,1.0407298558975848,1.041524407285723,1.0200513649394947,1.0260029631953833
2017-06-16,1.2190136035256791,1.0407298558975848,1.041524407285723,1.0184143701717576,1.0244408724953784
2017-06-19,1.210850311483503,1.0407298558975848,1.041524407285723,1.0203185022800234,1.0258873310721814
2017-06-20,1.2101448163423036,1.0407298558975848,1.041524407285723,1.0203195422417068,1.0257779030902003
2017-06-21,1.2095932540302277,1.0407298558975848,1.041524407285723,1.0203767356047229,1.025774879238651
2017-06-22,1.21148132691069,1.0407298558975848,1.041524407285723,1.0200377836938859,1.0252171418320308
2017-06-23,1.211863914887881,1.0407298558975848,1.0415231283062119,1.0199633369877952,1.0250723524777898
2017-06-26,1.2020807497171668,1.0407298558975848,1.0415196565624507,1.0218404018388074,1.025172438148894
2017-06-27,1.2126687567485857,1.0407298558975848,1.0428464521095209,1.0212118160522816,1.0264715744341142
2017-06-28,1.2022397772498548,1.0407298558975848,1.0427665005481925,1.0237791498380817,1.0288872113646095
2017-06-29,1.20408308952043,1.0407298558975848,1.0430753608104506,1.0235163902499649,1.0290376275952093
2017-06-30,1.2068655254813707,1.0407298558975848,1.0431017680339758,1.0228387426589376,1.0290636794296872
2017-07-03,1.208619437834638,1.0407298558975848,1.043111224357008,1.0225661756461448,1.0290730084892972
2017-07-05,1.1972960952554286,1.0407298558975848,1.0400333711997147,1.0245154154120761,1.0260365771535913
2017-07-06,1.204962532397613,1.040770812957163,1.0433409592554652,1.0244498677728824,1.0292996516099826
2017-07-07,1.2060804559225946,1.0407673437211198,1.0430731684092562,1.0241149132942475,1.0286631662188885
2017-07-10,1.2051364801335962,1.0407673437211198,1.0430731684092562,1.0243120389315266,1.0287791655270324
2017-07-11,1.2139407344051565,1.0407673437211198,1.0446348926875952,1.0222167368126425,1.0302234689540533
2017-07-12,1.2162163686639083,1.0407673437211198,1.0445199828493996,1.0214374580209025,1.0289032771444546
2017-07-13,1.2219003596072235,1.0407673437211198,1.0445199828493996,1.0199360733753153,1.027046338764683
2017-07-14,1.2218357053929423,1.0407673437211198,1.0445199828493996,1.0198623937537208,1.0270287693602105
2017-07-17,1.2225661888421002,1.0407673437211198,1.0445199828493996,1.0196087490598484,1.0266450321881047
2017-07-18,1.2291345960636968,1.0407673437211198,1.0445199828493996,1.0180681144421448,1.0254981926024365
2017-07-19,1.2289457281244176,1.0407673437211198,1.0445199828493996,1.0180625526325595,1.0254908057772985
2017-07-20,1.2284936338343126,1.0407673437211198,1.0445199828493996,1.0181314947365552,1.0255331707932764
2017-07-21,1.2271868423700518,1.0407673437211198,1.0445199828493996,1.018446220000732,1.0258498833970922
2017-07-24,1.2307741201916973,1.0407673437211198,1.0445199828493996,1.0178821413950292,1.0245333339247074
2017-07-25,1.2311220156636644,1.0407673437211198,1.0445199828493996,1.0178235661688346,1.024333618505346
2017-07-26,1.2299245177211058,1.0407673437211198,1.0445199828493996,1.0178218982574385,1.024614018682594
2017-07-27,1.228275046790908,1.0407673437211198,1.0445199828493996,1.017932336127428,1.0249626089852186
2017-07-28,1.2273806837104295,1.0407673437211198,1.0445199828493996,1.018027835240027,1.0251980154901905
2017-07-31,1.2303866801158736,1.0407673437211198,1.0445199828493996,1.0176713002799667,1.0244478366935037
2017-08-01,1.2309928285375678,1.0407673437211198,1.0445199828493996,1.017601060780655,1.0240489539532491
2017-08-02,1.2283047658950337,1.0407673437211198,1.0445199828493996,1.0180229804303356,1.0253254508692409
2017-08-03,1.2306251607636727,1.0407673437211198,1.0445199828493996,1.017804653577134,1.0245438501995505
2017-08-04,1.232652246269963,1.0407673437211198,1.0445199828493996,1.0174665579072966,1.023603406481858
2017-08-07,1.2296760902711104,1.0407673437211198,1.0445199828493996,1.0180481990814112,1.024656711883705
2017-08-08,1.229228969382104,1.0407673437211198,1.044429777197972,1.017936830214573,1.0243427971649672
2017-08-09,1.2114365663008029,1.0407673437211198,1.0438910449406118,1.0214558673143357,1.0238144260676705
2017-08-10,1.2129818384128626,1.0408695875222949,1.0442808639790249,1.0214302344210442,1.024196747917271
2017-08-11,1.2251647302648605,1.0408036657817519,1.0440406793803096,1.020791159323472,1.023097272336022
2017-08-14,1.2245536084420678,1.0408036657817519,1.0439850635905235,1.0208180153496467,1.0230018483054761
2017-08-15,1.2262926005920396,1.0408036657817519,1.0441281720363538,1.0203956387926991,1.0231420803927906
2017-08-16,1.2073623803813627,1.0408036657817519,1.0422979671897283,1.0236101946904814,1.021348661112982
2017-08-17,1.2051464269357934,1.0407388482121969,1.0411075011260373,1.0234406748160179,1.0201821224085754
2017-08-18,1.206547591718461,1.0407249716942206,1.0416827028043891,1.0233929964456943,1.0207457630205192
2017-08-21,1.21854161563118,1.0407249716942206,1.0435319160903873,1.0221210278661923,1.0225578086861737
2017-08-22,1.2143332691845445,1.0407249716942206,1.0430817289351084,1.0228666457514557,1.022116669911305
2017-08-23,1.2118141808768952,1.0407249716942206,1.042532152047674,1.0232247205137839,1.021578139053691
2017-08-24,1.213841387685651,1.0407249716942206,1.0425348136659713,1.0228276773378644,1.0215807471757157
2017-08-25,1.2144326159040495,1.0407249716942206,1.0425611769587761,1.0226440376947907,1.0216065805886707
2017-08-28,1.2154561661106247,1.0407249716942206,1.0426362379183067,1.0224099095973618,1.0216801328865084
2017-08-29,1.2210656773399275,1.0407249716942206,1.0425875815605372,1.0213055009633147,1.0209008080343451
2017-08-30,1.2280513650439393,1.0407249716942206,1.0425875815605372,1.019222100630088,1.0191939911887657
2017-08-31,1.230486026835379,1.0407249716942206,1.0425875815605372,1.0185719768209796,1.0188800577537285
2017-09-01,1.221194864466024,1.0407249716942206,1.0424756659434045,1.0208724984312658,1.0187129504626031
2017-09-05,1.2250156495343698,1.0407249716942206,1.04321338476624,1.0206478050266572,1.0194338533509621
2017-09-06,1.2247970624909652,1.0407249716942206,1.0431458543928682,1.0205410723935588,1.0193678622989397
2017-09-07,1.2229735225223182,1.0407249716942206,1.0429314339504923,1.0208546334750712,1.0191583294641424
2017-09-08,1.2362296985918768,1.0407249716942206,1.0445651136276608,1.0175078060048863,1.020754770223777
2017-09-11,1.2403883110275264,1.0407249716942206,1.0444885121859948,1.016966634573035,1.020101440513897
2017-09-12,1.241327434717892,1.0407249716942206,1.0444885121859948,1.0166849893958922,1.0200248844801512
2017-09-13,1.2399610837429142,1.0407249716942206,1.0444885121859948,1.0169149255771635,1.0200732193370246
2017-09-14,1.2422515169024961,1.0407249716942206,1.04457293912127,1.0166078795641833,1.0201182700777578
2017-09-15,1.2440601366678472,1.0407249716942206,1.0445416019330962,1.016175312988296,1.0200477611197325
2017-09-18,1.2454412865436546,1.0407249716942206,1.0445416019330962,1.0159101830320578,1.0197842155571382
2017-09-19,1.2462313295035294,1.0407249716942206,1.0445416019330962,1.0157607235061568,1.019678225985937
2017-09-20,1.2424354114406766,1.0407249716942206,1.0444428323716823,1.0164620128475752,1.0195036321201256
2017-09-21,1.2432402533013813,1.0407249716942206,1.0444528825657902,1.0163267835921035,1.0195134423357535
2017-09-22,1.2404777109448346,1.0407249716942206,1.0444424380369646,1.0168029107368877,1.0196788125425083
2017-09-25,1.2405672321646084,1.0407249716942206,1.0444424380369646,1.0167045847626432,1.0196452787027186
2017-09-26,1.2456351278840325,1.0407249716942206,1.0445672539197912,1.0160756647074298,1.0197467383004482
2017-09-27,1.2471356393862054,1.0407249716942206,1.0446288244767241,1.0157541991609735,1.019806845846776
2017-09-28,1.251756414216623,1.0407249716942206,1.04459748561199,1.0150747756542422,1.0191472863009399
2017-09-29,1.2566057228926424,1.0407249716942206,1.04459748561199,1.013771567420408,1.018659916057215
2017-10-02,1.2593185312382034,1.0407249716942206,1.0450595704484733,1.0132315617444065,1.0190494076375864
2017-10-03,1.26088854905329,1.0407249716942206,1.0451757889008928,1.0129956727628062,1.0191627335650681
2017-10-04,1.2680085185869627,1.0407249716942206,1.0451026265956698,1.0120804453754875,1.0185902260442328
2017-10-05,1.2666471410130837,1.0407249716942206,1.0450258781545754,1.012258172505465,1.0184746809659637
2017-10-06,1.2643615599521347,1.0407249716942206,1.0450014942174184,1.0125978093056356,1.018521771645622
2017-10-09,1.267297928742199,1.0407249716942206,1.0450014942174184,1.0122169680156112,1.0184946110650448
2017-10-10,1.269583509803148,1.0407249716942206,1.0450378186726785,1.0117505198432208,1.0185300141358893
2017-10-11,1.2674420360715912,1.0407249716942206,1.0449990808007943,1.0121967481672984,1.018492258865704
2017-10-12,1.2685549861954744,1.0407249716942206,1.0450990917322946,1.0120252456321286,1.018589732979707
2017-10-13,1.270775913042142,1.0407249716942206,1.045451099217498,1.011719834452463,1.0189328116534868
2017-10-16,1.271630610216298,1.0407249716942206,1.0453465541075762,1.01156013535639,1.0187831272042258
2017-10-17,1.2725745860052962,1.0407249716942206,1.0453465541075762,1.0114132205612703,1.0186516224859499
2017-10-18,1.2729919877901772,1.0407249716942206,1.0453465541075762,1.0113281001381995,1.0185905033886007
2017-10-19,1.27950568759969,1.0407249716942206,1.0453465541075762,1.0100674954844444,1.0182853693793763
2017-10-20,1.2744228716769703,1.0407249716942206,1.0447231813370133,1.0105553559353018,1.0176509797612023
2017-10-23,1.2764847709909501,1.0407249716942206,1.0450030523938094,1.0104653914142803,1.017923598441675
2017-10-24,1.2705324589932447,1.0407249716942206,1.0439101140628915,1.0108681137201412,1.0168589817248777
2017-10-25,1.2721472374182186,1.0407677633199288,1.0442288264761634,1.0108625038721815,1.0171694352549823
2017-10-26,1.2824173106867276,1.040740009512907,1.0478406015550976,1.0099111585266776,1.0206876174044877
2017-10-27,1.2783232311628931,1.040740009512907,1.0476100766227554,1.0100561801839278,1.0204813872711376
2017-10-30,1.279530554605183,1.040740009512907,1.047718721141922,1.0096551462599257,1.020583816750151
2017-10-31,1.2815677082161359,1.040740009512907,1.0478010686371872,1.0092938836051526,1.02066403152471
2017-11-01,1.2818111622650332,1.040740009512907,1.0478196462992881,1.0091593225896263,1.0206821280432798
2017-11-02,1.2857810280638697,1.040740009512907,1.0479215114994314,1.0082572877750546,1.0207813550329845
2017-11-03,1.287415578790772,1.040740009512907,1.0480017387191431,1.0076364696207567,1.0208595044450819
2017-11-06,1.2871721247418746,1.040740009512907,1.0479741726779699,1.00762518764325,1.0208326523377886
2017-11-07,1.2890303572157455,1.040740009512907,1.0479567064417585,1.0072301814736275,1.0203923538759339
2017-11-08,1.284181169842192,1.040740009512907,1.0479567064417585,1.0083029566131887,1.0204864559112212
2017-11-09,1.2830284325095205,1.040740009512907,1.0478102394169087,1.0084966528123243,1.0203200168984115
2017-11-10,1.2842904633638943,1.040740009512907,1.0479437110548375,1.0082878393595358,1.0204499867906152
2017-11-13,1.2813242541672387,1.040740009512907,1.0476702386895298,1.0088164909570922,1.0201836892131575
2017-11-14,1.2742440718423544,1.040740009512907,1.0467546409625645,1.0094248891028323,1.019292112997249
2017-11-15,1.2846878502419152,1.040740009512907,1.0493590692934136,1.0088982080560653,1.0218282118618882
2017-11-16,1.2813143073650417,1.040740009512907,1.049194669705891,1.0096005375125592,1.021856397427465
2017-11-17,1.2829488580919437,1.040740009512907,1.049324884480927,1.009233532134095,1.021938938825845
2017-11-20,1.2913408052821875,1.040740009512907,1.0492409384901686,1.0069520042852311,1.0212815345571282
2017-11-21,1.2903719624876966,1.040740009512907,1.049135992478381,1.00717529436484,1.0211385338084047
2017-11-22,1.293025090020075,1.040740009512907,1.0490940270386817,1.0065995674114756,1.0210106840252975
2017-11-24,1.292528235120083,1.040740009512907,1.0490940270386817,1.0066908444788814,1.0210135199800525
2017-11-27,1.3052577158830587,1.040740009512907,1.049355559541481,1.0046811178725472,1.0212067913789227
2017-11-28,1.3047757811863625,1.040740009512907,1.049223610657246,1.0046563352971076,1.0210783819990223
2017-11-29,1.3154631349372865,1.040740009512907,1.0499907561385184,1.002604329985833,1.021824948945114
2017-11-30,1.3127999393002452,1.040740009512907,1.049899070083213,1.0026696318706227,1.0217357223512284
2017-12-01,1.311418668121972,1.040740009512907,1.0495436909656102,1.0027802138503106,1.02138987621251
2017-12-04,1.3065147733363343,1.040740009512907,1.0479125355568988,1.0030251141522264,1.0198024762449542
2017-12-05,1.3063656926058436,1.040740009512907,1.047790018684942,1.0029431928139823,1.019683245865353
2017-12-06,1.3101964244763864,1.040740009512907,1.04799343422094,1.0019724404784787,1.0198812048173445
2017-12-07,1.3174107673284656,1.040740009512907,1.047948021172124,1.000089923820627,1.01865270430615
2017-12-08,1.321629060577298,1.040740009512907,1.047948021172124,0.9992173364188275,1.0170667900524493
2017-12-11,1.3236761609904482,1.040740009512907,1.047948021172124,0.9987466879278376,1.0163773548238573
2017-12-12,1.3230501189643598,1.040740009512907,1.047948021172124,0.9988658133772336,1.0162955845478958
2017-12-13,1.31766416817956,1.040740009512907,1.0462236129345415,1.0002388188966163,1.0145521199989174
2017-12-14,1.3294893390598599,1.040740009512907,1.0490750591337246,0.9988222436238419,1.01731724664171
2017-12-15,1.3366191340932638,1.040740009512907,1.0489142009579908,0.9978804675288201,1.0140995660798469
2017-12-18,1.3323014941249263,1.040740009512907,1.0489142009579908,0.998711642403798,1.014696729843092
2017-12-19,1.3311984908032402,1.040740009512907,1.0489142009579908,0.9988934355837448,1.0148062990250575
2017-12-20,1.3338417928358874,1.040740009512907,1.0489142009579908,0.9983843001243022,1.01468152775652
2017-12-21,1.3332306710130946,1.040740009512907,1.0489142009579908,0.9984976755301769,1.0146851524199325
2017-12-22,1.33181955942823,1.040740009512907,1.0489142009579908,0.998714701972774,1.0146932765452967
2017-12-26,1.3328729500413963,1.040740009512907,1.0489203043996458,0.9984993344962203,1.0146585931305323
2017-12-27,1.3353174373325674,1.040740009512907,1.0489098151966019,0.998112010193807,1.0140484995393493
2017-12-28,1.3283962825403708,1.040740009512907,1.0489098151966019,0.9995173015503043,1.0154116712351906
2017-12-29,1.3394264370596973,1.040740009512907,1.0494554833596217,0.9984934150499569,1.0158079093392063
2018-01-02,1.347997184084557,1.040740009512907,1.0494205015101763,0.9969886199846995,1.0141855974835985
2018-01-03,1.3534277741767777,1.040740009512907,1.0494205015101763,0.9962423861381617,1.012095957323216
2018-01-04,1.3629474703917346,1.040740009512907,1.0494205015101763,0.9943305923650763,1.0085264125665498
2018-01-05,1.3652131578482893,1.040740009512907,1.0494205015101763,0.9940747345122187,1.0077350438678556
2018-01-08,1.3669919372070494,1.040740009512907,1.0494205015101763,0.993852940356741,1.0071472421925938
2018-01-09,1.3654715321004824,1.040740009512907,1.0494205015101763,0.9940010692569763,1.0075751697208568
2018-01-10,1.3750757761341146,1.040740009512907,1.0512489128606968,0.9917242674998269,1.0091291586761801
2018-01-11,1.3843569917012724,1.040740009512907,1.052328128300531,0.9899161285791662,1.0101651338439135
2018-01-12,1.3794778426186616,1.040740009512907,1.0519468850663571,0.9909263541926323,1.0097991656517507
2018-01-16,1.39246569763383,1.040740009512907,1.0518977942117207,0.9898976023732973,1.008283584107649
2018-01-17,1.390214930380571,1.040740009512907,1.0518977942117207,0.9900649758152509,1.0085826523914947
2018-01-18,1.3963113497076687,1.040740009512907,1.0521702522280667,0.9894406412548894,1.0087430328419404
2018-01-19,1.4075750114736956,1.040740009512907,1.0521351798863259,0.9865714627479744,1.0083061322095566
2018-01-22,1.4106355939887578,1.040740009512907,1.0521351798863259,0.9861031184116748,1.0079521382768257
2018-01-23,1.4098456723313488,1.040740009512907,1.0519716116864837,0.9862056675453102,1.0077248822600529
2018-01-24,1.4106952748019403,1.040740009512907,1.0520818622491783,0.9860379980177141,1.0078304955998771
2018-01-25,1.4273995947648508,1.040740009512907,1.0539114152111158,0.9814608793273149,1.009583096166922
2018-01-26,1.4177903773301201,1.040740009512907,1.0538306153359496,0.9814130882217388,1.0114770928581145
2018-01-29,1.4023381414193863,1.040740009512907,1.0509476343249355,0.9821713081610829,1.0085515143010155
2018-01-30,1.4030238642586572,1.0407393217111316,1.0510696579264323,0.9821346461180852,1.0086686153668065
2018-01-31,1.4021145809748832,1.0407080995314804,1.0508383113067934,0.9821139086348832,1.0084466014662614
2018-02-01,1.3723777666893828,1.0407080995314804,1.0443008632656572,0.9843127750328101,1.0021728796306466
2018-02-02,1.316138789671894,1.035815752806995,1.0362568344496672,0.9796330448525055,0.9944533537680104
2018-02-05,1.3390934617910255,1.0372437356345525,1.0364080024995201,0.9809835738066813,0.9945984235703617
2018-02-06,1.3323958674433323,1.0369220912219745,1.0351604960286132,0.9806793754061457,0.9934012425698622
2018-02-07,1.2823824968790374,1.032746179800108,1.0234622239399958,0.9767299656678293,0.9821748887113667
2018-02-08,1.3015362775342174,1.0336475937954845,1.0257311037391756,0.9775824869145571,0.9843522399727356
2018-02-09,1.3196466143784282,1.0357122763670397,1.0287451579133353,0.9795351809807994,0.987244704642002
2018-02-12,1.32309475827178,1.0358942520977388,1.0286567745058477,0.9797072863370568,0.9871598866962268
2018-02-13,1.3408274805398983,1.0358528163276548,1.0298104607899177,0.9792140867238494,0.9882670322958974
2018-02-14,1.357010078597324,1.0358528163276548,1.0316024716004375,0.9787380928676495,0.9899867518685614
2018-02-15,1.357516880299513,1.0358327193712316,1.0315448422157858,0.9786995292528469,0.9899314473022249
2018-02-16,1.349587095504037,1.0352000269325228,1.0315345267673637,0.9781017340873284,0.989921547987752
2018-02-20,1.3421690858118487,1.0346999939828616,1.030957204099149,0.97762928134154,0.9893675150062303
2018-02-21,1.3434757559736437,1.0346958152042598,1.0311062123539467,0.9776253330508808,0.989510512141493
2018-02-22,1.3650094910081794,1.0354594112963793,1.0325902991219498,0.9783468116467205,0.9909347295890016
2018-02-23,1.3810579285384101,1.0354352505767823,1.0325421115746574,0.9776044868415334,0.9896738957497588
2018-02-26,1.3635089795060067,1.0353440847244813,1.0325421115746574,0.9774890846175955,0.99189793043596
2018-02-27,1.3483797720617472,1.0353406335775321,1.0325421115746574,0.9779691654817414,0.9920386963972806
2018-02-28,1.3304134212444627,1.0341955965710816,1.0325421115746574,0.9768647592825445,0.9920287760103167
2018-03-01,1.3371607496031415,1.034772796623425,1.033706470087959,0.9774099621359117,0.9931474491741903
2018-03-02,1.3519123424713086,1.034714159498283,1.035565768030002,0.9769788583175,0.9949337947779262
2018-03-05,1.3554798479910257,1.034714159498283,1.0359562100794073,0.9766475934687581,0.9953089172489931
2018-03-06,1.354823965558346,1.034714159498283,1.0358809081606695,0.9767007320122384,0.9952365699137713
2018-03-07,1.360870650874458,1.034714159498283,1.0359972880881378,0.9762194838797605,0.9953483835005532
2018-03-08,1.3845209926350575,1.035179886590774,1.0363539232103192,0.9766068173524576,0.9956910255097979
2018-03-09,1.3827571334795932,1.0351554013411113,1.036343559671087,0.9765837175395121,0.995845473942874
2018-03-12,1.3739578526091316,1.0351485003051022,1.036343559671087,0.9766153821373041,0.9957392504256535
2018-03-13,1.366092600725471,1.0350625895776333,1.036343559671087,0.9765310739009448,0.9965369305328837
2018-03-14,1.3650244112114747,1.0350556891603695,1.036343559671087,0.9765245636937855,0.9966223449097569
2018-03-15,1.3673496581787463,1.0351055145538754,1.036343559671087,0.9765715715226045,0.9963780236692769
2018-03-16,1.347927556469176,1.0350848124435843,1.0339053839604757,0.9772658068979626,0.9939641272650388
2018-03-19,1.3499249228713406,1.0351119124945765,1.033822671529759,0.9772653327403741,0.9936613612018462
2018-03-20,1.3474356749702827,1.0350981110024098,1.0331764662275604,0.9774361833968148,0.9929839518105424
2018-03-21,1.3135303014469357,1.0350981110024098,1.0270931156577003,0.9778694395779444,0.987137255058762
2018-03-22,1.2859896683050764,1.0331723492706661,1.021627326888097,0.9760403709772447,0.981884095787704
2018-03-23,1.3209136186339,1.0338895707864513,1.035918299107989,0.9767179318458006,0.9956191222173492
2018-03-26,1.2980931070419635,1.0324330567575513,1.0267277992337882,0.9753419595851175,0.9867861501331902
2018-03-27,1.2943070144788418,1.0320745741689226,1.025207106224453,0.9750033002326474,0.9853246149518732
2018-03-28,1.312129257966734,1.0330961002913572,1.0305065655527121,0.975968338385486,0.9904179153107635
2018-03-29,1.282819670965846,1.0327574180060743,1.0157974223514301,0.9756483844265902,0.976280985540105
2018-04-02,1.2990022690232716,1.033264771758467,1.021603894752582,0.9761276827208697,0.9818615752064833
2018-04-03,1.3140271563469275,1.0341239748831403,1.0279438670572145,0.9769393739523886,0.9879549106232395
2018-04-04,1.3230451455632597,1.0345429038339855,1.0315515422906996,0.9773351371267367,0.9914222404814923
2018-04-05,1.2940436668255502,1.03209983779818,1.02789871015953,0.9750271668431797,0.9879115104140981
2018-04-06,1.2983613067938877,1.032097588493412,1.029163227607721,0.9750250419196259,0.9891268357470712
2018-04-09,1.3200789363666041,1.032439425141368,1.0359275077120298,0.9753479758124272,0.9956279725893139
2018-04-10,1.312785019096948,1.0319106114692245,1.0350990657056829,0.974848404281016,0.994831758540506
2018-04-11,1.323616480177264,1.0318658953427275,1.0370866422455656,0.97395309537655,0.9967420146018979
2018-04-12,1.3197956951089183,1.0317960044758951,1.0369621918484961,0.973838429434238,0.9966224055601457
2018-04-13,1.330497969063138,1.0325914199764685,1.0377512203608277,0.9745891652177318,0.9973807393742394
2018-04-16,1.3446830794159335,1.033615482644445,1.0376993327998096,0.9755557047041209,0.9965887190164754
2018-04-17,1.3458010029409153,1.033567247255255,1.0377291338325672,0.9754668847211713,0.9965841197954732
2018-04-18,1.3380947785899426,1.0331382393514503,1.0372864567679134,0.9750457350427333,0.9961589944728351
2018-04-19,1.326672089291228,1.0331038014101386,1.0372484229311651,0.9759535519035414,0.996229210828846
2018-04-20,1.3267466903077063,1.0331038014101386,1.0372484229311651,0.9759325297859723,0.9962173812149288
2018-04-23,1.3089940744351938,1.0331038014101386,1.0356166959883162,0.9769739587073708,0.9946335978248193
2018-04-24,1.3113987745175764,1.0332879775857748,1.0360446292562882,0.9771090493989311,0.9950445962256763
2018-04-25,1.325082177871747,1.0339723038764568,1.0389959916041824,0.9777561694911722,0.9978791624913055
2018-04-26,1.326557822368427,1.0340617571189683,1.0393845085267497,0.9778407592421923,0.998252304394102
2018-04-27,1.3156966421839853,1.0340169477761598,1.0362537992152145,0.9791514717028645,0.9952454885728254
2018-04-30,1.3190504127589304,1.0341440726411626,1.0368431836420564,0.9791837276240785,0.9958115489262771
2018-05-01,1.3095455154448037,1.0341130483189833,1.0340414778592322,0.9807302575088424,0.993120716774177
2018-05-02,1.3065942264514436,1.0339991439005158,1.033235357141578,0.9805045454121087,0.9923464971688081
2018-05-03,1.3233332389195782,1.0353776637243508,1.0385839476123127,0.9818117466425781,0.9974834245704289
2018-05-04,1.3279092531401089,1.0353224435822854,1.0393593269555141,0.9813966939934008,0.9982281193487141
2018-05-07,1.327556505569509,1.0353224435822854,1.0392735770965948,0.9814102926694492,0.9981457629218429
2018-05-08,1.3404102000574827,1.0353224435822854,1.0399664567913602,0.9794804042378257,0.9988112228611562
2018-05-09,1.3529707064855732,1.0358122556642038,1.0399283246879445,0.9798458493547432,0.9987745997829846
2018-05-10,1.355281033249549,1.0359816394489,1.0399618130298658,0.9800060810931447,0.9988067628700992
2018-05-11,1.3564784098896416,1.0359229338226645,1.0399479468723587,0.9798963142880446,0.9986276247994503
2018-05-14,1.3471971943224839,1.0359229338226645,1.0396425291239684,0.9800685706604063,0.9982744245776148
2018-05-15,1.352667571623493,1.0359229338226645,1.0397165633509446,0.9790387168359674,0.9983455129308356
2018-05-16,1.351509860889723,1.0359229338226645,1.0395295993092195,0.979266752861161,0.9981659883193068
2018-05-17,1.3479524234746687,1.0359229338226645,1.0389945779693035,0.9801505354702492,0.9976522558533106
2018-05-18,1.3579094150789006,1.0359229338226645,1.040044806246294,0.9778206252266425,0.9986606948114314
2018-05-21,1.3536513346212797,1.0359229338226645,1.03991717690266,0.9781381903087848,0.9985381439287903
2018-05-22,1.358048549007194,1.0359229338226645,1.0400228466962964,0.9775678792909409,0.9986396090473117
2018-05-23,1.355300926853943,1.0359229338226645,1.0395328351382744,0.9780496803971405,0.9981690953924567
2018-05-24,1.3521061838116857,1.0359229338226645,1.0392264118574663,0.9787129134851072,0.9978748649086542
2018-05-25,1.3364701746652372,1.0359229338226645,1.0366907700382901,0.9810882757814365,0.9954401180537847
2018-05-29,1.3534377209789734,1.038870843781678,1.0407594508654783,0.9837754941814033,0.9993469032205802
2018-05-30,1.3441266650052242,1.038749642183237,1.0391356893375394,0.9843720065806703,0.99778775230135
2018-05-31,1.3587094048409722,1.0401830100957983,1.0424762706539095,0.9856745578558116,1.0009954095469265
2018-06-01,1.3647958773658728,1.0401136645617919,1.0432196921691763,0.9845617500081248,1.0017092497993034
2018-06-04,1.3657547733581668,1.0401136645617919,1.0432380090806355,0.9843983904653805,1.001726837868024
2018-06-05,1.3774557305134687,1.0401136645617919,1.0434450540592688,0.9832808984143824,1.0019256443819138
2018-06-06,1.376471967515682,1.0401136645617919,1.043431141458548,0.9833782741094744,1.0019194387372796
2018-06-07,1.380774687280724,1.0401136645617919,1.0435224731390251,0.9830381001873301,1.0019904382350318
2018-06-08,1.3822503317774042,1.0401136645617919,1.043587341918857,0.9827582708856984,1.002052725247343
2018-06-11,1.384660126563351,1.0401136645617919,1.0435455984251802,0.9820253103937546,1.0019826699348107
2018-06-12,1.3790853078392722,1.0401136645617919,1.0435455984251802,0.9835277389922917,1.0022719993405806
2018-06-13,1.3824937858263016,1.0401136645617919,1.0438884987740733,0.9833020872439654,1.002561246650312
2018-06-14,1.3810876476425356,1.0401136645617919,1.0437475283080995,0.9834441219915078,1.002425857165445
2018-06-15,1.3781512788524712,1.0401136645617919,1.0434342471030342,0.9835917569128866,1.0021249786751933
2018-06-18,1.3726064218374496,1.0401136645617919,1.0431195889119924,0.9842911251708474,1.0018227777134525
2018-06-19,1.374956535810214,1.0401136645617919,1.0430848182590287,0.984127671236603,1.0016564124275678
2018-06-20,1.366231734653765,1.0401136645617919,1.041513919678781,0.9857679590889885,1.0001178558442554
2018-06-21,1.368775568664441,1.0401419958956015,1.041874950763029,0.9856568026026944,1.0004645373691479
2018-06-22,1.349989577085622,1.0401315944756426,1.0393859712862956,0.9856469460346684,0.9980744849939683
2018-06-25,1.3529657330844747,1.0403916321896514,1.0396144824355715,0.985893362334325,0.9982939137277876
2018-06-26,1.3413243354398896,1.0395283778323277,1.0380327905524154,0.9850753273611867,0.9967750878485556
2018-06-27,1.3496119625095295,1.0402852682675654,1.0390520595620967,0.9857925700158058,0.9977538449416968
2018-06-28,1.3506355127161047,1.0402228511514695,1.0392103621902873,0.9856010998319732,0.9979058556657872
2018-06-29,1.3547792049484588,1.0403118927508328,1.0402276099721024,0.9856329004949734,0.9988826718668851
2018-07-02,1.348076637199667,1.040294554219287,1.0397801307143462,0.9861717109256891,0.99845297814187
2018-07-03,1.3596981412398579,1.040294554219287,1.0407682938207456,0.9859490832467357,0.9994018656685018
2018-07-05,1.371230124060275,1.040294554219287,1.0425439814219333,0.9858867628407566,1.0011069767023482
2018-07-06,1.3833284680935976,1.040294554219287,1.0424362518771864,0.9846032519572143,1.0003190865255942
2018-07-09,1.3881331374621957,1.0405007591297204,1.0424362518771864,0.9847294956319258,1.0002030957348118
2018-07-10,1.3782854393796662,1.040100141206379,1.0424362518771864,0.9843503509920669,1.000612164303332
2018-07-11,1.3903441175066662,1.0408714625158748,1.0424362518771864,0.9850803291659466,1.000527118655442
2018-07-12,1.391844629008839,1.040914026525341,1.0424362518771864,0.9851206117272094,1.0003197777538027
2018-07-13,1.3904136238195803,1.040886268817967,1.0423406728324212,0.9851845232585441,1.0001613723051817
2018-07-16,1.3959387085326735,1.040886268817967,1.0424648398802623,0.9846884725043289,1.0002805148160714
2018-07-17,1.3989546517403146,1.040886268817967,1.0424474654662643,0.9844157155046901,1.0001219096639622
2018-07-18,1.393424593626123,1.040886268817967,1.0424474654662643,0.985225881585871,1.000470898228433
2018-07-19,1.3921030032610322,1.040886268817967,1.0422562075846522,0.9854344028187094,1.0002406531475116
2018-07-20,1.3946617574750042,1.040886268817967,1.0423689001083762,0.9851117506531732,1.0003488027970069
2018-07-23,1.4013295114161062,1.040886268817967,1.0423306799153722,0.983733919058505,0.9992555727124045
2018-07-24,1.4140838591845746,1.040886268817967,1.0423306799153722,0.9817910356370889,0.9982388256310717
2018-07-25,1.4097959383203624,1.040886268817967,1.0423306799153722,0.9820793486047651,0.9983971507291419
2018-07-26,1.400544563159796,1.040886268817967,1.0409565973149895,0.9834050946933922,0.9970510328612201
2018-07-27,1.3924855912382237,1.0407126720184343,1.0408594413659067,0.983136187938471,0.997377068838343
2018-07-30,1.3992875057065208,1.040698795849474,1.0408594413659067,0.9830524938327181,0.9968440993850943
2018-07-31,1.3978317548142352,1.040698795849474,1.0408594413659067,0.9831157082003269,0.9969583109765272
2018-08-01,1.4047180957987417,1.040698795849474,1.0408594413659067,0.9827731615347105,0.9969018166722385
2018-08-02,1.4112418637129172,1.040698795849474,1.0408594413659067,0.9820307340067418,0.9953975313584719
2018-08-03,1.4162351584158628,1.040698795849474,1.0408594413659067,0.9810220750150088,0.9949289536826765
2018-08-06,1.4202348646212906,1.040698795849474,1.0409078243068093,0.9805687916240925,0.9949221387295594
2018-08-07,1.4198622234462968,1.040698795849474,1.0408974152285662,0.9805970442892482,0.9949043090604127
2018-08-08,1.4178152443356125,1.040698795849474,1.0408974152285662,0.9807405392409826,0.9949646116780797
2018-08-09,1.407729065605284,1.040698795849474,1.0408974152285662,0.9820966852731001,0.994991899497349
2018-08-10,1.40208971396939,1.040698795849474,1.0408974152285662,0.9827950332026091,0.9951114972644844
2018-08-13,1.4110480223725397,1.040698795849474,1.0408974152285662,0.9822049610197753,0.9950558423052688
2018-08-14,1.400321002715293,1.040698795849474,1.0408974152285662,0.9838287003828361,0.9974619563664407
2018-08-15,1.4114107167453365,1.0412650296110342,1.042647926334435,0.984252491110639,0.9989698521130043
2018-08-16,1.416100997888668,1.0412268498932817,1.0425297595694505,0.9831126145751,0.9975326540492494
2018-08-17,1.4195393162822887,1.0412268498932817,1.0425297595694505,0.9823548521127738,0.9967186614932695
2018-08-20,1.422475685072353,1.0412268498932817,1.0425297595694505,0.9817284196448637,0.9961669056319479
2018-08-21,1.4219093238594471,1.0412268498932817,1.0425297595694505,0.9818416227434601,0.9962587752237889
2018-08-22,1.4195045024745987,1.0412268498932817,1.0425145298629406,0.9822751010506493,0.9961246704099554
2018-08-23,1.4283037833450605,1.0412268498932817,1.0425110548145078,0.9802663933556083,0.9960768641311032
2018-08-24,1.4392594581503746,1.0412268498932817,1.0425110548145078,0.9781381879892405,0.994832303164442
2018-08-27,1.4396470195286641,1.0412268498932817,1.0425110548145078,0.9780594219898343,0.9947912271918546
2018-08-28,1.4478550721807273,1.0412268498932817,1.0425110548145078,0.9768339403188585,0.9937981782594214
2018-08-29,1.441440597788254,1.0412268498932817,1.0425110548145078,0.9771471411375003,0.9948738157445428
2018-08-30,1.4416344391286315,1.0412268498932817,1.0425110548145078,0.9771333716353175,0.9947793146200482
2018-08-31,1.4392495113481774,1.0412268498932817,1.0425110548145078,0.9773830032859113,0.9949908384401632
2018-09-04,1.4352151126375257,1.0412268498932817,1.0425110548145078,0.9780144745497114,0.9949178724453442
2018-09-05,1.429973269182118,1.0412268498932817,1.0424821959881403,0.9785739485589098,0.9948903310950648
2018-09-06,1.4268082452439863,1.0412268498932817,1.0421839521369267,0.978917234099653,0.9946057028059458
2018-09-07,1.429516080188449,1.0412268498932817,1.0421283689928127,0.9784634987070021,0.9943141679462336
2018-09-10,1.4348622437644603,1.0412268498932817,1.0421283689928127,0.9776340577343953,0.993605051447634
2018-09-11,1.4353740188677477,1.0412268498932817,1.0421283689928127,0.9775456787903679,0.9935185625646269
2018-09-12,1.4429560294937225,1.0412268498932817,1.0421283689928127,0.9768129930483754,0.9928774230224439
2018-09-13,1.4433535376742093,1.0412268498932817,1.0421283689928127,0.9766945197763098,0.9928404796162827
2018-09-14,1.435314459357031,1.0412268498932817,1.0420018603977854,0.9778387572038192,0.9926769312097842
2018-09-17,1.4430206837080035,1.0412268498932817,1.0419914403791815,0.9771313803141386,0.9920455606595666
2018-09-18,1.444829182170889,1.0412268498932817,1.0419914403791815,0.9765079941828578,0.9919826878181756
2018-09-19,1.4561574981511969,1.0412268498932817,1.0419914403791815,0.9741144609383012,0.9918238265807068
2018-09-20,1.4556208560424166,1.0412268498932817,1.0419914403791815,0.9741455875085453,0.991813908342441
2018-09-21,1.4505033476144729,1.0412268498932817,1.0411545779243851,0.9747979724517223,0.9910173453478979
2018-09-24,1.4486103013329121,1.0412268498932817,1.0410504624665928,0.9751799651440439,0.991099092835006
2018-09-25,1.4438454191731025,1.0412268498932817,1.0410504624665928,0.9760358460181761,0.991061879273176
2018-09-26,1.4478351785763333,1.0412268498932817,1.0410504624665928,0.9751957315834718,0.9908777427259525
2018-09-27,1.4478252317741362,1.0412268498932817,1.0410504624665928,0.9751817562234352,0.9908358031163658
2018-09-28,1.453096915636135,1.0412268498932817,1.0410504624665928,0.974158293771234,0.9906593978437143
2018-10-01,1.4525204863185663,1.0412268498932817,1.0410504624665928,0.9742604583014908,0.9906568044679449
2018-10-02,1.4535539833273385,1.0412268498932817,1.0410504624665928,0.9740168995076699,0.9905378009925006
2018-10-03,1.441679199738519,1.0412268498932817,1.040328432979111,0.9761561573414174,0.989788070934394
2018-10-04,1.4337096277342547,1.0412268498932817,1.0397429383460115,0.9765327175443154,0.9892310203097384
2018-10-05,1.433143145218883,1.0412268498932817,1.0395901734302018,0.9765078833400438,0.9890856768907446
2018-10-08,1.4311110863114942,1.0412268498932817,1.0394758185111244,0.976619233636754,0.9890555608641914
2018-10-09,1.3840787238446848,1.0412268498932817,1.0373949399561186,0.978301713093947,0.9870327572162276
2018-10-10,1.3556040617160243,1.0378624434212735,1.0373638181079199,0.9751145419322774,0.9908336046706505
2018-10-11,1.3748620411893422,1.0386986545917727,1.0380273394142767,0.9759001967920794,0.9913715836207456
2018-10-12,1.366743509757053,1.03824194039565,1.038003118776357,0.9754710949809781,0.9917413967378614
2018-10-15,1.3961224817683893,1.0385083615857498,1.0391654386936875,0.9757214086698411,0.9928155505309765
2018-10-16,1.3957697341977897,1.038478808155351,1.0391377276153224,0.9756936420039131,0.9927645193819382
2018-10-17,1.3756819245558085,1.03806987119725,1.0385187372810325,0.9753094288771105,0.9921235142703363
2018-10-18,1.3751850696558165,1.0380121957668813,1.0384989280907035,0.9752552404331397,0.9921045900441106
2018-10-19,1.3692724235644336,1.0372898144748788,1.0384954664276098,0.9745765334357755,0.9921012830288104
2018-10-22,1.3617252267461486,1.0369676819794058,1.037704653722678,0.9742738766793281,0.9913457994233813
2018-10-23,1.3196963483894137,1.0330890093641658,1.0284402295420567,0.9706297038946887,0.9824952580264747
2018-10-24,1.3442757457357162,1.0343442152690847,1.0348011460924154,0.9718090215766841,0.9885720043146011
2018-10-25,1.3209831249468147,1.0316742293859658,1.029753075042766,0.9693004597938715,0.983749452914925
2018-10-26,1.312318004603548,1.0304874629581258,1.0262624182884776,0.96818544382138,0.9804147392291199
2018-10-29,1.3328778021400285,1.0337026072109998,1.0354429724807384,0.9712062043617198,0.989185157480813
2018-10-30,1.347341301651877,1.0348508531056793,1.0363998689001808,0.9722850287056521,0.9900993051070133
2018-10-31,1.3615663205159265,1.0361550493263185,1.0380534822355416,0.9735103748084424,0.9916790442244969
2018-11-01,1.3529657330844753,1.036092880023359,1.0363876320275973,0.9736407176705323,0.9900876149096242
2018-11-02,1.3605427703093513,1.0363747148129745,1.0379955067463986,0.9738893370702703,0.9916236587567483
2018-11-05,1.3690588099221273,1.0375165253282592,1.0378501873754542,0.974962305244712,0.9914848314445224
2018-11-06,1.398094981165061,1.03967202014381,1.0378501873754542,0.9769878403981377,0.9897629113248766
2018-11-07,1.3945872777609922,1.0395782642597062,1.0378501873754542,0.9768997372685347,0.9902664503912981
2018-11-08,1.3817584502785116,1.0391181254634465,1.0378501873754542,0.9764673412819822,0.9907912264970884
2018-11-09,1.3545357508995621,1.0390938793738522,1.0378501873754542,0.9768195495889134,0.9934877062756632
2018-11-12,1.3525284376952005,1.0390938793738522,1.0378501873754542,0.9769380223976828,0.9936938239352227
2018-11-13,1.3422932995368473,1.0390938793738522,1.0378501873754542,0.9768826625764135,0.9949338562285927
2018-11-14,1.3565132236973325,1.0406321717841291,1.0391072838341544,0.978328856433775,0.9960560591091693
2018-11-15,1.3595291669049736,1.0407258963124515,1.0397784680053366,0.9784169696144929,0.9966994354677848
2018-11-16,1.336902375350949,1.040694674535562,1.0383707868398633,0.9797564903587982,0.9953500759011865
2018-11-19,1.3126359383664579,1.0403064695954056,1.033115240112923,0.9793485607590389,0.9903122715832489
2018-11-20,1.3166306711707871,1.0407049235933068,1.0332913020948433,0.9797236669039858,0.9904810391461355
2018-11-21,1.3080003646352105,1.0406286052322433,1.0325099112262683,0.9797309148002662,0.9897320220607151
2018-11-23,1.3283167081227933,1.0408371800659366,1.0362934767599703,0.979920752274324,0.993358830796936
2018-11-26,1.3326492682944264,1.0410357504380288,1.0367668481540886,0.980107701042226,0.9938125899541047
2018-11-27,1.3632655254571096,1.0410010492463475,1.0397700549217173,0.9800750307855246,0.9966913709463969
2018-11-28,1.3602893694582567,1.0409824284574274,1.0396108670639854,0.9800574998038918,0.9965387783963328
2018-11-29,1.3714039504937927,1.0413585370248788,1.0395831441075305,0.9804115961000391,0.9955329205959382
2018-11-30,1.38640906551552,1.0423976737599472,1.0395831441075305,0.9813899159281986,0.9951993128383693
2018-12-03,1.3415380703846616,1.0403560744801206,1.0395831441075305,0.979467804054751,0.9998636651878389
2018-12-04,1.33949594337261,1.0402823245473645,1.0395831441075305,0.9793983704382636,0.9999251386822371
2018-12-06,1.3082587388874027,1.0391467465962436,1.039252970854742,0.9783292537488905,0.9995742300368156
2018-12-07,1.3105640922502801,1.0392409433919219,1.0396534083944922,0.9784179375475198,0.9999593788472582
2018-12-10,1.3100970777568797,1.0391915274837056,1.0394947826037237,0.978371413773311,0.9998068093987043
2018-12-11,1.3171971536861582,1.0398159538577503,1.0408699727995465,0.9789592947348223,1.001129494750292
2018-12-12,1.3169338060328666,1.0397819923326346,1.0408151715368954,0.9789273208546831,1.0010767858031389
2018-12-13,1.2917978729733899,1.0392250376958092,1.037333613921404,0.978402962754153,0.9977281542664194
2018-12-14,1.26496273497273,1.0379124180114803,1.0272723757921178,0.9771671659425555,0.9880510548129274
2018-12-17,1.2650720284944323,1.0378977655207924,1.0272678835287783,0.9771533710090418,0.9880467340644719
2018-12-18,1.245595340675244,1.035313419812431,1.019835942693708,0.974720277688419,0.9808985451766549
2018-12-19,1.2259496785211705,1.0328061775223099,1.0122189950695442,0.9723597752024163,0.9735724130700586
2018-12-20,1.2007095466435558,1.0288197495346154,1.0030326146141944,0.9686066583966336,0.9647367691719908
2018-12-21,1.1681556038918905,1.0248906365435977,0.9978292617283906,0.9649075021485016,0.959732080611746
2018-12-24,1.226088812449464,1.0258457063577282,1.0152311936296718,0.9658066751879179,0.9764696057083257
2018-12-26,1.2365874195635747,1.0267933523474042,1.0171373317976087,0.9666988588924182,0.9783029674065773
2018-12-27,1.235052094253712,1.0266742512316087,1.016508607356015,0.9665867283332662,0.9776982477019085
2018-12-28,1.2455407545656256,1.02712557636355,1.0198905759734322,0.967011639040995,0.9809510925544791
2018-12-31,1.2471207191829092,1.0272371629492827,1.0203633688765843,0.9671166948682934,0.9814058341962051
2019-01-02,1.216246087768033,1.023140804599087,1.0162127923847175,0.9632600815257008,0.9774137269639742
2019-01-03,1.2580067663728434,1.026623137445543,1.0362369753225098,0.9665386060518447,0.9966733853950662
2019-01-04,1.2668259408476992,1.0276101954294836,1.0361440023407584,0.9674678951094282,0.9965839621273396
2019-01-07,1.2791081794192025,1.029256989583144,1.036130187087394,0.9690183083698324,0.9965029379575538
2019-01-08,1.2843500228746099,1.029581374270272,1.03620474795751,0.969323707996906,0.996571325538341
2019-01-09,1.2901532541418246,1.0299156629145811,1.0361943859100304,0.9696384319384427,0.9959945557691096
2019-01-10,1.2899645075050112,1.0298824257133903,1.0361229522891864,0.9696071399901743,0.9958694537702082
2019-01-11,1.2831824866411086,1.0295661817674693,1.035541891755992,0.9693094046562295,0.9953109675070468
2019-01-14,1.2969403697092918,1.0295387266692888,1.0359514840017103,0.969211041149983,0.9957046470458611
2019-01-15,1.299822152389738,1.0295387266692888,1.0359307649720302,0.9691790961416011,0.9955040467129397
2019-01-16,1.3096896227741959,1.0295387266692888,1.0361756382994523,0.9686627562616454,0.995706180503961
2019-01-17,1.3269553305489137,1.0299739831454993,1.036536449938198,0.9690399875405775,0.9960529000806598
2019-01-18,1.308169217667629,1.029956816912447,1.0363338788435648,0.9699061352604883,0.995858240716492
2019-01-22,1.311051000348075,1.029956816912447,1.0367172754588942,0.9698738050559796,0.9962266631782422
2019-01-23,1.3128546467123279,1.029956816912447,1.0366066922828452,0.9696069865508175,0.9955971776140192
2019-01-24,1.3239990681544553,1.029956816912447,1.0366066922828452,0.9673539575801683,0.9938140662821551
2019-01-25,1.313609875864513,1.029956816912447,1.0364913272529845,0.9690551600173111,0.9936007695676751
2019-01-28,1.311696935978558,1.029956816912447,1.0363630616877268,0.9694059167456361,0.9934778116991448
2019-01-29,1.3320928538837178,1.029956816912447,1.0363285162523372,0.9664593844113311,0.991531345617936
2019-01-30,1.3435453835890236,1.0300124167001576,1.0363844600011975,0.9664181320328643,0.9915253792165393
2019-01-31,1.3447527070313137,1.0300089833254353,1.0365090945191968,0.9663698559006356,0.9916446190281074
2019-02-01,1.3538650695660523,1.0300089833254353,1.036357073185334,0.9651202856332379,0.9901041925788879
2019-02-04,1.3602396354472714,1.0303557601889468,1.036357073185334,0.9653583553576343,0.9898418115205636
2019-02-05,1.357213866739899,1.0303145459585392,1.036357073185334,0.9653197410234199,0.990385064073166
2019-02-06,1.3445142263835148,1.0303145459585392,1.036357073185334,0.9669157358396785,0.9916650184713863
2019-02-07,1.3454233883648232,1.0303145459585392,1.0364337682272973,0.9668016383464891,0.991665684000775
2019-02-08,1.3463774322584843,1.0303145459585392,1.0362161171359694,0.9665965564612797,0.9914334536861082
2019-02-11,1.36373253995051,1.0303145459585392,1.0362161171359694,0.9640885171487648,0.9882572439973928
2019-02-12,1.3678564598809357,1.0303145459585392,1.0362161171359694,0.9635703268889504,0.9879723627270989
2019-02-13,1.3642293948505018,1.0303145459585392,1.0362161171359694,0.9642067051057064,0.9881753561304646
2019-02-14,1.3790705089384427,1.0303145459585392,1.0373632777470398,0.9606049663490013,0.989229805388772
2019-02-15,1.3811373816535213,1.0303282662221627,1.03730795170556,0.9604544554753178,0.98913750213648
2019-02-19,1.3835918157468894,1.0303213973670544,1.03730795170556,0.9603314091832644,0.9890122509729171
2019-02-20,1.3787126666642786,1.0303213973670544,1.03730795170556,0.9609964221286444,0.9893412396467439
2019-02-21,1.3875517347435287,1.0303213973670544,1.03730795170556,0.9595967149421812,0.9889018994266859
2019-02-22,1.3892610077893746,1.0303213973670544,1.03730795170556,0.9594130494032478,0.9887864338339729
2019-02-25,1.3881628565663213,1.0303213973670544,1.03730795170556,0.9595310984981897,0.988803132457147
2019-02-26,1.3874076274141365,1.0303213973670544,1.03730795170556,0.9596594858139939,0.9888007075701569
2019-02-27,1.3834874956262855,1.0303213973670544,1.03730795170556,0.9605686091455432,0.9890098824804199
2019-02-28,1.3930270854456364,1.0303213973670544,1.0387231873120186,0.9595043179982256,0.9903163662428002
2019-03-01,1.3876213623589082,1.0303213973670544,1.038425112065786,0.9607423994177046,0.9900321819689515
2019-03-04,1.3860512232413558,1.0303213973670544,1.0382156119504535,0.9608411627974041,0.9898324450270234
2019-03-05,1.3770084883219968,1.0303213973670544,1.0380178505922153,0.9623907801934779,0.9896438997898841
2019-03-06,1.3658193062699826,1.029788161684953,1.0363568829947063,0.9617707986982582,0.9880603369930732
2019-03-07,1.362907804485411,1.0295480471276361,1.0356717638994617,0.9615465436736212,0.9874071459782446
2019-03-08,1.382896267407887,1.0294965697252798,1.0356280312221864,0.9607207140723496,0.9873654513414305
2019-03-11,1.3869804001295245,1.0294965697252798,1.035733112319712,0.9604588015159982,0.987465635425057
2019-03-12,1.3966193366683806,1.0294965697252798,1.0357123976574656,0.9588786172399598,0.9868573894711976
2019-03-13,1.3954070398249923,1.0294965697252798,1.0357123976574656,0.9589973173477434,0.9868269154622631
2019-03-14,1.4023630084248786,1.0296196948493166,1.0357123976574656,0.9590288978429046,0.9868236260392115
2019-03-15,1.4075600912703992,1.0296059665867185,1.0357123976574656,0.9589354382985111,0.986712945298624
2019-03-18,1.4073763180346843,1.0296059665867185,1.0357123976574656,0.9588387473680349,0.9867066598874861
2019-03-19,1.4032325044998644,1.0296059665867185,1.0357123976574656,0.9596856954646041,0.987006316196221
2019-03-20,1.4184610586636293,1.0296059665867185,1.0357123976574656,0.9559075153971212,0.9857176500940424
2019-03-21,1.3915464675478582,1.0296059665867185,1.0357123976574656,0.9582175616568073,0.9922112199748309
2019-03-22,1.3903789313143566,1.0296059665867185,1.0357123976574656,0.9581793419482375,0.9923902203449332
2019-03-25,1.400365642022714,1.0296059665867185,1.0357123976574656,0.9572073998468419,0.991373652076754
2019-03-26,1.3938618890153984,1.0296059665867185,1.0357123976574656,0.9579588232719732,0.9923984110374238
2019-03-27,1.3988651305205413,1.0296059665867185,1.0357123976574656,0.9576390324867231,0.9916898718877346
2019-03-28,1.4082854800159927,1.0296059665867185,1.0357123976574656,0.9560608446341572,0.9905223799924853
2019-03-29,1.424577371595121,1.0296059665867185,1.0366295085673396,0.9531724228986559,0.9913136304106153
2019-04-01,1.4246022386006136,1.0295827811641785,1.036588043386997,0.9530270462477523,0.9911713856862611
2019-04-02,1.4276628211156759,1.0295587575659513,1.036588043386997,0.9529711559527139,0.990832641027987
2019-04-03,1.4306389771145287,1.0295587575659513,1.036588043386997,0.9529282474401616,0.9903248221731878
2019-04-04,1.4372720385504067,1.0295587575659513,1.036588043386997,0.9524809425473709,0.9896390876733414
2019-04-05,1.438777523453678,1.0295587575659513,1.036588043386997,0.9524017304251909,0.9893714485009366
2019-04-08,1.4300477488961303,1.0295587575659513,1.036588043386997,0.9538121248861948,0.9900423406145769
2019-04-09,1.4350212712971475,1.0295587575659513,1.036588043386997,0.9535366450430754,0.9899829380741401
2019-04-10,1.4350759787092315,1.0295587575659513,1.036588043386997,0.95345602787373,0.9899438710127791
2019-04-11,1.4445608611164984,1.0295587575659513,1.0366302624031822,0.9530080057646073,0.9899478923245508
2019-04-12,1.44365169913519,1.0295587575659513,1.0366268069689741,0.9530670074878137,0.9899505690364692
2019-04-15,1.4443870346829806,1.0295587575659513,1.0366268069689741,0.9529483328416197,0.989793809267623
2019-04-16,1.4411027704209494,1.0295587575659513,1.0366268069689741,0.9534594464983261,0.9904213078071258
2019-04-17,1.4433784046797014,1.0296328234930574,1.0366268069689741,0.9534009099539624,0.9900984422487207
2019-04-18,1.4448391289730858,1.029598502398941,1.0366268069689741,0.9529174414623524,0.9899617802904722
2019-04-22,1.4576132490434826,1.029598502398941,1.0366268069689741,0.9500995992214935,0.9896304332918536
2019-04-23,1.4544185060012251,1.029598502398941,1.0366268069689741,0.9503163409449387,0.9898924794465424
2019-04-24,1.4538818638924447,1.029598502398941,1.0366268069689741,0.9503528264155706,0.9899097320435124
2019-04-25,1.4606937251629388,1.029598502398941,1.0366268069689741,0.9490668877737867,0.9879860859130871
2019-04-26,1.4622588908793925,1.029598502398941,1.0366268069689741,0.9487654199943699,0.9875635684856576
2019-04-29,1.4636501088598628,1.029598502398941,1.0366268069689741,0.9485092021142577,0.9872418706513224
2019-04-30,1.452669567049056,1.029598502398941,1.0366268069689741,0.9496445934098935,0.9898752844141634
2019-05-01,1.449584117528501,1.029598502398941,1.0366268069689741,0.9496485181577874,0.9903204873466324
2019-05-02,1.4635556142389903,1.029598502398941,1.0366268069689741,0.9480597119680064,0.9883916838302003
2019-05-03,1.4570120740228862,1.029598502398941,1.0366268069689741,0.9484519863778053,0.9893539992252882
2019-05-06,1.4329543985820685,1.029598502398941,1.0363916771841182,0.952144116793524,0.9890207630141932
2019-05-07,1.430653897317824,1.0292805667956875,1.0363847679062703,0.9517358414784532,0.9892328272597967
2019-05-08,1.426331283948388,1.029205086220789,1.0363847679062703,0.9519060205656822,0.9900301479134077
2019-05-09,1.4316376603156107,1.029337660073546,1.0363847679062703,0.9519810420786381,0.9893176692456619
2019-05-10,1.3970914458653452,1.0293170733203445,1.0363847679062703,0.953161780722706,0.9936147708346625
2019-05-13,1.4082904534170908,1.030503304459869,1.0363847679062703,0.9542348294415174,0.9902067479392948
2019-05-14,1.4165134262724497,1.0304242992065271,1.0363847679062703,0.9540406940219431,0.9892972133252552
2019-05-15,1.4291137199093287,1.0307703275204425,1.0363847679062703,0.9543515314370451,0.9886775645674686
2019-05-16,1.4207715067300704,1.030749712113892,1.0363847679062703,0.954705981838603,0.9898362595238375
2019-05-17,1.411182182899734,1.0302515591672725,1.0363847679062703,0.9542095743219069,0.9918800784610238
2019-05-20,1.42317135471382,1.0308350823581718,1.0363847679062703,0.9547500281660583,0.9897683927739704
2019-05-21,1.419151754903998,1.0308007211887598,1.0363847679062703,0.9547477927300083,0.9897998725135222
2019-05-22,1.4022437681009785,1.0296916899133273,1.0363847679062703,0.9537142212822884,0.9911033765820911
2019-05-23,1.404141787783638,1.0299296684622101,1.0363847679062703,0.953934640198604,0.9907308897689179
2019-05-24,1.3923811498151535,1.0290052368664626,1.0352196098330158,0.9530784192850009,0.9895014729077231
2019-05-28,1.3827571334795932,1.027226231961717,1.035154045924393,0.9514306811377409,0.9902424533865931
2019-05-29,1.3856588097644336,1.0273698866114305,1.035154045924393,0.9515637359965177,0.9899449324060821
2019-05-30,1.3673745251842393,1.0267968043681905,1.035154045924393,0.9510329395545377,0.9925277725467024
2019-05-31,1.3635934060222161,1.0261467926401988,1.0348836437865976,0.9504308899944037,0.9921692524337554
2019-06-03,1.392818445204429,1.0314045317004805,1.0368024616859968,0.9553006782647201,0.994008871923573
2019-06-04,1.4041864270910596,1.031399881507003,1.0367575335793238,0.9552963711932979,0.9905792137424417
2019-06-05,1.4128019347258065,1.031393005507793,1.0367575335793238,0.955036444473153,0.9887468679371947
2019-06-06,1.4276331020115505,1.0315304929109184,1.0367575335793238,0.9551446526167686,0.9864271094782326
2019-06-07,1.4342859357493567,1.0318806667984297,1.0367575335793238,0.9554688957859633,0.9857441012067588
2019-06-10,1.4337841074482662,1.0317816260276311,1.0367575335793238,0.9553771890809561,0.9857141947930256
2019-06-11,1.4308626588614977,1.0314558284589512,1.0367575335793238,0.9550755171403799,0.9860908379601906
2019-06-12,1.436725449639429,1.0315032034152887,1.0367575335793238,0.9551193839349387,0.9859521450601305
2019-06-13,1.4344101494743546,1.031489450039243,1.0367575335793238,0.9551915791350291,0.986145387141946
2019-06-14,1.4357466600427409,1.031489450039243,1.0367575335793238,0.9549471505356721,0.9860570827582428
2019-06-17,1.449698384451302,1.031489450039243,1.0367575335793238,0.9531467275800337,0.9860537959013003
2019-06-18,1.4540259712218369,1.031489450039243,1.0367575335793238,0.9528493005195493,0.9859163335515297
2019-06-19,1.4677987744933159,1.031489450039243,1.0367575335793238,0.9511168859149673,0.9824621703194211
2019-06-20,1.465950488821642,1.031489450039243,1.0367575335793238,0.9511619731259394,0.9829589652942584
2019-06-21,1.4634116282120644,1.0313513199649447,1.0367575335793238,0.9509965534838543,0.9833602697887873
2019-06-24,1.4495144899131216,1.031134810499838,1.0367575335793238,0.9507969127298965,0.986033994146022
2019-06-25,1.4477258850546304,1.031002088291574,1.0367575335793238,0.9506745311900794,0.986234606132206
2019-06-26,1.453260795267455,1.0309608482080423,1.0367575335793238,0.9501707118142718,0.9855897442159699
2019-06-27,1.4616278754522058,1.0309608482080423,1.0367575335793238,0.9484408603559931,0.984109498807125
2019-06-28,1.4728419245097129,1.0309608482080423,1.0367575335793238,0.9476636939131808,0.9823379013699907
2019-07-01,1.477154591076952,1.0309608482080423,1.0367575335793238,0.9472747568266735,0.9816667392608444
2019-07-02,1.4884878804583583,1.0309608482080423,1.0367575335793238,0.9459444406334876,0.9799093381714921
2019-07-03,1.4857998178158243,1.0309608482080423,1.0367575335793238,0.9459029307297838,0.9798853983957396
2019-07-05,1.4786153153703363,1.0309608482080423,1.0367575335793238,0.9460490867453402,0.9799006548483439
2019-07-08,1.480443707437616,1.0309608482080423,1.0367575335793238,0.9459991395048736,0.9798925768284766
2019-07-09,1.4871215294833806,1.0309608482080423,1.0367575335793238,0.945291242918907,0.979208451879888
2019-07-10,1.490519939365747,1.0309608482080423,1.0367575335793238,0.9447844881495615,0.9784042548514864
2019-07-11,1.4974064016527195,1.0309608482080423,1.0367575335793238,0.9433404267666309,0.976984601994084
2019-07-12,1.4976697493060112,1.0309608482080423,1.0367575335793238,0.9432832604448653,0.9769223200383172
2019-07-15,1.4925720131799958,1.0309608482080423,1.0367575335793238,0.9438996465909725,0.9776721551256341
2019-07-16,1.4828236618169715,1.0309608482080423,1.0367575335793238,0.945129467958218,0.9788871152445962
2019-07-17,1.4881351328877586,1.0310879449700279,1.0367575335793238,0.9451514704884583,0.978049384157505
2019-07-18,1.4789433172379087,1.0310673232111285,1.0367575335793238,0.9454902590578329,0.9788930375556189
2019-07-19,1.4831267966790513,1.031387462042149,1.0367575335793238,0.9457523104969995,0.9779655692535779
2019-07-22,1.4932824817222936,1.0313187028780129,1.0367575335793238,0.9441605026256573,0.9764913223716009
2019-07-23,1.5002832109320667,1.0313187028780129,1.0367575335793238,0.9440039211853516,0.9762235756919022
2019-07-24,1.4923881186418149,1.0313187028780129,1.0367575335793238,0.9447595021253271,0.9771419393887468
2019-07-25,1.5034134210625087,1.0317449071570302,1.0367575335793238,0.945071204863639,0.9760603787316087
2019-07-26,1.5009837326721676,1.0317139548098155,1.0367575335793238,0.9453381989049217,0.976298997097125
2019-07-29,1.4971132135928362,1.0317139548098155,1.0367575335793238,0.9459237428464923,0.9769150170092111
2019-07-30,1.4808163486126096,1.0317139548098155,1.0367575335793238,0.9466686660761915,0.9793059050657797
2019-07-31,1.4674907875326029,1.0279899402979182,1.0367575335793238,0.9432137593312128,0.9811173768815707
2019-08-01,1.4568034337816789,1.0262141688357271,1.0367575335793238,0.9415844320285731,0.9832595226388026
2019-08-02,1.4134230033507962,1.0224924269168967,1.0367575335793238,0.938169614384051,0.9904522583731922
2019-08-05,1.4318215548537914,1.024260250497691,1.0367575335793238,0.9397916492504547,0.9864687730291133
2019-08-06,1.432919584774379,1.0243130768380004,1.0367575335793238,0.9398401191129327,0.9858701912683099
2019-08-07,1.4598044567860244,1.0269797623823638,1.0367575335793238,0.9422868886761876,0.977652555566377
2019-08-08,1.4501455053403083,1.026530975942539,1.0367575335793238,0.9418751127156939,0.9799421966244988
2019-08-09,1.4322835959460933,1.026095818437648,1.0367575335793238,0.9414758417403666,0.9830314680900871
2019-08-12,1.4539564649089227,1.0261856475741573,1.0367575335793238,0.9415582628558105,0.9752711555339642
2019-08-13,1.4113660774379149,1.026182226955332,1.0367575335793238,0.9417358580243637,0.9831565194538334
2019-08-14,1.414844061737858,1.0264913004859713,1.0367575335793238,0.9420163582224197,0.9823032859580468
2019-08-15,1.4352547785438474,1.027331895046273,1.0367575335793238,0.9427877761838405,0.9774852038753451
2019-08-16,1.4526297798402676,1.0273010750894218,1.0367575335793238,0.9421256442361826,0.9748232277953423
2019-08-19,1.4411326108275406,1.0270129264657142,1.0367575335793238,0.9418362631969268,0.9761925141860924
2019-08-20,1.4530173412185572,1.0269958095836065,1.0367575335793238,0.9408869200207313,0.9741741935487183
2019-08-21,1.4522820056707664,1.0268511567304326,1.0367575335793238,0.9407010787205532,0.9741520546147368
2019-08-22,1.4146006076889606,1.023121133103117,1.0367575335793238,0.9372839941442049,0.9773406517068451
2019-08-23,1.430137148813438,1.0248373077468946,1.0367575335793238,0.9388561863047659,0.9739608941283386
2019-08-26,1.4255561611918088,1.024500173652553,1.0367319382431746,0.9385473368633039,0.9737875084370845
2019-08-27,1.4348871107699523,1.0250779319343934,1.0367284824700471,0.9390766227636068,0.9717260223058389
2019-08-28,1.4530919422350355,1.0250335118906764,1.0367284824700471,0.9388708110774091,0.9685011591724245
2019-08-29,1.4540259712218366,1.0250335118906764,1.0367284824700471,0.9386767900239891,0.9683097842980416
2019-08-30,1.4439944999035923,1.0245784523318984,1.0367284824700471,0.9381724583553588,0.969938266512048
2019-09-03,1.4596504026544352,1.0245477149783284,1.0367284824700471,0.9380733743393551,0.9654374232384446
2019-09-04,1.478640182375829,1.025914851083074,1.0367284824700471,0.9393219938916549,0.9626581603666614
2019-09-05,1.4799866397464123,1.0258601356243495,1.0367284824700471,0.9392718967186474,0.9623082003830028
2019-09-06,1.4798475058181186,1.0258601356243495,1.0367284824700471,0.9392541010968193,0.9623149147622151
2019-09-09,1.4803244671137161,1.0258589203518251,1.0367284824700471,0.9392310724920373,0.9621803792299309
2019-09-10,1.4910267410679356,1.0258555008220906,1.0367284824700471,0.9391311422984141,0.9600407124282303
2019-09-11,1.4953196353332463,1.0258555008220906,1.0367284824700471,0.9391099858456687,0.9591497988146276
2019-09-12,1.4942364043134886,1.0258555008220906,1.0367284824700471,0.9391721261474432,0.9593750117791893
2019-09-13,1.4895510965712557,1.0258555008220906,1.0367284824700471,0.939928396880609,0.9600754623902144
2019-09-16,1.493396748645094,1.0258555008220906,1.0367284824700471,0.9392974646653722,0.9596239465216481
2019-09-17,1.4939085237483818,1.0258555008220906,1.0367284824700471,0.939166281031948,0.9593966215669518
2019-09-18,1.493938364154973,1.0258555008220906,1.0367284824700471,0.9391182010996045,0.9593003026732206
2019-09-19,1.4866246745833887,1.0258555008220906,1.0367284824700471,0.9395522566753625,0.9604299512457003
2019-09-20,1.4864805672539965,1.0257289443561703,1.0367284824700471,0.939386237707071,0.9604299833464476
2019-09-23,1.4739697948368913,1.0256229523652536,1.0367284824700471,0.9415697037460948,0.9628101638911765
2019-09-24,1.4830473435639404,1.0259324756215844,1.0367284824700471,0.9417094865098533,0.9613581910738789
2019-09-25,1.4794451455389994,1.0259051174222344,1.0364855631851053,0.9422172080613952,0.9610175690686531
2019-09-26,1.4715798936553388,1.0259051174222344,1.0361112984410217,0.9429558589889258,0.9606705550750938
2019-09-27,1.4790078501497241,1.0259051174222344,1.0360767613977404,0.9427088948258544,0.9605319442755769
2019-09-30,1.460877619701119,1.0259051174222344,1.0333449062036588,0.9457575733361541,0.957989675085254
2019-10-01,1.4347232311386315,1.0259051174222344,1.0332381272300177,0.9456283198011315,0.958224124594299
2019-10-02,1.446160719338176,1.0262628395128444,1.0336498746955414,0.945958050235023,0.9585963965881101
2019-10-03,1.4667206381771223,1.0262388933799222,1.036229563196876,0.9459359778805174,0.9609887735062882
2019-10-04,1.4601522309555257,1.0262388933799222,1.0361363025361883,0.9464126514084165,0.9613100814787017
2019-10-07,1.4374310660830945,1.0262388933799222,1.0361363025361883,0.9467580496067391,0.9625968953169998
2019-10-08,1.4505181465153025,1.0265332355436736,1.0371467176070568,0.9470169719188922,0.9634938840038294
2019-10-09,1.4598242290879533,1.026705438420561,1.0370879459597258,0.9471758357933183,0.9626841199273705
2019-10-10,1.4757932135030731,1.0266917490147154,1.038170559734427,0.9466575863714654,0.9636345116152584
2019-10-11,1.473746113089923,1.0266917490147154,1.0380265531512345,0.9467748521187711,0.9635008440669321
2019-10-14,1.4884182528429792,1.0266917490147154,1.0379746518235768,0.9451786407427721,0.9619751412119383
2019-10-15,1.4854420968441264,1.0265719902162234,1.0371271275486353,0.9449896251810146,0.9611191270095949
2019-10-16,1.4895461231701579,1.026548036869785,1.0374991654998318,0.944905908583377,0.9614638993922376
2019-10-17,1.4837080780952532,1.026548036869785,1.0367874205388956,0.9451092151972393,0.9608043161286841
2019-10-18,1.4939035503472837,1.026548036869785,1.0380663574962632,0.943233259987783,0.9619895235534198
2019-10-21,1.4885723069745682,1.026548036869785,1.0371461325034843,0.9439486457616721,0.9611367391471316
2019-10-22,1.4928104938277946,1.026548036869785,1.0370216749675838,0.9434903173420878,0.9606353546167977
2019-10-23,1.495677356304945,1.026548036869785,1.0374439446173958,0.9428502473538338,0.9609688820464276
2019-10-24,1.5017688022309443,1.026548036869785,1.0372952443186672,0.9419165457853703,0.9594542866667705
2019-10-25,1.5101506813165249,1.026548036869785,1.0372952443186672,0.9405753141501432,0.957348491772873
2019-10-28,1.5088936238632495,1.026548036869785,1.0372952443186672,0.940756949221761,0.9577457309658025
2019-10-29,1.5138026133524516,1.026548036869785,1.0372952443186672,0.9400223978812153,0.9554767420851986
2019-10-30,1.509226599131921,1.026548036869785,1.0372952443186672,0.9407201817765662,0.9574889783917405
2019-10-31,1.523809217665203,1.026548036869785,1.0372952443186672,0.9397997035704381,0.9514807715625988
2019-11-01,1.5294535427021956,1.026548036869785,1.0372952443186672,0.9391850606161554,0.9489883400871592
2019-11-04,1.5276400708382114,1.026548036869785,1.0372952443186672,0.9393878324064595,0.9497013373156863
2019-11-05,1.5287132337533063,1.026548036869785,1.0372952443186672,0.9392691254792931,0.9492731502540654
2019-11-06,1.5328867663922519,1.026548036869785,1.0372952443186672,0.9386705409056119,0.9476427486374056
2019-11-07,1.5368119928836672,1.026548036869785,1.0372952443186672,0.9377012205122197,0.946102739280307
2019-11-08,1.5337960496760261,1.026548036869785,1.0372952443186672,0.9381419318969612,0.947061203465997
2019-11-11,1.536195897659776,1.026548036869785,1.0372952443186672,0.9378304056675785,0.9462088804744018
2019-11-12,1.537288954179265,1.026548036869785,1.0372952443186672,0.9376528199108526,0.945697444934116
2019-11-13,1.5385757307366659,1.026548036869785,1.0372952443186672,0.9374613290850646,0.945161289228155
2019-11-14,1.5504158218202615,1.026548036869785,1.0372952443186672,0.9357299157054865,0.9403998324029115
2019-11-15,1.551195917977939,1.026548036869785,1.0372952443186672,0.9355793728553924,0.9400907968549067
2019-11-18,1.5502766878919678,1.026548036869785,1.0368267958691528,0.935739807981922,0.9393748183413382
2019-11-19,1.5444535630203589,1.026548036869785,1.035532166626291,0.9366162292820663,0.9382018720838939
2019-11-20,1.5420090757291878,1.026548036869785,1.0350076895619829,0.9368716121465326,0.9377266909360189
2019-11-21,1.545362846304133,1.026548036869785,1.035709576421286,0.9364442549976051,0.9383626070249752
2019-11-22,1.5569643354374638,1.026548036869785,1.0388232285502896,0.9344914631612177,0.9411836051075035
2019-11-25,1.5603827602266902,1.026548036869785,1.0396947533317917,0.9338131009895766,0.9419732147477686
2019-11-26,1.5668964600362028,1.026548036869785,1.0404981404063403,0.9326571980482479,0.9427010909853606
2019-11-27,1.5606112940722918,1.026548036869785,1.0395729970893042,0.9335021400172369,0.9418629024481402
2019-11-29,1.547141625662893,1.026548036869785,1.0381625496580398,0.9347570438149243,0.9405850238238582
2019-12-02,1.536871552394384,1.0264014849192262,1.0371908295293584,0.9345488155576439,0.9397046362576849
2019-12-03,1.546590063350817,1.0270891783414275,1.037306955280785,0.9351749672951735,0.9398098472795119
2019-12-04,1.54891033691699,1.0270309766213215,1.0374314599074037,0.9349224449983841,0.9399226496409849
2019-12-05,1.5630607547645616,1.0270309766213215,1.0397563958499474,0.9331705765390856,0.9420290634483668
2019-12-06,1.5581170727701357,1.0270309766213215,1.0391078720658358,0.9334190631965797,0.9414414948068955
2019-12-09,1.5564079210267554,1.0270309766213215,1.038944725579779,0.9336291764515015,0.9412936825577203
2019-12-10,1.5609342012363006,1.0270309766213215,1.039078162544811,0.9328627127220639,0.9414145777017177
2019-12-11,1.5743195644319556,1.0270309766213215,1.0403924592124236,0.9300584543936727,0.9426053428307675
2019-12-12,1.5744338313547563,1.0270309766213215,1.040344466978311,0.92997409888712,0.9425618614157607
2019-12-13,1.585687546318586,1.0270309766213215,1.0421703660221495,0.9286415479385267,0.9442161431043214
2019-12-16,1.5862192150262675,1.0270309766213215,1.0420987217736188,0.9285327334561482,0.9441512327420346
2019-12-17,1.5855334921869964,1.0270309766213215,1.0419167143281378,0.9285563027386294,0.9439863322864168
2019-12-18,1.5926038490121492,1.0270309766213215,1.0434373840781315,0.927467087028971,0.9453640733670376
2019-12-19,1.600478926395541,1.0270309766213215,1.0450401366698836,0.9255309583918873,0.9468161822734834
2019-12-20,1.601865170974913,1.0270309766213215,1.0449811098740815,0.9252727324679901,0.9467627034419132
2019-12-23,1.6015520893106359,1.0270309766213215,1.0449612874295602,0.925245758739639,0.9467447441209393
2019-12-24,1.6097651153637975,1.0270309766213215,1.0452723619557565,0.9246702126986088,0.9470265805643071
2019-12-26,1.6098198227758813,1.0270309766213215,1.0452225346440422,0.9246335244224712,0.9469814365517522
2019-12-27,1.6005137402032308,1.0270309766213215,1.043646539374403,0.9253989859466549,0.9455535700305333
2019-12-30,1.6052288883520551,1.0271314622219723,1.0446466804972376,0.9254216651929736,0.946459707284433
2019-12-31,1.6186787844595256,1.0271109195927277,1.047437158319529,0.9230477210035419,0.9489879064087652
2020-01-02,1.6072511217597125,1.0271109195927277,1.0464450421125435,0.9246832082245203,0.9480890398040213
2020-01-03,1.612930139301929,1.0271109195927277,1.0468043257164659,0.9243416889667048,0.9484145541247471
2020-01-06,1.6084087111910166,1.0271109195927277,1.0467519855001801,0.9246767197651751,0.9484981989006426
2020-01-07,1.6162938566790714,1.0271109195927277,1.0472128129713345,0.9237423429334471,0.9488873156740978
2020-01-08,1.6270507167429091,1.0271109195927277,1.0471604523306859,0.9224246651051274,0.9487946077221363
2020-01-09,1.6224051962094646,1.0271109195927277,1.0469730704408557,0.9232037658758152,0.9486216650495134
2020-01-10,1.6337234440851096,1.0271109195927277,1.0480406545777996,0.9221423711183261,0.9495889616019851
2020-01-13,1.6312491163873475,1.0271109195927277,1.047853977635152,0.9224874948394074,0.949419820869372
2020-01-14,1.6342998734026786,1.0271109195927277,1.0482892413355216,0.9219668499094362,0.9498141964152552
2020-01-15,1.6479733299546524,1.0271109195927277,1.0498844823704807,0.9189987711108428,0.9512595824041241
2020-01-16,1.6543380703361403,1.0271109195927277,1.0501834062448305,0.9177942203527825,0.9515304257251366
2020-01-17,1.649950802752423,1.0271109195927277,1.050032432973819,0.9181619706855283,0.9513936347036975
2020-01-21,1.6504277640480207,1.0271109195927277,1.0500111618242371,0.9180707253491752,0.9513743617406161
2020-01-22,1.6523108635273844,1.0271109195927277,1.0502767039170586,0.9176284985536208,0.9516149591249661
2020-01-23,1.6373704027199383,1.0271109195927277,1.0474594761154863,0.920145488708853,0.9490623783534033
2020-01-24,1.6116134010354717,1.0267775047691696,1.0473058487256561,0.9197057074116831,0.9489231825379115
2020-01-27,1.6278158926972917,1.0270493566976067,1.0475059592261098,0.919949210769512,0.949104494895883
2020-01-28,1.626404781112427,1.027035662706184,1.0474954841665176,0.9199571951173754,0.9491135746212601
2020-01-29,1.631502517238442,1.027035662706184,1.0478082251129297,0.9197173174715573,0.9493716329041917
2020-01-30,1.6026154267259993,1.027035662706184,1.047268091977259,0.9203502971099844,0.9488822427040506
2020-01-31,1.614241782864823,1.02800687481592,1.0472541284026993,0.9212022156304188,0.9482318789376197
2020-02-03,1.6384237933331045,1.0279349143346828,1.0472541284026993,0.9187609661708532,0.9470923256630842
2020-02-04,1.6568570373413238,1.0279349143346828,1.0472541284026993,0.9163184655219885,0.9470544419700576
2020-02-05,1.6623672018511213,1.0279542783867264,1.047885423887655,0.9162288231425744,0.9476253360606207
2020-02-06,1.6533889998435776,1.0279508518724652,1.0468834903668751,0.9167047347417463,0.9467192660192827
2020-02-07,1.6655023853826616,1.0289800414168162,1.048498794810305,0.917573653196943,0.9481800205838101
2020-02-10,1.6683145404477278,1.0292430135155344,1.0485858212111856,0.9178081536338781,0.9482587204306643
2020-02-11,1.6790962675170584,1.0300718305470804,1.0497983646178233,0.9185472356771219,0.9493552495234541
2020-02-12,1.6763585921660045,1.030006592664479,1.0496766486354099,0.9185790528954363,0.9492451791416079
2020-02-13,1.679449015087658,1.030006592664479,1.0500538170457083,0.9184981097509769,0.9495862606505332
2020-02-14,1.6745451203020205,1.030006592664479,1.0494937983823427,0.9190320510249337,0.9490798237233897
2020-02-18,1.6824251710865108,1.030006592664479,1.051258555754725,0.9180487068267521,0.9506757317873312
2020-02-19,1.6760058445954047,1.030006592664479,1.0507335062340912,0.9190658949362963,0.9502009182083876
2020-02-20,1.65837744244789,1.030006592664479,1.0484671224592348,0.9206157621719097,0.9481513785952466
2020-02-21,1.6027991999617137,1.0283716605445956,1.0437471154592661,0.9190777484190945,0.9438829747052871
2020-02-24,1.5542664472951975,1.022698066356199,1.0436775323182355,0.914007135942907,0.9455065790216794
2020-02-25,1.548393588412603,1.0223601400068079,1.0429630656460938,0.9137051239366976,0.9448309516977579
2020-02-26,1.4800115067519044,1.0169181962723046,1.0380221193377444,0.9088415424258244,0.94035489769683
2020-02-27,1.4678186680977092,1.0166473342683464,1.0373777031311773,0.9085994672595383,0.9397711144375801
2020-02-28,1.535395907897703,1.0194387297125584,1.0376615243386749,0.9110941970719635,0.940028230984105
2020-03-02,1.4922391592137894,1.019408146550667,1.028363585106659,0.9112345535390466,0.9316051323502418
2020-03-03,1.5552155177877598,1.0205417988378078,1.0436775458358316,0.9122448718688231,0.9454782066388724
2020-03-04,1.5024593771688468,1.0205281916138234,1.037214425959908,0.9132490125503058,0.9396231999713807
2020-03-05,1.476836657314041,1.0190950555467997,1.0318456427004599,0.9119513086929665,0.9347595640828547
2020-03-06,1.3646418232342834,1.008745167269231,1.0150779424411418,0.9026895679866587,0.9195695322249384
2020-03-09,1.4320500886993925,1.0150533875827203,1.0159826402589287,0.9083345662025744,0.9203891072687095
2020-03-10,1.3620680275145503,1.0110613765415648,0.9996080222302144,0.9047622598966181,0.9055551726401871
2020-03-11,1.2325180857427667,1.0071945649877734,0.9704415704806498,0.9013019900839486,0.8791329844804209
2020-03-12,1.3469835806801775,1.0227206789938899,0.983582432966242,0.9151957479917396,0.8910374267539352
2020-03-13,1.1855603242924355,1.0112439275306082,0.9402541161280729,0.9049256181745875,0.8517858595775758
2020-03-16,1.2566404153978652,1.0132345561371041,0.9571346126002998,0.9067069597216149,0.8670780746831074
2020-03-17,1.191507784191508,1.007949109665087,0.944544661817933,0.90197720482687,0.8556727089790375
2020-03-18,1.197117174118345,1.0085367329272026,0.9456055812423845,0.902503047632198,0.8566338067805768
2020-03-19,1.1452107572724894,1.0064556739499237,0.934382882013417,0.9006407832168551,0.8464670482994849
2020-03-20,1.1116631047208405,1.0022810888911056,0.9297711001529334,0.896905098025451,0.842289187752176
2020-03-23,1.2159679412139108,1.0047320734741252,0.9662934238928403,0.8990983954866694,0.8753751358878498
2020-03-24,1.2299941453364842,1.0054107036977624,0.9684163727576011,0.8997056771305122,0.877298337065693
2020-03-25,1.306763200786328,1.0133257599350598,0.9800987715792105,0.9067885747019353,0.8878815421285648
2020-03-26,1.2627418081260613,1.0098986227113929,0.9800040286979579,0.9037217535460653,0.8879921564979734
2020-03-27,1.305063874542679,1.0123673273296239,0.9847495493027728,0.9059309080259329,0.8922891636183087
2020-03-30,1.2841662496388946,1.0099526295760615,0.9845754933630652,0.903770082336049,0.8921314501885594
2020-03-31,1.2274800304299336,1.0042955066617822,0.981648519090128,0.8987077276351465,0.889479296219278
2020-04-01,1.255502598268489,1.004388098337036,0.9878187204881319,0.8987905845766674,0.8950701633069346
2020-04-02,1.2364978983437998,1.0036585116535375,0.9875840336925132,0.8981377038397822,0.8948575117908987
2020-04-03,1.323462426045674,1.0041090293273154,1.0004606607718805,0.8985408558126574,0.9065251229261446
2020-04-06,1.3213408459185114,1.00397159673808,1.000091152352982,0.8984178723589273,0.9061903084971539
2020-04-07,1.366341028175466,1.0082724276979056,1.0068930628825474,0.9022665304413432,0.912353572102331
2020-04-08,1.3861357710600302,1.009820452302311,1.0067923735762592,0.9036518016740832,0.9121711779638542
2020-04-09,1.3721293392393852,1.0087320370316715,1.0058670603007436,0.9026778182119334,0.9113297876772073
2020-04-13,1.4140788857834747,1.0113947107222934,1.0058234727281306,0.9050605485996126,0.9103463841841
2020-04-14,1.3829261078144772,1.008704077863356,1.0058234727281306,0.9026527985633771,0.9117989014606144
2020-04-15,1.390970159532754,1.0087285112242719,1.0061799827986806,0.9026746630944057,0.9120886522749614
2020-04-16,1.4282392504332433,1.00908887739816,1.0102701224159627,0.9029971417504418,0.9157963089516196
2020-04-17,1.4027008357921813,1.0069934853963907,1.0087879040912409,0.9011220512298497,0.9144526979304457
2020-04-20,1.3596732742343642,1.0069364224322181,1.0040061128967392,0.9010709876469466,0.9101180683804501
2020-04-21,1.3908509192088545,1.0069364224322181,1.006438377699694,0.9002264949893739,0.9123228837852766
2020-04-22,1.3901006634577682,1.006915489792405,1.006317702027848,0.9001897761528407,0.9122134929081195
2020-04-23,1.40944816415086,1.0075560652686366,1.0084585779844895,0.9007624552906667,0.9141541682339689
2020-04-24,1.4301868828244224,1.0076347491491755,1.0105292491149427,0.9008327992525256,0.9160312038269713
2020-04-27,1.4226892987146573,1.0070980605137718,1.0094007318069342,0.9003529957064829,0.9150082180310629
2020-04-28,1.4605099519272227,1.0108227270330348,1.0133060773855753,0.9036828746826328,0.9185483613914814
2020-04-29,1.4470550824186534,1.0098125839773824,1.0121135074666618,0.902779799439111,0.9174673127633225
2020-04-30,1.4064521145476132,1.0069757813647646,1.0075528105246345,0.9002436772573292,0.9133331021862865
2020-05-01,1.4124292935508114,1.0069254325756964,1.008110299918433,0.9000561316648751,0.9138384588407021
2020-05-04,1.4251984402201094,1.007154758000582,1.0082354512282947,0.9002461168664906,0.9139519068236611
2020-05-05,1.4152513954180748,1.0069170892719648,1.0074914329118196,0.9000336764760356,0.9132774642039083
2020-05-06,1.4315333401950059,1.006900307320477,1.007682949593664,0.900018675914761,0.9134510715059992
2020-05-07,1.455685510256696,1.006900307320477,1.010772526220862,0.8990805933625087,0.9162517312589028
2020-05-08,1.4558792302946078,1.0068781401013496,1.010695251400352,0.8990338274096563,0.9161816826710768
2020-05-11,1.426033243789871,1.0061766710066495,1.0090107336406906,0.8984074909942542,0.9146546899268272
2020-05-12,1.4011308179770945,1.0057047681215066,1.0071178053307193,0.8979861325000147,0.9129387758154247
2020-05-13,1.4172786022268307,1.0066791129702628,1.0073063006419438,0.8988561175992106,0.9131096442855932
2020-05-14,1.4228433528462465,1.0073206054402202,1.0076615134339957,0.899428901342894,0.9134316399149162
2020-05-15,1.4676646139661194,1.0089525288399743,1.0127100897381212,0.9008860333250946,0.9180081065867427
2020-05-18,1.4522770322696668,1.0085226720465559,1.0105663041665054,0.9005022174661208,0.9160647937339638
2020-05-19,1.4764590427379483,1.0088484470623513,1.0125451264162335,0.9007930994980771,0.9178585695491277
2020-05-20,1.4649816460271496,1.008413372619485,1.0124843737086486,0.9004046248396256,0.9179815282428022
2020-05-21,1.4684297899205014,1.0086521184690238,1.0125844725753919,0.9006177991914566,0.9180600443694341
2020-05-22,1.486475593852897,1.0091109550185031,1.01255747032279,0.9010274908540369,0.9176441881394639
2020-05-26,1.508516009287156,1.0090907727994027,1.0139114767598372,0.9010094703042197,0.918855981098375
2020-05-27,1.5053361864481942,1.0088626988489962,1.0138641608909218,0.9008058248098942,0.918891898053804
2020-05-28,1.5125803697068647,1.0093704754068766,1.0143888156200416,0.9012592146334674,0.9193429027240064
2020-05-29,1.518254413847983,1.009316642314855,1.014816691529813,0.9010068026993924,0.9197306876392555
2020-06-01,1.5307205469576668,1.0095760647098886,1.0147591852506261,0.9012143596109639,0.9195183371625018
2020-06-02,1.5516133197628184,1.0099401576601061,1.0157376753898257,0.9015393730561503,0.9203957953238885
2020-06-03,1.5463863965107065,1.0099266917913374,1.0155061750793537,0.9015963191448009,0.9201860247132897
2020-06-04,1.586919736766367,1.011138479639075,1.0209361622552204,0.9026661025816058,0.9251063279435625
2020-06-05,1.6060287568116602,1.012406887277579,1.0219403586885694,0.9037984386587987,0.9260162658117024
2020-06-08,1.5935030641912595,1.0119095083948573,1.0218463458247022,0.9033544173238247,0.925931077434126
2020-06-09,1.5850366372870033,1.0115477108714848,1.0216121485443757,0.9030314325231049,0.9257188630038538
2020-06-10,1.4916081437866018,1.0083609817145573,1.0119159770891772,0.9001865676050043,0.9169328194668952
2020-06-11,1.5110898050068888,1.0095700187360632,1.0131157843801364,0.9012659021947325,0.9180200072443633
2020-06-12,1.5236503114349795,1.0104584098814433,1.0139545311562939,0.9020589889864195,0.9187800253325182
2020-06-15,1.5525423753485208,1.0125022194522644,1.0144300730786902,0.903883543839055,0.9192109306700659
2020-06-16,1.5469527577236122,1.0121761674514889,1.0144165473443825,0.9035924698717345,0.9196166494795804
2020-06-17,1.5478719878095832,1.0122314724730965,1.0144439464306543,0.9036418419105926,0.9195740494947883
2020-06-18,1.5391272930487399,1.0114207466554122,1.0132189422054279,0.9029180887068053,0.9184636065767707
2020-06-19,1.5491240718617603,1.0123808688284117,1.0131142429147333,0.9037752114030091,0.9183686986707578
2020-06-22,1.5557967992039607,1.012566197676711,1.0136542720539314,0.9039406586415021,0.9188582247644614
2020-06-23,1.5155714459090128,1.0118545622123716,1.0127266045215648,0.9033053656287354,0.9180173118758541
2020-06-24,1.532181271251051,1.012072976698176,1.016133102663651,0.9035003491612768,0.9211052373370259
2020-06-25,1.4950612610810523,1.0115825887800787,1.0108271200574086,0.9030625688179355,0.9162954655118412
2020-06-26,1.5170172499991015,1.0143670350998084,1.0128683118814692,0.9055483067834962,0.9181457668893115
2020-06-29,1.5403942973042124,1.0164207734163653,1.014408871997084,0.9073817252511532,0.9195422551910956
2020-06-30,1.5481303620617761,1.0163530120314708,1.0143581515534843,0.9072210194880153,0.9176344054402299
2020-07-01,1.5551608103756749,1.0163803942812577,1.0143581515534843,0.9072363893292272,0.9174414498604605
2020-07-02,1.5798594480458765,1.0166964559079432,1.0143581515534843,0.9075185106792779,0.9157411902411068
2020-07-06,1.5627676880071424,1.0148654210486385,1.0143581515534843,0.9058841014916958,0.9178718852981166
2020-07-07,1.5750001925676602,1.0147842318149547,1.0160428902509466,0.9057613393278768,0.9192954048814911
2020-07-08,1.5661115117798905,1.0146179802241013,1.01366117483502,0.9056099296982603,0.9171404761293633
2020-07-09,1.5825027500785238,1.014604451984365,1.0168673530896613,0.9051344035302054,0.9200413624649733
2020-07-10,1.5676865029960756,1.014604451984365,1.0140078248073754,0.9055833521797525,0.9174541181318283
2020-07-13,1.588703489526225,1.015215545509601,1.0157358794720939,0.9061046337011935,0.919017627633152
2020-07-14,1.6031321752303838,1.0151918571468723,1.0156681637467957,0.9053310217430922,0.9161971234155109
2020-07-15,1.5976717447315716,1.0150068031785815,1.0156681637467957,0.9051267627160062,0.9165307536961664
2020-07-16,1.6022228919466097,1.0149831196865073,1.0163042732494785,0.9050248185978014,0.9170436717272193
2020-07-17,1.6156926816584745,1.0149831196865073,1.0174360684004862,0.9043382655413118,0.9180649264914098
2020-07-20,1.6184054900040354,1.0150230097864914,1.017364847875698,0.9043346191692982,0.9178139488225571
2020-07-21,1.6277065991755877,1.0150483656166203,1.0180054314977767,0.9043572099428691,0.918349018918542
2020-07-22,1.6076534820388304,1.0150449821220682,1.0161524110736297,0.9059932329882227,0.9166773976914848
2020-07-23,1.5977014638356972,1.0150449821220682,1.0140967428578345,0.906085412365041,0.9148229666336661
2020-07-24,1.6095166879138,1.0150449821220682,1.0177517869110166,0.905990030097164,0.9181202045623531
2020-07-27,1.5990976552172664,1.0150449821220682,1.0167678172998582,0.9067176478621436,0.9172325594682366
2020-07-28,1.6189718512169415,1.0151257010818497,1.0203056298217024,0.9067293045134728,0.9204240421048008
2020-07-29,1.6129002988953367,1.0151223173295127,1.0201593860147613,0.9067459294069823,0.9203120587256063
2020-07-30,1.6252720586866138,1.0151223173295127,1.02240267045833,0.9059093137174324,0.9223327156963482
2020-07-31,1.6369431754353243,1.0151223173295127,1.0237118138390875,0.9053737867476138,0.923513723732124
2020-08-03,1.6428557002242412,1.0151223173295127,1.024149462086359,0.9047398915825453,0.9239085361754882
2020-08-04,1.653418840250167,1.0151223173295127,1.0249362504015331,0.9039789141479414,0.9246183158194394
2020-08-05,1.6640465131879083,1.0151223173295127,1.024874754226509,0.9024496684994123,0.9234098533643307
2020-08-06,1.6650999038010748,1.0151223173295127,1.024874754226509,0.9023185508619785,0.9233242896616077
2020-08-07,1.6696659712194084,1.0151223173295127,1.024874754226509,0.9018161138426827,0.9230740759328525
2020-08-10,1.6563601824413299,1.0151223173295127,1.024874754226509,0.9033851618216383,0.9249985894942295
2020-08-11,1.679543509708529,1.0154876679586988,1.024874754226509,0.9036109249883786,0.924872173020332
2020-08-12,1.6761051913149083,1.015474128123126,1.0248225435327802,0.9037666420802287,0.9248250568067998
2020-08-13,1.6758170979585898,1.015474128123126,1.0247042604726437,0.9037615597707077,0.9247183152655444
2020-08-14,1.6803582983714307,1.015474128123126,1.025222594077022,0.9032330703748062,0.9251860722524873
2020-08-17,1.6842288174507618,1.015474128123126,1.0251269066349082,0.9029195414176111,0.9246501544083411
2020-08-18,1.6768108077585735,1.015474128123126,1.0251269066349082,0.9033907397172962,0.9257892827049782
2020-08-19,1.6821072373235992,1.015474128123126,1.0251269066349082,0.9033045124832606,0.9252268690979671
2020-08-20,1.6878955483875182,1.015474128123126,1.0251269066349082,0.9022187951149242,0.9248201398178189
2020-08-21,1.7048482958004247,1.015474128123126,1.0251269066349082,0.898742293817294,0.9214302604871081
2020-08-24,1.710979528935212,1.015474128123126,1.0251269066349082,0.8978479991295959,0.9196806321986144
2020-08-25,1.728424036544546,1.015474128123126,1.0251269066349082,0.8955839965857301,0.9152269901050969
2020-08-26,1.7313157660271892,1.015474128123126,1.0251269066349082,0.8953824927410516,0.9145165296759995
2020-08-27,1.7429719625726041,1.015474128123126,1.0251269066349082,0.894644183161463,0.9119122815775021
2020-08-28,1.7391462041031598,1.015474128123126,1.0251269066349082,0.8949404839776979,0.9126055050534048
2020-08-31,1.7522332845353679,1.015474128123126,1.0251269066349082,0.8948269756749822,0.9114154670343387
2020-09-01,1.7791579437558018,1.015474128123126,1.0251269066349082,0.8923691027355405,0.9065718320610541
2020-09-02,1.7166635198785276,1.015474128123126,1.0251269066349082,0.8978022737929823,0.9215842681707114
2020-09-03,1.7027018486677694,1.0145974665397008,1.0251269066349082,0.8969493891118285,0.9234877764574961
2020-09-04,1.6554410736578242,1.0102523117360487,1.0251269066349082,0.8931080785672396,0.9275397466001977
2020-09-08,1.6887899114679967,1.0122605235760642,1.0251269066349082,0.8948834273558112,0.9267366831945186
2020-09-09,1.6590928843912849,1.0112875497423353,1.0251269066349082,0.8940232751136009,0.9308718259366918
2020-09-10,1.6599773006695664,1.0113167471099676,1.0251269066349082,0.8940490868881472,0.9307497864003053
2020-09-11,1.681128447726911,1.0124234227885593,1.027469466600281,0.8950274375213725,0.9328611688017445
2020-09-14,1.68990286159188,1.0125339621362333,1.027373569450065,0.8951251592323354,0.9323828414055574
2020-09-15,1.6820972905214022,1.0118563816185249,1.027373569450065,0.8945261478495204,0.9330827041991108
2020-09-16,1.667946872673831,1.011148430293958,1.0248097972901133,0.8939002873195737,0.9306733641846392
2020-09-17,1.6492949203197413,1.011107984356746,1.0212019110496524,0.8941828367396464,0.9273968892388648
2020-09-18,1.630210767279941,1.0085855797672028,1.0210419227502545,0.8919372215170325,0.9272515970595506
2020-09-21,1.6473572347307595,1.009666696922132,1.022542138241975,0.8928933016461224,0.9286140065548282
2020-09-22,1.6082795240649188,1.0086750108371694,1.015682236290442,0.8920163094017529,0.9223842378269219
2020-09-23,1.6130841934335172,1.0089293612059975,1.0169697639929893,0.89224124277956,0.9235534964948027
2020-09-24,1.6388559940188137,1.009990534528721,1.0221012764111126,0.8931796856881294,0.928213641175463
2020-09-25,1.6652589313337631,1.0108516169175172,1.0230695872365152,0.8939411792577057,0.9290930054202593
2020-09-28,1.657244598719612,1.0105563540280142,1.0227707555608918,0.8936800651127452,0.9288216236657008
2020-09-29,1.6709230286726844,1.010938856530982,1.0263436287421974,0.89401832913968,0.9320663017632789
2020-09-30,1.6797670701530332,1.0115438855082706,1.0269864207156438,0.8945533832548346,0.9326500484936284
2020-10-01,1.663678845414014,1.0106873811002823,1.0262274491733674,0.893795938197912,0.9319607941554686
2020-10-02,1.6935796606333005,1.0106435846471014,1.031166210202834,0.8925464126952253,0.9364458931019773
2020-10-05,1.669914398669405,1.0106435846471014,1.0310252841541063,0.8944230859053057,0.9405236516417971
2020-10-06,1.6989654901156341,1.0106435846471014,1.0323028227967297,0.8943545134687197,0.9415322961898264
2020-10-07,1.7125744137557926,1.0106435846471014,1.032264971693227,0.8935934067197355,0.9383995849207615
2020-10-08,1.7276339935846723,1.0106435846471014,1.0329498615917863,0.8931534712352664,0.9388407728440431
2020-10-09,1.755994510092998,1.0115014627412964,1.0329085435973226,0.8938878012011544,0.9362622184265572
2020-10-12,1.7449195949637843,1.0114744893689567,1.0329085435973226,0.8938639641931224,0.9379681590619187
2020-10-13,1.7333627451378746,1.010561871721032,1.0329085435973226,0.8930574623612517,0.9379610894412047
2020-10-14,1.7307145910065946,1.0104494009872855,1.032503609679857,0.8929580693098411,0.9375839984189446
2020-10-15,1.7309480982532948,1.0104258238345958,1.0324518751581495,0.8929032162290257,0.9375370199297035
2020-10-16,1.7026819550633758,1.0090653976784054,1.0276244454684358,0.8916742341156948,0.9331533831190084
2020-10-19,1.710731101485217,1.0092360239399096,1.02748057804607,0.8918250103105746,0.9327300673768708
2020-10-20,1.7069748493286865,1.0092158392194308,1.0271112741366881,0.8918676645146028,0.9323668374247741
2020-10-21,1.7158834237208507,1.0092793380761527,1.0274343982351177,0.8919059425876098,0.9326601553946325
2020-10-22,1.7217959485097678,1.0092726095472322,1.0278520124106052,0.8915480717480525,0.9330392473371197
2020-10-23,1.68978859466908,1.0092726095472322,1.0246469100815105,0.8928650320599046,0.9301297951702039
2020-10-26,1.6846759383397691,1.0092726095472322,1.0244062507821503,0.8930181915691958,0.929911335149862
2020-10-27,1.6252272980767273,1.0075870223438446,1.0195488060757274,0.8914999704408071,0.9255019586071891
2020-10-28,1.644644426385199,1.008610161818657,1.0194808361553223,0.8924052310201168,0.9229826522639114
2020-10-29,1.6246956293690455,1.0066157414429235,1.0194808361553223,0.890640593657205,0.923894461606261
2020-10-30,1.6447089592970143,1.0081695927555643,1.0201234191457116,0.8920154212091382,0.9244367606824957
2020-11-02,1.6739836111877469,1.0094586531232674,1.024268351661348,0.8931559651564297,0.9281929022591799
2020-11-03,1.7108900077154394,1.0094216396393196,1.0241488536869876,0.8927204555013455,0.9208295697441344
2020-11-04,1.7441842594159938,1.0110803382614744,1.0241488536869876,0.8941784615696284,0.9115541458859816
2020-11-05,1.7436824311149035,1.01103919778673,1.0241488536869876,0.8941420777878228,0.911674586110829
2020-11-06,1.7640833224211616,1.012527433300844,1.0241488536869876,0.8954582423813822,0.9099776699518892
2020-11-09,1.761613968124498,1.0124329376730703,1.0240839979384924,0.8953746724098672,0.909856345826416
2020-11-10,1.775093583336094,1.013463519899991,1.02406692987186,0.8962860979369163,0.9094456072984105
2020-11-11,1.7573807546723699,1.0133925774535981,1.02406692987186,0.8965065404678212,0.9101594759466636
2020-11-12,1.7812992961848941,1.0133925774535981,1.02406692987186,0.8955094816049021,0.9098844196475178
2020-11-13,1.8020479616606537,1.0133925774535981,1.02406692987186,0.8938772354070034,0.9079039204322883
2020-11-16,1.7934126817239784,1.0133925774535981,1.0238862870017682,0.8944078801946007,0.9076620570765183
2020-11-17,1.772673963050416,1.0133925774535981,1.0235671394724417,0.8948547669614249,0.9073791368863986
2020-11-18,1.7796697188590906,1.0135322814222025,1.0235534919105822,0.8949572496357037,0.9071249619502086
2020-11-19,1.7675812003254994,1.013512010776574,1.022408961580938,0.8952397011466964,0.9060834074366174
2020-11-20,1.7775431653308296,1.013512010776574,1.023397523326103,0.8948241239100325,0.9069594946269484
2020-11-23,1.8062712283105848,1.013512010776574,1.0255823635468142,0.8934683856881959,0.9088957525690008
2020-11-24,1.803409339234533,1.0134415913459336,1.0254546761775583,0.8933646117702712,0.9087825929518911
2020-11-25,1.807732073906435,1.0134247006527446,1.0256506113720008,0.8929873941425418,0.9089562354328242
2020-11-27,1.799424553232401,1.0134247006527446,1.0256061665121747,0.8931068954530281,0.9090161186485956
2020-11-30,1.8197062042147598,1.0149529108549402,1.0274473325134446,0.8944358083329409,0.9106358622298525
2020-12-01,1.8229656014712983,1.0148818641511803,1.027738360409696,0.8942229157098766,0.9108938028861268
2020-12-02,1.8218277843419222,1.0148818641511803,1.0276357251599646,0.8942808693744745,0.9108028363361377
2020-12-03,1.8379259558831385,1.0148818641511803,1.0290886006800497,0.8924340623504237,0.9120905330482492
2020-12-04,1.8343683971656186,1.0148818641511803,1.0287797391764297,0.8928969190062696,0.911816786304491
2020-12-07,1.8394810534949295,1.0148818641511803,1.0293762660395962,0.8923770905285077,0.9123454934578339
2020-12-08,1.824858647752859,1.0148818641511803,1.028700712352599,0.894723502577847,0.9117467441158738
2020-12-09,1.8225135071811933,1.01486978632582,1.0286629933264795,0.89456075172812,0.9117658068484241
2020-12-10,1.82020803251585,1.0148664034265322,1.028396707173662,0.8946398902460918,0.9114963500213994
2020-12-11,1.8122732743192758,1.0148664034265322,1.027765652524491,0.8955222039250514,0.9109370288903893
2020-12-14,1.8356901088331752,1.0156227579338744,1.0276937089288143,0.8960821515256919,0.9102212146141543
2020-12-15,1.8389444113861493,1.0155922892511364,1.0276937089288143,0.895498595337742,0.9101892185473457
2020-12-16,1.8495324184175679,1.0155922892511364,1.0298550124143215,0.8940892963943571,0.9121003688518321
2020-12-17,1.8430384909099837,1.0155922892511364,1.0287394102015488,0.8951986318355739,0.9111123257025576
2020-12-18,1.8358390682612,1.0155922892511364,1.0275304181078184,0.8951659952523606,0.9100415709639413
2020-12-21,1.83203320339615,1.0155922892511364,1.0272362004788496,0.8954156112249322,0.9097809944704832
2020-12-22,1.8333995543711277,1.0155922892511364,1.027361516036443,0.8953116461598096,0.9098919813229296
2020-12-23,1.839883535076515,1.0155922892511364,1.0284965428697468,0.8944798790000208,0.9108972280623575
2020-12-24,1.855931972606746,1.0155922892511364,1.0302957151824148,0.8928985824621626,0.9124906812283187
2020-12-28,1.851798105874123,1.0155922892511364,1.0298570382444296,0.8933066299490962,0.9121021630465166
2020-12-29,1.8542823803740827,1.0155922892511364,1.0302709384341697,0.8931241104378552,0.9124687374780425
