date,y_true_next,y_pred_static,y_pred_adaptive,p1_static,p1_adaptive,return_next,return_next_pct
2016-01-04,1,1,1,0.99,0.99,0.0020122259542274534,0.20122259542274534
2016-01-05,0,0,0,0.31,0.31,-0.013115396702646942,-1.3115396702646942
2016-01-06,0,1,1,0.9866666666666667,0.9866666666666667,-0.023700443014411654,-2.3700443014411654
2016-01-07,0,0,0,0.11333333333333333,0.11333333333333333,-0.010838374390218508,-1.0838374390218508
2016-01-08,1,1,1,0.7033333333333334,0.7033333333333334,0.0008532721255336551,0.0853272125533655
2016-01-11,1,0,0,0.05333333333333334,0.05333333333333334,0.0078027985167561376,0.7802798516756138
2016-01-12,0,0,0,0.13333333333333333,0.13333333333333333,-0.024965452304219538,-2.4965452304219538
2016-01-13,1,0,0,0.22,0.22,0.016695905386662213,1.6695905386662213
2016-01-14,0,0,0,0.07333333333333333,0.07333333333333333,-0.021599098001850003,-2.1599098001850003
2016-01-15,1,1,1,0.7066666666666667,0.7066666666666667,0.0005318215543925753,0.05318215543925753
2016-01-19,0,1,1,0.74,0.74,-0.011693855152413501,-1.1693855152413501
2016-01-20,1,0,0,0.37,0.37,0.005195438361131455,0.5195438361131455
2016-01-21,1,0,0,0.03333333333333333,0.03333333333333333,0.020283701024494727,2.0283701024494727
2016-01-22,0,1,1,0.75,0.75,-0.015637982053378963,-1.5637982053378963
2016-01-25,1,1,1,1.0,1.0,0.014144335590226431,1.4144335590226431
2016-01-26,0,1,1,0.6333333333333333,0.6333333333333333,-0.010863483795639506,-1.0863483795639506
2016-01-27,1,1,1,0.72,0.72,0.005528577205787588,0.5528577205787588
2016-01-28,1,1,1,0.65,0.65,0.0247602174153414,2.47602174153414
2016-01-29,0,1,1,0.7233333333333334,0.7233333333333334,-0.00044323658717015935,-0.044323658717015935
2016-02-01,0,1,1,0.7766666666666666,0.7766666666666666,-0.018743090830274922,-1.8743090830274922
2016-02-02,1,1,1,0.73,0.73,0.004992038934619414,0.4992038934619414
2016-02-03,1,1,1,0.6833333333333333,0.6833333333333333,0.0015267325638141926,0.15267325638141926
2016-02-04,0,1,1,0.7433333333333333,0.7433333333333333,-0.018481246310869337,-1.8481246310869337
2016-02-05,0,0,0,0.32,0.32,-0.014153935656373462,-1.4153935656373462
2016-02-08,0,1,1,0.6333333333333333,0.6333333333333333,-0.0006636203533073592,-0.06636203533073592
2016-02-09,0,0,0,0.21,0.21,-0.00018895027740828407,-0.018895027740828407
2016-02-10,0,1,1,1.0,1.0,-0.012301161792504733,-1.2301161792504733
2016-02-11,1,0,0,0.2733333333333333,0.33666666666666667,0.019518049565855122,1.9518049565855122
2016-02-12,1,0,0,0.14,0.08666666666666667,0.01651665412216241,1.651665412216241
2016-02-16,1,0,0,0.24666666666666667,0.3333333333333333,0.01648043921048603,1.648043921048603
2016-02-17,0,0,0,0.24666666666666667,0.3333333333333333,-0.004665713707027619,-0.4665713707027619
2016-02-18,0,1,0,0.77,0.31,-2.6032942938902792e-05,-0.0026032942938902792
2016-02-19,1,1,1,0.6466666666666666,0.6133333333333333,0.014454197186153817,1.4454197186153817
2016-02-22,0,0,0,0.02666666666666667,0.043333333333333335,-0.012454371867771763,-1.2454371867771763
2016-02-23,1,0,0,0.25333333333333335,0.27,0.004439786812972857,0.4439786812972857
2016-02-24,1,1,1,0.7066666666666667,0.72,0.011348275359951865,1.1348275359951865
2016-02-25,0,0,0,0.02,0.25666666666666665,-0.0018701144822791393,-0.18701144822791393
2016-02-26,0,0,0,0.13,0.07333333333333333,-0.008120976341902342,-0.8120976341902342
2016-02-29,1,0,0,0.3566666666666667,0.36333333333333334,0.023868791801894496,2.3868791801894496
2016-03-01,1,1,1,0.79,0.9666666666666667,0.004094308735004715,0.40943087350047147
2016-03-02,1,0,0,0.2966666666666667,0.2833333333333333,0.0034987406745825567,0.34987406745825567
2016-03-03,1,0,0,0.25,0.30666666666666664,0.0033058923144386743,0.3305892314438674
2016-03-04,1,1,1,0.88,0.9166666666666666,0.0008850141950174084,0.08850141950174084
2016-03-07,0,0,0,0.24,0.25666666666666665,-0.011240108649505087,-1.1240108649505087
2016-03-08,1,1,1,0.7066666666666667,0.7133333333333334,0.0050523932937867055,0.5052393293786706
2016-03-09,1,0,0,0.29333333333333333,0.2633333333333333,0.00015580493345068724,0.015580493345068724
2016-03-10,1,1,1,0.9733333333333334,0.9433333333333334,0.01639550053418848,1.6395500534188479
2016-03-11,0,1,0,0.62,0.25,-0.00126097292128724,-0.126097292128724
2016-03-14,0,1,1,0.6566666666666666,0.6766666666666666,-0.0018369416879204792,-0.18369416879204792
2016-03-15,1,1,1,0.7366666666666667,0.7033333333333334,0.005600351545632876,0.5600351545632876
2016-03-16,1,0,0,0.016666666666666666,0.016666666666666666,0.006595236486620859,0.6595236486620859
2016-03-17,1,1,0,0.77,0.30666666666666664,0.004405643688967897,0.44056436889678974
2016-03-18,1,0,0,0.1,0.3466666666666667,0.0009855772666846896,0.09855772666846896
2016-03-21,0,1,1,0.66,0.6566666666666666,-0.000877387766836879,-0.0877387766836879
2016-03-22,0,1,1,0.99,0.9933333333333333,-0.006386031602501285,-0.6386031602501285
2016-03-23,0,0,0,0.16,0.26666666666666666,-0.0003780702927851376,-0.03780702927851376
2016-03-24,1,1,1,0.9666666666666667,0.96,0.0005452554858313974,0.05452554858313974
2016-03-28,1,1,1,0.8666666666666667,0.6133333333333333,0.008816651779288476,0.8816651779288476
2016-03-29,1,1,1,1.0,0.9933333333333333,0.004350315260639448,0.4350315260639448
2016-03-30,0,0,0,0.10666666666666667,0.32,-0.00203975921756705,-0.20397592175670498
2016-03-31,1,0,0,0.016666666666666666,0.05,0.006330915127309877,0.6330915127309877
2016-04-01,0,0,0,0.14,0.13333333333333333,-0.003208322345054082,-0.3208322345054082
2016-04-04,0,0,0,0.03333333333333333,0.02,-0.010144492387214377,-1.0144492387214377
2016-04-05,1,0,0,0.19333333333333333,0.27666666666666667,0.010507619269939372,1.0507619269939372
2016-04-06,0,1,1,0.9933333333333333,0.96,-0.011975786526205012,-1.1975786526205012
2016-04-07,1,0,0,0.07666666666666666,0.05333333333333334,0.0027865779152878023,0.27865779152878023
2016-04-08,0,0,0,0.12666666666666668,0.12666666666666668,-0.002739785807018724,-0.2739785807018724
2016-04-11,1,1,1,0.9566666666666667,0.6366666666666667,0.0096621337827838,0.9662133782783799
2016-04-12,1,1,1,0.7433333333333333,0.8233333333333334,0.01004013710204088,1.004013710204088
2016-04-13,1,0,0,0.38666666666666666,0.3333333333333333,0.0001729273803483533,0.01729273803483533
2016-04-14,0,1,1,0.76,0.7133333333333334,-0.0009842848497145784,-0.09842848497145784
2016-04-15,1,1,1,0.9633333333333334,0.7733333333333333,0.006541025289023228,0.6541025289023228
2016-04-18,1,1,1,0.9833333333333333,0.9733333333333334,0.0030844851678346608,0.3084485167834661
2016-04-19,1,1,1,0.86,0.6933333333333334,0.0007615448773992117,0.07615448773992117
2016-04-20,0,1,1,0.75,0.7133333333333334,-0.005194027008290192,-0.5194027008290192
2016-04-21,1,0,0,0.27666666666666667,0.27,4.785972478082989e-05,0.004785972478082989
2016-04-22,0,1,0,0.7433333333333333,0.31,-0.0018120458796383465,-0.18120458796383465
2016-04-25,1,1,1,0.9833333333333333,0.9566666666666667,0.0018727515871905798,0.18727515871905798
2016-04-26,1,0,0,0.13333333333333333,0.14333333333333334,0.001649352800310755,0.1649352800310755
2016-04-27,0,0,0,0.13,0.11,-0.009230768513682652,-0.9230768513682652
2016-04-28,0,1,1,0.9633333333333334,0.98,-0.005063088369821722,-0.5063088369821722
2016-04-29,1,1,1,0.8866666666666667,0.78,0.007809946463542827,0.7809946463542827
2016-05-02,0,0,0,0.056666666666666664,0.02,-0.008676638198860664,-0.8676638198860664
2016-05-03,0,0,0,0.006666666666666667,0.006666666666666667,-0.005936889314214544,-0.5936889314214544
2016-05-04,0,1,1,0.9066666666666666,0.76,-0.0002390081258001331,-0.02390081258001331
2016-05-05,1,0,0,0.31666666666666665,0.2733333333333333,0.0031746390805036384,0.31746390805036384
2016-05-06,1,1,1,0.75,0.9666666666666667,0.0007534970439868616,0.07534970439868616
2016-05-09,1,1,1,0.97,0.7133333333333334,0.012483643435067249,1.2483643435067249
2016-05-10,0,0,1,0.32,0.88,-0.009561518078546327,-0.9561518078546327
2016-05-11,0,1,1,0.9733333333333334,0.9933333333333333,-0.0001694649071644072,-0.01694649071644072
2016-05-12,0,1,1,0.9966666666666667,0.6166666666666667,-0.00847828902508041,-0.847828902508041
2016-05-13,1,1,1,0.7,0.7366666666666667,0.009796652464963085,0.9796652464963085
2016-05-16,0,0,0,0.11333333333333333,0.1,-0.009411297455333645,-0.9411297455333645
2016-05-17,1,0,0,0.08333333333333333,0.11666666666666667,0.00020517873267866804,0.020517873267866804
2016-05-18,0,1,1,0.9133333333333333,0.7,-0.003706707658226005,-0.3706707658226005
2016-05-19,1,1,1,0.8933333333333333,0.7266666666666667,0.006019504059596059,0.6019504059596059
2016-05-20,0,1,0,0.7266666666666667,0.03,-0.0020854589704891735,-0.20854589704891735
2016-05-23,1,1,1,0.98,0.9766666666666667,0.013681382686285826,1.3681382686285826
2016-05-24,1,1,1,0.66,0.7833333333333333,0.006974740643369559,0.6974740643369559
2016-05-25,0,1,1,0.7833333333333333,0.76,-0.00021044390350322129,-0.02104439035032213
2016-05-26,1,1,1,0.9766666666666667,0.6466666666666666,0.004286857336424754,0.4286857336424754
2016-05-27,0,1,1,0.9366666666666666,0.89,-0.0010052630048559275,-0.10052630048559275
2016-05-31,1,1,1,0.9966666666666667,0.9733333333333334,0.0011350423274503196,0.11350423274503196
2016-06-01,1,1,1,0.9233333333333333,0.9566666666666667,0.0028246780734553223,0.28246780734553223
2016-06-02,0,0,0,0.0033333333333333335,0.0033333333333333335,-0.002911814656949452,-0.2911814656949452
2016-06-03,1,0,0,0.03666666666666667,0.03666666666666667,0.004897281193053882,0.4897281193053882
2016-06-06,1,0,0,0.006666666666666667,0.006666666666666667,0.0012894462510633087,0.12894462510633087
2016-06-07,1,1,1,0.9533333333333334,0.9233333333333333,0.0033095665337075086,0.33095665337075086
2016-06-08,0,1,1,0.8666666666666667,0.9466666666666667,-0.0017177585589538413,-0.17177585589538413
2016-06-09,0,1,1,0.98,0.8733333333333333,-0.009175181182794367,-0.9175181182794367
2016-06-10,0,1,0,0.9766666666666667,0.32,-0.008115191387155773,-0.8115191387155773
2016-06-13,0,0,1,0.3566666666666667,0.8133333333333334,-0.0017988851350955182,-0.17988851350955182
2016-06-14,0,1,1,0.9833333333333333,0.98,-0.0018407128700851372,-0.18407128700851372
2016-06-15,1,1,1,0.6733333333333333,0.7366666666666667,0.0031329906996742096,0.31329906996742096
2016-06-16,0,1,1,0.9866666666666667,0.9433333333333334,-0.0032579654199809127,-0.32579654199809127
2016-06-17,1,0,0,0.33,0.23333333333333334,0.00580818525653326,0.580818525653326
2016-06-20,1,1,1,0.7366666666666667,0.7266666666666667,0.002712061607464289,0.2712061607464289
2016-06-21,0,1,1,0.71,0.6866666666666666,-0.0016515636618127383,-0.16515636618127383
2016-06-22,1,1,0,0.88,0.09,0.01336407865930278,1.336407865930278
2016-06-23,0,1,0,0.77,0.3566666666666667,-0.035919799994431734,-3.5919799994431734
2016-06-24,0,1,1,0.7033333333333334,0.7166666666666667,-0.01809650217612302,-1.809650217612302
2016-06-27,1,0,0,0.13333333333333333,0.12333333333333334,0.01777016508725926,1.777016508725926
2016-06-28,1,1,1,0.6766666666666666,0.6266666666666667,0.017032672570028273,1.7032672570028273
2016-06-29,1,1,1,0.7,0.77,0.013565044705922347,1.3565044705922347
2016-06-30,1,1,1,0.93,0.9,0.00194860235588723,0.194860235588723
2016-07-01,0,1,1,0.75,0.7966666666666666,-0.006847477437932237,-0.6847477437932237
2016-07-05,1,0,1,0.27,0.7733333333333333,0.005352963242081676,0.5352963242081676
2016-07-06,0,1,1,0.9833333333333333,0.9133333333333333,-0.0008715778419239317,-0.08715778419239317
2016-07-07,1,1,0,0.9966666666666667,0.3566666666666667,0.015253349296718177,1.5253349296718177
2016-07-08,1,0,0,0.02666666666666667,0.09666666666666666,0.003408615474199461,0.3408615474199461
2016-07-11,1,1,1,0.7233333333333334,0.6766666666666666,0.007009293213798395,0.7009293213798395
2016-07-12,1,1,1,0.88,0.7066666666666667,0.00013476775533982632,0.013476775533982632
2016-07-13,1,0,0,0.32666666666666666,0.35,0.00525920411762093,0.525920411762093
2016-07-14,0,1,1,0.93,0.99,-0.0009289473209127541,-0.09289473209127541
2016-07-15,1,1,1,0.88,0.8733333333333333,0.002382294987840705,0.23822949878407051
2016-07-18,0,0,1,0.35333333333333333,0.9733333333333334,-0.0014351736522938419,-0.1435173652293842
2016-07-19,1,0,0,0.023333333333333334,0.03333333333333333,0.004270300173431885,0.42703001734318846
2016-07-20,0,1,1,0.9366666666666666,0.87,-0.003612528916297486,-0.3612528916297486
2016-07-21,1,1,1,0.9533333333333334,0.8833333333333333,0.004553964713003289,0.4553964713003289
2016-07-22,0,1,1,0.9133333333333333,0.77,-0.0030114751244342264,-0.30114751244342264
2016-07-25,1,0,0,0.10333333333333333,0.28,0.0003227842443460638,0.03227842443460638
2016-07-26,0,1,1,0.8333333333333334,0.9,-0.0011985421207814095,-0.11985421207814095
2016-07-27,1,1,1,0.6633333333333333,0.8766666666666667,0.0016062090221755643,0.16062090221755643
2016-07-28,1,1,1,0.78,0.7566666666666667,0.0016313092573088106,0.16313092573088106
2016-07-29,0,1,1,0.73,0.65,-0.0012697872845152114,-0.12697872845152114
2016-08-01,0,0,0,0.13666666666666666,0.33666666666666667,-0.006361619481225378,-0.6361619481225378
2016-08-02,1,0,0,0.1,0.03333333333333333,0.0031339432802557354,0.31339432802557354
2016-08-03,1,1,1,0.9866666666666667,0.7366666666666667,0.00021257188969192597,0.021257188969192597
2016-08-04,1,1,0,0.7333333333333333,0.1,0.008603496447961101,0.8603496447961101
2016-08-05,0,1,1,0.8766666666666667,0.8966666666666666,-0.0009071655678379864,-0.09071655678379864
2016-08-08,1,1,1,0.8966666666666666,0.95,0.0003897939364765346,0.03897939364765346
2016-08-09,0,0,0,0.2966666666666667,0.1,-0.0028646859974036376,-0.28646859974036376
2016-08-10,1,1,1,0.8833333333333333,0.8666666666666667,0.004734588012062169,0.47345880120621686
2016-08-11,0,1,1,0.8133333333333334,0.7466666666666667,-0.0007960463737501922,-0.07960463737501922
2016-08-12,1,0,0,0.2733333333333333,0.24333333333333335,0.0027929092187690685,0.27929092187690685
2016-08-15,0,0,0,0.05,0.006666666666666667,-0.00547907701986905,-0.547907701986905
2016-08-16,1,0,1,0.20666666666666667,0.68,0.001868589648029051,0.1868589648029051
2016-08-17,1,0,0,0.13333333333333333,0.16333333333333333,0.0021996173129046337,0.21996173129046337
2016-08-18,0,0,0,0.1,0.35,-0.0014402713809749113,-0.14402713809749113
2016-08-19,0,0,0,0.02666666666666667,0.19333333333333333,-0.000563323157221185,-0.0563323157221185
2016-08-22,1,1,1,0.77,0.9366666666666666,0.0019517694055308787,0.19517694055308787
2016-08-23,0,1,1,0.7533333333333333,0.7066666666666667,-0.005240276852734871,-0.5240276852734871
2016-08-24,0,1,1,0.8666666666666667,0.9733333333333334,-0.0013652276243513173,-0.13652276243513173
2016-08-25,0,0,1,0.38,0.9566666666666667,-0.0015788165944199406,-0.15788165944199406
2016-08-26,1,0,0,0.09666666666666666,0.12,0.005228047221710774,0.5228047221710774
2016-08-29,0,1,1,0.9333333333333333,0.8933333333333333,-0.0019536804841114863,-0.19536804841114863
2016-08-30,0,1,1,0.9966666666666667,0.9833333333333333,-0.0023758642617150993,-0.23758642617150993
2016-08-31,0,1,1,0.9266666666666666,0.8866666666666667,-4.1384533048027805e-05,-0.0041384533048027805
2016-09-01,1,0,0,0.3466666666666667,0.3466666666666667,0.004201041336424849,0.4201041336424849
2016-09-02,1,0,0,0.14333333333333334,0.23333333333333334,0.0029816787577114923,0.2981678757711492
2016-09-06,0,0,0,0.013333333333333334,0.013333333333333334,-0.0001463852229309781,-0.014638522293097811
2016-09-07,0,0,0,0.38,0.4066666666666667,-0.0022230136296667036,-0.22230136296667036
2016-09-08,0,1,0,0.7533333333333333,0.26,-0.02452206896667508,-2.452206896667508
2016-09-09,1,1,1,0.6366666666666667,0.76,0.01467705274849096,1.467705274849096
2016-09-12,0,0,0,0.03,0.02666666666666667,-0.014830674258895948,-1.4830674258895948
2016-09-13,0,0,0,0.2833333333333333,0.02,-0.0005876766502063147,-0.058767665020631465
2016-09-14,1,1,1,0.9133333333333333,1.0,0.010109273363029914,1.0109273363029914
2016-09-15,0,1,1,0.9766666666666667,0.7533333333333333,-0.0037722947474507773,-0.37722947474507773
2016-09-16,0,0,0,0.16666666666666666,0.14666666666666667,-1.8603060785604697e-05,-0.0018603060785604697
2016-09-19,1,0,0,0.13333333333333333,0.13,0.0002991382171499968,0.029913821714999678
2016-09-20,1,0,0,0.25333333333333335,0.24333333333333335,0.010917162352442444,1.0917162352442444
2016-09-21,1,0,0,0.29,0.27666666666666667,0.006499784427785649,0.6499784427785649
2016-09-22,0,1,1,0.93,0.9033333333333333,-0.00573677446354337,-0.573677446354337
2016-09-23,0,1,1,0.69,0.6066666666666667,-0.008587762798917709,-0.8587762798917709
2016-09-26,1,0,0,0.03333333333333333,0.0033333333333333335,0.006444170055012188,0.6444170055012188
2016-09-27,1,1,0,0.8133333333333334,0.13,0.005296554012835575,0.5296554012835575
2016-09-28,0,1,1,0.7733333333333333,0.92,-0.009321411497187015,-0.9321411497187015
2016-09-29,1,1,1,0.8833333333333333,0.9266666666666666,0.007967969231286176,0.7967969231286176
2016-09-30,0,0,0,0.3433333333333333,0.34,-0.0032606955294726125,-0.32606955294726125
2016-10-03,0,1,1,0.75,0.73,-0.0049555622707156965,-0.49555622707156965
2016-10-04,1,1,1,0.77,0.76,0.0042966906501935576,0.42966906501935576
2016-10-05,1,1,0,0.9833333333333333,0.31333333333333335,0.00048155976529717925,0.048155976529717925
2016-10-06,0,1,1,0.68,0.68,-0.0032534833570118105,-0.32534833570118105
2016-10-07,1,0,1,0.30333333333333334,0.73,0.004605905039596125,0.46059050395961254
2016-10-10,0,1,1,0.7833333333333333,0.99,-0.012446471596532338,-1.2446471596532338
2016-10-11,1,0,1,0.25333333333333335,0.7033333333333334,0.001146589037580359,0.11465890375803589
2016-10-12,0,1,1,0.71,0.8933333333333333,-0.0030992637479612117,-0.3099263747961212
2016-10-13,1,1,1,0.96,0.8666666666666667,0.00020160447857309194,0.020160447857309194
2016-10-14,0,1,0,0.7433333333333333,0.31333333333333335,-0.003037994040303138,-0.3037994040303138
2016-10-17,1,0,1,0.14333333333333334,0.6466666666666666,0.006160403318245855,0.6160403318245855
2016-10-18,1,0,0,0.08333333333333333,0.0,0.0021919710189710617,0.21919710189710617
2016-10-19,0,0,0,0.02,0.15666666666666668,-0.0013757239543792377,-0.13757239543792377
2016-10-20,0,1,1,0.9066666666666666,0.9266666666666666,-8.414160005176807e-05,-0.008414160005176807
2016-10-21,1,0,0,0.32666666666666666,0.36666666666666664,0.004749839541692946,0.4749839541692946
2016-10-24,0,0,0,0.39666666666666667,0.35,-0.0037977277864983394,-0.37977277864983394
2016-10-25,0,1,1,0.91,0.8866666666666667,-0.0017404116452881535,-0.17404116452881535
2016-10-26,0,0,0,0.16333333333333333,0.10333333333333333,-0.0029867267366989747,-0.29867267366989747
2016-10-27,0,0,0,0.24,0.15,-0.0031082993435224138,-0.3108299343522414
2016-10-28,0,1,1,0.7133333333333334,0.8633333333333333,-0.00012227640782913607,-0.012227640782913607
2016-10-31,0,0,0,0.36,0.32666666666666666,-0.006786883476427641,-0.6786883476427641
2016-11-01,0,0,0,0.2833333333333333,0.4,-0.00652550029741239,-0.652550029741239
2016-11-02,0,1,1,0.9733333333333334,0.9766666666666667,-0.004423400838946101,-0.4423400838946101
2016-11-03,0,1,0,0.7466666666666667,0.35333333333333333,-0.0016661307322337615,-0.16661307322337615
2016-11-04,1,0,1,0.26,0.7233333333333334,0.022223543967337278,2.222354396733728
2016-11-07,1,0,1,0.35,0.7433333333333333,0.0037719744542996647,0.37719744542996647
2016-11-08,1,1,1,0.9666666666666667,0.9633333333333334,0.011077020753253342,1.1077020753253342
2016-11-09,1,0,0,0.24666666666666667,0.3233333333333333,0.0019507459501284519,0.1950745950128452
2016-11-10,0,1,0,0.7533333333333333,0.29333333333333333,-0.0013979503036608554,-0.13979503036608554
2016-11-11,0,1,1,0.7333333333333333,0.75,-0.00011550278622274313,-0.011550278622274313
2016-11-14,1,0,0,0.39666666666666667,0.3466666666666667,0.007480797417763307,0.7480797417763307
2016-11-15,0,1,1,0.76,0.77,-0.0015822634216101639,-0.1582263421610164
2016-11-16,1,0,1,0.3,0.7333333333333333,0.004676369608375142,0.46763696083751416
2016-11-17,0,1,1,0.7633333333333333,0.7733333333333333,-0.002386798421690206,-0.2386798421690206
2016-11-18,1,0,0,0.34,0.31333333333333335,0.0074614006258433285,0.7461400625843329
2016-11-21,1,1,1,0.9266666666666666,0.73,0.002165432272904111,0.2165432272904111
2016-11-22,1,1,1,0.9433333333333334,0.9433333333333334,0.0008080244329033981,0.08080244329033981
2016-11-23,1,1,1,0.8866666666666667,0.77,0.003914386891670674,0.39143868916706737
2016-11-25,0,1,1,0.6,0.6633333333333333,-0.005254535631502799,-0.5254535631502799
2016-11-28,1,1,0,0.8633333333333333,0.29,0.0013352930642269722,0.13352930642269722
2016-11-29,0,1,1,0.7433333333333333,0.9833333333333333,-0.0026534040390964186,-0.26534040390964186
2016-11-30,0,0,0,0.2966666666666667,0.24,-0.0035155289737457407,-0.35155289737457407
2016-12-01,1,1,1,0.62,0.6133333333333333,0.00039700650631591117,0.03970065063159112
2016-12-02,1,1,0,0.77,0.3333333333333333,0.005821305253253195,0.5821305253253195
2016-12-05,1,0,1,0.3,0.9066666666666666,0.0034108883546988267,0.34108883546988267
2016-12-06,1,1,1,0.7233333333333334,0.8733333333333333,0.013163241364864575,1.3163241364864575
2016-12-07,1,0,0,0.0033333333333333335,0.30666666666666664,0.0021593430473272335,0.21593430473272335
2016-12-08,1,1,1,0.9833333333333333,0.9733333333333334,0.005938984786955759,0.5938984786955759
2016-12-09,0,0,0,0.3566666666666667,0.23,-0.0011374349205595102,-0.11374349205595102
2016-12-12,1,0,0,0.10666666666666667,0.15333333333333332,0.006539774750587091,0.6539774750587091
2016-12-13,0,1,1,0.9833333333333333,0.9733333333333334,-0.00811717185395111,-0.8117171853951111
2016-12-14,1,0,0,0.3566666666666667,0.31666666666666665,0.0038832279549072535,0.38832279549072535
2016-12-15,0,0,0,0.21,0.24333333333333335,-0.0017506226204834219,-0.1750622620483422
2016-12-16,1,0,0,0.16333333333333333,0.05,0.001975120701520394,0.19751207015203942
2016-12-19,1,1,1,0.9266666666666666,0.9466666666666667,0.0036375121488696482,0.3637512148869648
2016-12-20,0,1,1,0.9533333333333334,0.98,-0.0024573614565177593,-0.24573614565177593
2016-12-21,0,0,0,0.10333333333333333,0.11666666666666667,-0.0018629737285675851,-0.18629737285675851
2016-12-22,1,0,0,0.13,0.02,0.0012517152775348706,0.12517152775348706
2016-12-23,1,1,1,0.71,0.7033333333333334,0.0022483727122095676,0.22483727122095676
2016-12-27,0,0,0,0.03,0.09666666666666666,-0.008356529175972627,-0.8356529175972627
2016-12-28,0,1,1,0.9433333333333334,0.6666666666666666,-0.000293304709629405,-0.029330470962940502
2016-12-29,0,1,1,0.8833333333333333,0.9,-0.004637050227782158,-0.4637050227782158
2016-12-30,1,1,1,0.9766666666666667,0.8733333333333333,0.008486575281279274,0.8486575281279274
2017-01-03,1,1,1,0.9166666666666666,0.87,0.005722273788525856,0.5722273788525856
2017-01-04,0,1,1,0.88,0.8033333333333333,-0.0007706704833204681,-0.0770670483320468
2017-01-05,1,0,0,0.03666666666666667,0.023333333333333334,0.0035169592193697863,0.35169592193697863
2017-01-06,0,1,1,0.73,0.9566666666666667,-0.0035485942758867184,-0.35485942758867184
2017-01-09,0,1,0,0.6733333333333333,0.04,0.0,0.0
2017-01-10,1,1,1,0.9633333333333334,0.95,0.0028296382793233654,0.28296382793233654
2017-01-11,0,0,0,0.0033333333333333335,0.0,-0.0021448089967596173,-0.21448089967596173
2017-01-12,1,1,1,0.7233333333333334,0.99,0.0018498402425362048,0.18498402425362048
2017-01-13,0,1,1,0.6333333333333333,0.9033333333333333,-0.0029675026899970147,-0.29675026899970147
2017-01-17,1,1,1,0.76,0.6933333333333334,0.0017637540575008437,0.17637540575008437
2017-01-18,0,1,1,0.9833333333333333,0.6866666666666666,-0.003609308355419394,-0.3609308355419394
2017-01-19,1,1,1,0.9533333333333334,0.93,0.003366237154707852,0.3366237154707852
2017-01-20,0,1,0,0.65,0.3566666666666667,-0.002690124758069401,-0.2690124758069401
2017-01-23,1,1,0,0.9,0.10666666666666667,0.006564593637664151,0.6564593637664151
2017-01-24,1,1,1,0.9833333333333333,0.96,0.008026090549617448,0.8026090549617448
2017-01-25,0,1,1,0.8666666666666667,0.91,-0.0007353844075136395,-0.07353844075136395
2017-01-26,0,1,1,0.99,0.9766666666666667,-0.000866463892926328,-0.0866463892926328
2017-01-27,0,1,1,0.9966666666666667,0.9266666666666666,-0.006009543517695892,-0.6009543517695892
2017-01-30,0,1,1,0.68,0.7333333333333333,-0.0008899054071440649,-0.08899054071440649
2017-01-31,1,1,0,0.9666666666666667,0.36666666666666664,0.00029836348965073256,0.029836348965073256
2017-02-01,1,0,1,0.12,0.66,0.0005703094032936118,0.05703094032936118
2017-02-02,1,1,1,0.6666666666666666,0.6466666666666666,0.007264758098647794,0.7264758098647794
2017-02-03,0,0,1,0.3233333333333333,0.71,-0.002115356985885164,-0.2115356985885164
2017-02-06,1,1,1,0.6733333333333333,1.0,0.00022682918569594257,0.022682918569594257
2017-02-07,1,0,0,0.36333333333333334,0.30666666666666664,0.0006933223855400961,0.0693322385540096
2017-02-08,1,0,0,0.09333333333333334,0.023333333333333334,0.005752546449780516,0.5752546449780516
2017-02-09,1,0,0,0.31666666666666665,0.33666666666666667,0.003566050102845164,0.3566050102845164
2017-02-10,1,0,0,0.33666666666666667,0.12,0.005245845097992419,0.5245845097992419
2017-02-13,1,1,1,0.9833333333333333,0.9133333333333333,0.004007335176634763,0.4007335176634763
2017-02-14,1,1,0,0.5933333333333334,0.0,0.004992308919898214,0.4992308919898214
2017-02-15,0,1,1,0.6833333333333333,0.9766666666666667,-0.0008641180363413437,-0.08641180363413437
2017-02-16,1,1,1,0.9966666666666667,0.7366666666666667,0.0016785565287558146,0.16785565287558146
2017-02-17,1,0,1,0.25333333333333335,0.6866666666666666,0.006048066160828425,0.6048066160828425
2017-02-21,0,0,0,0.043333333333333335,0.0033333333333333335,-0.001082200145408052,-0.10822001454080521
2017-02-22,1,1,1,0.9566666666666667,0.99,0.00041898672168572126,0.041898672168572126
2017-02-23,1,1,1,0.7666666666666667,0.6933333333333334,0.0014933641914423035,0.14933641914423035
2017-02-24,1,0,1,0.25,0.7666666666666667,0.0010179830611165563,0.10179830611165563
2017-02-27,0,0,0,0.3333333333333333,0.38,-0.0025783763780462543,-0.25783763780462543
2017-02-28,1,0,0,0.03,0.24,0.013673854659866258,1.3673854659866258
2017-03-01,0,1,1,0.6533333333333333,0.9,-0.005859880503598425,-0.5859880503598425
2017-03-02,1,1,1,0.9966666666666667,0.9633333333333334,0.0005038772720600271,0.05038772720600271
2017-03-03,0,1,0,0.8,0.26666666666666666,-0.0032772408480052917,-0.32772408480052917
2017-03-06,0,1,0,0.6833333333333333,0.3466666666666667,-0.0029133737680216987,-0.29133737680216987
2017-03-07,0,0,1,0.02666666666666667,0.6633333333333333,-0.002284215165048731,-0.22842151650487308
2017-03-08,1,0,0,0.15,0.13333333333333333,0.0007998953585612867,0.07998953585612867
2017-03-09,1,1,1,0.8933333333333333,0.88,0.003268670195698986,0.3268670195698986
2017-03-10,1,1,1,0.72,0.7433333333333333,0.0003666328125562224,0.03666328125562224
2017-03-13,0,0,0,0.05333333333333334,0.11,-0.0033790271755046453,-0.3379027175504645
2017-03-14,1,0,1,0.25666666666666665,0.67,0.008374752796581397,0.8374752796581397
2017-03-15,0,1,1,1.0,0.9966666666666667,-0.0016267102694209612,-0.16267102694209612
2017-03-16,0,0,0,0.25666666666666665,0.29,-0.0013143147950017697,-0.13143147950017697
2017-03-17,0,1,0,0.7733333333333333,0.2633333333333333,-0.0020098935338483948,-0.20098935338483948
2017-03-20,0,1,1,0.87,0.9066666666666666,-0.012407972940626899,-1.24079729406269
2017-03-21,1,0,0,0.04666666666666667,0.3,0.0018898864360001877,0.18898864360001877
2017-03-22,0,1,1,0.7266666666666667,0.89,-0.001060269661328106,-0.1060269661328106
2017-03-23,0,1,1,0.8733333333333333,1.0,-0.0008439958489141475,-0.08439958489141475
2017-03-24,0,1,1,0.9666666666666667,0.91,-0.001019587452981141,-0.1019587452981141
2017-03-27,1,1,1,0.9966666666666667,1.0,0.007251474353500598,0.7251474353500598
2017-03-28,1,0,0,0.3233333333333333,0.27666666666666667,0.001085324742930105,0.1085324742930105
2017-03-29,1,1,1,0.99,1.0,0.002935109936855751,0.2935109936855751
2017-03-30,0,0,0,0.08,0.27666666666666667,-0.002255047489714501,-0.22550474897145012
2017-03-31,0,1,1,0.6733333333333333,0.65,-0.0016421255420062675,-0.16421255420062675
2017-04-03,1,1,0,0.75,0.29333333333333333,0.0005595225490382383,0.05595225490382383
2017-04-04,0,0,0,0.2833333333333333,0.3433333333333333,-0.0030548611983906016,-0.30548611983906016
2017-04-05,1,0,1,0.36333333333333334,0.7433333333333333,0.001929509405943275,0.1929509405943275
2017-04-06,0,0,0,0.09333333333333334,0.03,-0.0008271302020167459,-0.08271302020167459
2017-04-07,1,1,0,0.9666666666666667,0.36333333333333334,0.0006876864837839225,0.06876864837839225
2017-04-10,0,1,0,0.6666666666666666,0.31,-0.001433879303282093,-0.1433879303282093
2017-04-11,0,0,1,0.023333333333333334,0.59,-0.003759951034546627,-0.3759951034546627
2017-04-12,0,0,0,0.16666666666666666,0.03666666666666667,-0.006814694227374907,-0.6814694227374907
2017-04-13,1,0,0,0.28,0.32666666666666666,0.008613348940219367,0.8613348940219367
2017-04-17,0,1,1,0.8666666666666667,0.6966666666666667,-0.0029033798625895946,-0.29033798625895946
2017-04-18,0,0,0,0.10333333333333333,0.27,-0.0017163507793208632,-0.17163507793208632
2017-04-19,1,1,0,0.98,0.23,0.007557263417987681,0.7557263417987681
2017-04-20,0,1,1,0.6433333333333333,0.7,-0.0030350729326357184,-0.30350729326357184
2017-04-21,1,0,1,0.11,0.9633333333333334,0.01084006896297951,1.084006896297951
2017-04-24,1,1,1,0.96,0.9666666666666667,0.006090687476747014,0.6090687476747014
2017-04-25,0,1,1,0.9166666666666666,0.6866666666666666,-0.00048570348354270987,-0.04857034835427099
2017-04-26,1,0,0,0.03666666666666667,0.0,0.0005529198041311911,0.05529198041311911
2017-04-27,0,0,0,0.27,0.09666666666666666,-0.0019131470681601481,-0.1913147068160148
2017-04-28,1,0,0,0.13,0.39,0.0017322905115801923,0.17322905115801923
2017-05-01,1,0,0,0.02,0.03333333333333333,0.0011890499458222514,0.11890499458222514
2017-05-02,0,0,0,0.0033333333333333335,0.09,-0.0012713605313821041,-0.12713605313821041
2017-05-03,1,0,0,0.27666666666666667,0.27,0.0005821026438950216,0.058210264389502164
2017-05-04,1,0,0,0.35333333333333333,0.3333333333333333,0.0040886954080285864,0.40886954080285864
2017-05-05,1,0,0,0.2966666666666667,0.34,3.744597299082386e-05,0.003744597299082386
2017-05-08,0,0,1,0.27666666666666667,0.64,-0.0010252486299153762,-0.10252486299153762
2017-05-09,1,1,1,0.9866666666666667,0.9866666666666667,0.0011306013658478609,0.11306013658478609
2017-05-10,0,1,1,0.78,0.9633333333333334,-0.002162809124616749,-0.2162809124616749
2017-05-11,0,1,1,0.9133333333333333,0.99,-0.0014784413679722608,-0.14784413679722608
2017-05-12,1,0,0,0.2866666666666667,0.25,0.004776513648450997,0.47765136484509974
2017-05-15,0,1,1,0.99,0.9766666666666667,-0.0006868970151433507,-0.06868970151433507
2017-05-16,0,1,1,0.7633333333333333,0.7766666666666666,-0.018178214414433458,-1.8178214414433458
2017-05-17,1,0,1,0.13333333333333333,0.7333333333333333,0.003686818283279214,0.3686818283279214
2017-05-18,1,1,0,0.99,0.26,0.006767499942466504,0.6767499942466504
2017-05-19,1,1,1,0.8966666666666666,0.9566666666666667,0.005160131149745784,0.5160131149745784
2017-05-22,1,0,0,0.0,0.013333333333333334,0.001837871992654172,0.1837871992654172
2017-05-23,1,1,1,0.7233333333333334,0.6966666666666667,0.002489126548973042,0.2489126548973042
2017-05-24,1,0,0,0.08,0.14,0.00444194837709877,0.444194837709877
2017-05-25,1,0,1,0.29333333333333333,0.76,0.00031054999597146526,0.031054999597146526
2017-05-26,0,1,0,0.6266666666666667,0.2833333333333333,-0.0012046245861250249,-0.12046245861250249
2017-05-30,0,1,1,0.5666666666666667,0.7466666666666667,-0.000459968801852062,-0.0459968801852062
2017-05-31,1,1,0,0.6333333333333333,0.0,0.007571112611303388,0.7571112611303388
2017-06-01,1,1,1,0.6166666666666667,0.63,0.0037077313104922904,0.37077313104922904
2017-06-02,0,1,1,0.9966666666666667,0.7433333333333333,-0.001217665183814387,-0.1217665183814387
2017-06-05,0,0,0,0.03333333333333333,0.13666666666666666,-0.0027790399654609166,-0.27790399654609166
2017-06-06,1,1,0,0.6466666666666666,0.11333333333333333,0.0015682572275503848,0.15682572275503848
2017-06-07,1,1,1,0.7366666666666667,0.7566666666666667,0.00026720472849017796,0.026720472849017796
2017-06-08,0,0,0,0.33666666666666667,0.13333333333333333,-0.0008299892344156845,-0.08299892344156845
2017-06-09,0,1,1,0.9666666666666667,0.7833333333333333,-0.000978763178264619,-0.09787631782646189
2017-06-12,1,1,1,0.7866666666666666,1.0,0.004511505177332342,0.4511505177332342
2017-06-13,0,1,0,0.8933333333333333,0.07333333333333333,-0.0009958307964025304,-0.09958307964025304
2017-06-14,0,1,1,0.9966666666666667,1.0,-0.0022395981461527104,-0.22395981461527104
2017-06-15,1,0,0,0.15,0.06666666666666667,0.0002836393681004967,0.028363936810049672
2017-06-16,1,0,0,0.11666666666666667,0.11666666666666667,0.008347228657875183,0.8347228657875183
2017-06-19,0,1,0,1.0,0.36,-0.0066966373620162,-0.66966373620162
2017-06-20,0,1,1,0.9333333333333333,0.7433333333333333,-0.0005826443900691647,-0.05826443900691647
2017-06-21,0,1,1,0.9133333333333333,1.0,-0.00045578207221763645,-0.045578207221763645
2017-06-22,1,1,1,0.6433333333333333,0.6333333333333333,0.0015609155178168965,0.15609155178168965
2017-06-23,1,1,1,0.89,0.98,0.000315801794623205,0.0315801794623205
2017-06-26,0,1,0,0.6633333333333333,0.03666666666666667,-0.00807282488613359,-0.8072824886133589
2017-06-27,1,1,1,0.73,0.73,0.008808066374833778,0.8808066374833778
2017-06-28,0,1,1,0.9566666666666667,0.9633333333333334,-0.008600023246820632,-0.8600023246820632
2017-06-29,1,0,1,0.03333333333333333,0.6533333333333333,0.0015332318107057485,0.15332318107057485
2017-06-30,1,1,0,0.8833333333333333,0.36666666666666664,0.002310833849555216,0.2310833849555216
2017-07-03,1,0,0,0.32,0.3433333333333333,0.001453279024245635,0.1453279024245635
2017-07-05,0,1,1,0.8566666666666667,0.9566666666666667,-0.009368823820586791,-0.9368823820586791
2017-07-06,1,1,1,0.6966666666666667,0.7733333333333333,0.006403125486305727,0.6403125486305727
2017-07-07,1,1,1,0.9433333333333334,0.8766666666666667,0.0009277662125786179,0.09277662125786179
2017-07-10,0,0,0,0.11666666666666667,0.01,-0.0007826806116978391,-0.07826806116978391
2017-07-11,1,0,0,0.03666666666666667,0.05,0.007305607635895495,0.7305607635895495
2017-07-12,1,1,1,0.7233333333333334,0.7233333333333334,0.0018745843139260643,0.18745843139260643
2017-07-13,1,0,1,0.13333333333333333,0.63,0.004673503078699293,0.46735030786992926
2017-07-14,0,1,0,0.7633333333333333,0.27666666666666667,-5.291283677333336e-05,-0.005291283677333336
2017-07-17,1,1,1,0.7033333333333334,0.7733333333333333,0.0005978573436131729,0.05978573436131729
2017-07-18,1,0,0,0.27,0.33,0.005372639356088893,0.5372639356088893
2017-07-19,0,1,1,0.9666666666666667,0.7,-0.00015365928181010347,-0.015365928181010347
2017-07-20,0,1,0,0.7333333333333333,0.12,-0.00036787164783502746,-0.036787164783502746
2017-07-21,0,1,1,0.9833333333333333,0.9533333333333334,-0.0010637348279797232,-0.10637348279797232
2017-07-24,1,1,1,0.8733333333333333,0.8066666666666666,0.002923171678338221,0.2923171678338221
2017-07-25,1,1,1,0.95,0.8766666666666667,0.0002826639480466575,0.02826639480466575
2017-07-26,0,0,1,0.11666666666666667,0.6666666666666666,-0.0009726882691745153,-0.09726882691745153
2017-07-27,0,0,1,0.27,0.9033333333333333,-0.001341115577770502,-0.1341115577770502
2017-07-28,0,1,1,0.91,0.7933333333333333,-0.0007281456077897763,-0.07281456077897763
2017-07-31,1,1,1,0.9933333333333333,0.9133333333333333,0.0024491149692504877,0.24491149692504877
2017-08-01,1,1,1,0.7333333333333333,0.7133333333333334,0.0004926487188865458,0.04926487188865458
2017-08-02,0,0,0,0.37333333333333335,0.02666666666666667,-0.002183654185644257,-0.2183654185644257
2017-08-03,1,1,1,0.9766666666666667,0.73,0.0018891035295691694,0.18891035295691694
2017-08-04,1,1,0,0.6666666666666666,0.35333333333333333,0.001647199789928111,0.1647199789928111
2017-08-07,0,0,0,0.29,0.07,-0.0024144327873969473,-0.24144327873969473
2017-08-08,0,1,1,0.8633333333333333,0.8566666666666667,-0.00036360867105078576,-0.036360867105078576
2017-08-09,0,1,0,0.9833333333333333,0.3566666666666667,-0.014474441722801767,-1.4474441722801767
2017-08-10,1,0,0,0.25333333333333335,0.13333333333333333,0.0012755699762128092,0.12755699762128092
2017-08-11,1,0,0,0.37,0.3566666666666667,0.010043754544535322,1.0043754544535322
2017-08-14,0,0,1,0.38333333333333336,0.72,-0.0004988078808476626,-0.04988078808476626
2017-08-15,1,1,0,0.64,0.25333333333333335,0.0014201029158569245,0.14201029158569245
2017-08-16,0,1,0,0.88,0.12333333333333334,-0.015436952160958639,-1.543695216095864
2017-08-17,0,1,1,0.9966666666666667,0.9833333333333333,-0.0018353673110713675,-0.18353673110713675
2017-08-18,1,1,1,0.87,0.9866666666666667,0.001162651069903653,0.1162651069903653
2017-08-21,1,0,0,0.01,0.01,0.00994077978775465,0.994077978775465
2017-08-22,0,0,0,0.25333333333333335,0.33,-0.0034535927149730306,-0.34535927149730306
2017-08-23,0,0,0,0.08666666666666667,0.13333333333333333,-0.0020744620703185834,-0.20744620703185834
2017-08-24,1,1,1,0.9333333333333333,0.9566666666666667,0.0016728693563305974,0.16728693563305974
2017-08-25,1,1,1,0.69,0.68,0.00048707205438569545,0.048707205438569545
2017-08-28,1,1,0,0.6833333333333333,0.02,0.000842821736810162,0.0842821736810162
2017-08-29,1,0,0,0.12,0.32,0.004615148933961866,0.46151489339618657
2017-08-30,1,1,1,0.9366666666666666,0.75,0.005720976220730423,0.5720976220730423
2017-08-31,1,1,0,0.88,0.13333333333333333,0.001982540682532896,0.19825406825328962
2017-09-01,0,1,1,0.9266666666666666,0.9966666666666667,-0.007550806889900619,-0.7550806889900619
2017-09-05,1,1,1,0.88,0.9633333333333334,0.0031287267736885838,0.3128726773688584
2017-09-06,0,1,0,0.9866666666666667,0.37333333333333335,-0.00017843612323464875,-0.017843612323464875
2017-09-07,0,1,1,1.0,0.6833333333333333,-0.001488850703918465,-0.1488850703918465
2017-09-08,1,1,1,0.76,0.75,0.01083929931877714,1.083929931877714
2017-09-11,1,1,1,0.96,0.9933333333333333,0.0033639480109453057,0.33639480109453057
2017-09-12,1,0,0,0.30333333333333334,0.3,0.0007571207193879381,0.07571207193879381
2017-09-13,0,1,1,0.92,0.7433333333333333,-0.0011007176162897148,-0.11007176162897148
2017-09-14,1,1,1,0.85,0.96,0.0018471814878802117,0.18471814878802117
2017-09-15,1,1,0,0.6366666666666667,0.30666666666666664,0.0014559207541648966,0.14559207541648966
2017-09-18,1,1,0,0.8566666666666667,0.2866666666666667,0.0011101954279371107,0.11101954279371107
2017-09-19,1,0,1,0.37,0.9233333333333333,0.0006343478158390425,0.06343478158390425
2017-09-20,0,0,0,0.39,0.2733333333333333,-0.0030459176984141134,-0.30459176984141134
2017-09-21,1,0,1,0.35,0.9766666666666667,0.0006477937229520947,0.06477937229520947
2017-09-22,0,1,1,0.81,0.6933333333333334,-0.002222050282888466,-0.22220502828884658
2017-09-25,1,1,0,0.8866666666666667,0.21333333333333335,7.216672978804795e-05,0.0072166729788047945
2017-09-26,1,0,0,0.3,0.26666666666666666,0.004085143947080816,0.4085143947080816
2017-09-27,1,1,1,0.7233333333333334,0.7633333333333333,0.001204615596159142,0.1204615596159142
2017-09-28,1,1,1,0.62,0.64,0.0037051100814438076,0.37051100814438076
2017-09-29,1,1,0,0.9966666666666667,0.3233333333333333,0.003874003457017716,0.3874003457017716
2017-10-02,1,0,0,0.09333333333333334,0.03,0.0021588381272976687,0.21588381272976687
2017-10-03,1,1,1,0.9833333333333333,0.98,0.0012467201713795006,0.12467201713795006
2017-10-04,1,1,1,0.64,0.8566666666666667,0.005646787369921524,0.5646787369921524
2017-10-05,0,1,1,0.6233333333333333,0.71,-0.0010736344069645076,-0.10736344069645076
2017-10-06,0,1,1,0.8733333333333333,0.96,-0.0018044339160793177,-0.18044339160793177
2017-10-09,1,1,1,0.9833333333333333,0.74,0.002322412261707374,0.2322412261707374
2017-10-10,1,1,1,0.9866666666666667,0.9366666666666666,0.0018035072962026,0.18035072962026
2017-10-11,0,1,1,0.7666666666666667,0.74,-0.0016867529508860502,-0.16867529508860502
2017-10-12,1,0,1,0.36,0.9866666666666667,0.0008781073155288421,0.08781073155288421
2017-10-13,1,0,0,0.24,0.05333333333333334,0.0017507533144689447,0.17507533144689447
2017-10-16,1,1,1,0.89,0.6433333333333333,0.0006725789853143649,0.06725789853143649
2017-10-17,1,1,1,0.99,0.88,0.0007423349056041584,0.07423349056041584
2017-10-18,1,1,1,0.99,0.8766666666666667,0.00032799789456050554,0.032799789456050554
2017-10-19,1,1,0,0.7133333333333334,0.29333333333333333,0.0051168427389869375,0.5116842738986938
2017-10-20,0,0,0,0.25666666666666665,0.04666666666666667,-0.003972484039719171,-0.3972484039719171
2017-10-23,1,1,1,0.6633333333333333,0.6233333333333333,0.001617908278173541,0.1617908278173541
2017-10-24,0,1,1,0.96,0.9533333333333334,-0.004663049754275228,-0.4663049754275228
2017-10-25,1,1,0,0.9133333333333333,0.33666666666666667,0.001270946219078306,0.1270946219078306
2017-10-26,1,0,0,0.37,0.37666666666666665,0.008073022498049642,0.8073022498049642
2017-10-27,0,0,1,0.30666666666666664,0.9866666666666667,-0.003192470570786421,-0.3192470570786421
2017-10-30,1,0,0,0.11,0.023333333333333334,0.0009444586571358826,0.09444586571358826
2017-10-31,1,1,0,0.68,0.0,0.0015921101716727115,0.15921101716727115
2017-11-01,1,1,1,0.7633333333333333,0.7233333333333334,0.00018996581088659426,0.018996581088659426
2017-11-02,1,1,1,0.91,0.85,0.0030970753849743904,0.30970753849743904
2017-11-03,1,0,1,0.33,0.8933333333333333,0.0012712512404724485,0.12712512404724485
2017-11-06,0,0,1,0.37,0.7866666666666666,-0.00018910292286977715,-0.018910292286977715
2017-11-07,1,1,0,1.0,0.20333333333333334,0.001443655000098465,0.1443655000098465
2017-11-08,0,1,0,0.88,0.25333333333333335,-0.003761887644002093,-0.3761887644002093
2017-11-09,0,0,0,0.16666666666666666,0.016666666666666666,-0.0008976438525517549,-0.0897643852551755
2017-11-10,1,1,1,0.96,0.8933333333333333,0.0009836343625724275,0.09836343625724275
2017-11-13,0,1,0,0.66,0.06,-0.0023096092988857952,-0.23096092988857952
2017-11-14,0,1,1,0.8866666666666667,0.8833333333333333,-0.005525675723266343,-0.5525675723266343
2017-11-15,1,0,0,0.09,0.14333333333333334,0.008196058063241196,0.8196058063241196
2017-11-16,0,1,1,1.0,0.9966666666666667,-0.0026259630899742037,-0.26259630899742037
2017-11-17,1,0,0,0.01,0.02,0.0012756828808564435,0.12756828808564435
2017-11-20,1,0,1,0.37,0.77,0.006541139295859866,0.6541139295859866
2017-11-21,0,1,1,0.9833333333333333,0.75,-0.0007502611166068096,-0.07502611166068096
2017-11-22,1,1,0,0.6966666666666667,0.2633333333333333,0.0020560951489239088,0.20560951489239088
2017-11-24,0,0,0,0.16,0.0033333333333333335,-0.0003842577408796899,-0.03842577408796899
2017-11-27,1,1,1,0.69,0.7566666666666667,0.00984851271879017,0.984851271879017
2017-11-28,0,1,0,0.6466666666666666,0.03666666666666667,-0.000369225702197995,-0.0369225702197995
2017-11-29,1,1,0,0.9833333333333333,0.30333333333333334,0.008190950433802913,0.8190950433802913
2017-11-30,0,1,0,1.0,0.38,-0.002024530803113933,-0.2024530803113933
2017-12-01,0,1,1,0.6566666666666666,0.7,-0.0010521566439205543,-0.10521566439205543
2017-12-04,0,0,1,0.13333333333333333,0.7433333333333333,-0.0037393815604747083,-0.3739381560474708
2017-12-05,0,0,0,0.39,0.19333333333333333,-0.00011410565998426492,-0.011410565998426492
2017-12-06,1,0,1,0.39666666666666667,0.6533333333333333,0.0029323579853828274,0.29323579853828274
2017-12-07,1,0,0,0.09333333333333334,0.13666666666666666,0.005506306319651655,0.5506306319651655
2017-12-08,1,1,0,0.65,0.26666666666666666,0.003201957471006933,0.3201957471006933
2017-12-11,1,0,1,0.35333333333333333,0.9166666666666666,0.001548922064604108,0.1548922064604108
2017-12-12,0,1,1,0.9366666666666666,0.9966666666666667,-0.0004729570906678582,-0.04729570906678582
2017-12-13,0,0,0,0.01,0.03333333333333333,-0.004070859227173984,-0.4070859227173984
2017-12-14,1,0,0,0.08666666666666667,0.24,0.008974343513216354,0.8974343513216354
2017-12-15,1,1,0,0.61,0.38666666666666666,0.005362807225250732,0.5362807225250732
2017-12-18,0,1,1,0.97,0.6133333333333333,-0.0032302694598687065,-0.32302694598687065
2017-12-19,0,0,0,0.11,0.2966666666666667,-0.0008278931807477186,-0.08278931807477186
2017-12-20,1,1,1,0.9666666666666667,0.6433333333333333,0.0019856558213586784,0.19856558213586784
2017-12-21,0,1,0,0.9233333333333333,0.38,-0.0004581666477052604,-0.04581666477052604
2017-12-22,0,1,1,0.6433333333333333,0.87,-0.0010584151831672939,-0.10584151831672939
2017-12-26,1,1,0,0.74,0.38666666666666666,0.0007909409391904099,0.07909409391904099
2017-12-27,1,1,1,0.8166666666666667,0.9266666666666666,0.0018339987251561052,0.18339987251561052
2017-12-28,0,1,1,0.7233333333333334,0.95,-0.005183153157965359,-0.5183153157965359
2017-12-29,1,0,0,0.27666666666666667,0.25333333333333335,0.008303361477520088,0.8303361477520088
2018-01-02,1,1,0,1.0,0.09333333333333334,0.006398818768781567,0.6398818768781567
2018-01-03,1,1,1,0.93,0.9633333333333334,0.004028636080503967,0.40286360805039667
2018-01-04,1,0,0,0.0033333333333333335,0.09,0.007033767443369587,0.7033767443369587
2018-01-05,1,1,1,0.6833333333333333,0.6566666666666666,0.0016623439316436617,0.16623439316436617
2018-01-08,1,0,0,0.24333333333333335,0.22666666666666666,0.0013029315960912946,0.13029315960912946
2018-01-09,0,1,1,0.93,1.0,-0.0011122268282528491,-0.11122268282528491
2018-01-10,1,1,1,0.85,0.9633333333333334,0.007033646478779465,0.7033646478779465
2018-01-11,1,1,1,0.6833333333333333,0.87,0.006749602987881076,0.6749602987881076
2018-01-12,0,1,1,0.9666666666666667,0.9733333333333334,-0.003524487622672101,-0.3524487622672101
2018-01-16,1,0,1,0.11666666666666667,0.5966666666666667,0.009415051560751175,0.9415051560751175
2018-01-17,0,1,1,0.9966666666666667,0.8533333333333334,-0.0016163897301626484,-0.16163897301626484
2018-01-18,1,0,0,0.24,0.056666666666666664,0.004385235112838837,0.43852351128388367
2018-01-19,1,0,1,0.09333333333333334,0.7266666666666667,0.008066726499347698,0.8066726499347698
2018-01-22,1,0,0,0.15,0.32,0.0021743654797181655,0.21743654797181655
2018-01-23,0,1,1,0.67,0.9966666666666667,-0.0005599757022828333,-0.05599757022828333
2018-01-24,1,1,1,0.9233333333333333,0.9666666666666667,0.0006026209018938911,0.060262090189389106
2018-01-25,1,0,1,0.1,0.7033333333333334,0.011841196508761032,1.1841196508761032
2018-01-26,0,0,0,0.31333333333333335,0.21666666666666667,-0.006731974332887192,-0.6731974332887192
2018-01-29,0,1,1,0.9433333333333334,0.6866666666666666,-0.010898815620283941,-1.0898815620283941
2018-01-30,1,1,1,0.7033333333333334,0.91,0.0004889853730833948,0.048898537308339485
2018-01-31,0,0,0,0.37333333333333335,0.24333333333333335,-0.0006480882520516484,-0.06480882520516484
2018-02-01,0,0,0,0.04666666666666667,0.013333333333333334,-0.02120854792396809,-2.120854792396809
2018-02-02,0,1,0,0.69,0.043333333333333335,-0.04097922480422822,-4.097922480422822
2018-02-05,1,0,0,0.3233333333333333,0.04666666666666667,0.017440920592313836,1.7440920592313836
2018-02-06,0,0,0,0.03666666666666667,0.36,-0.005001588416939429,-0.5001588416939429
2018-02-07,0,1,1,0.9766666666666667,0.98,-0.03753641975808808,-3.753641975808808
2018-02-08,1,1,0,0.8866666666666667,0.11,0.014936090208494734,1.4936090208494734
2018-02-09,1,0,0,0.023333333333333334,0.24333333333333335,0.013914584754042503,1.3914584754042503
2018-02-12,1,0,1,0.27666666666666667,0.7433333333333333,0.0026129297463290957,0.26129297463290957
2018-02-13,1,0,0,0.3,0.33,0.013402458257245842,1.3402458257245842
2018-02-14,1,1,1,0.7633333333333333,0.8633333333333333,0.012069112762299383,1.2069112762299383
2018-02-15,1,1,1,0.6666666666666666,0.64,0.0003734693722488025,0.03734693722488025
2018-02-16,0,0,0,0.1,0.03333333333333333,-0.005841389459353419,-0.5841389459353419
2018-02-20,0,1,1,0.75,0.91,-0.0054965031281792864,-0.5496503128179286
2018-02-21,1,0,1,0.20666666666666667,0.7033333333333334,0.0009735510790762625,0.09735510790762625
2018-02-22,1,0,0,0.14666666666666667,0.023333333333333334,0.01602837635051313,1.602837635051313
2018-02-23,1,1,0,0.8666666666666667,0.05333333333333334,0.011757015343810906,1.1757015343810906
2018-02-26,0,0,0,0.02666666666666667,0.056666666666666664,-0.012706888443829278,-1.2706888443829278
2018-02-27,0,1,1,0.9933333333333333,0.7266666666666667,-0.011095788639207016,-1.1095788639207016
2018-02-28,0,1,0,0.71,0.34,-0.013324399541987275,-1.3324399541987275
2018-03-01,1,0,0,0.3566666666666667,0.33666666666666667,0.005071602744632031,0.5071602744632031
2018-03-02,1,0,1,0.36,0.8933333333333333,0.011032026532745043,1.1032026532745043
2018-03-05,1,0,0,0.24666666666666667,0.14666666666666667,0.002638858606169414,0.2638858606169414
2018-03-06,0,1,1,0.9433333333333334,0.8966666666666666,-0.00048387472056610203,-0.0483874720566102
2018-03-07,1,0,1,0.01,0.66,0.004463078207817217,0.4463078207817217
2018-03-08,1,1,1,0.6833333333333333,0.7466666666666667,0.01737883151892694,1.737883151892694
2018-03-09,0,0,0,0.03666666666666667,0.1,-0.001273985129042532,-0.1273985129042532
2018-03-12,0,1,1,0.72,0.8933333333333333,-0.006363576551088879,-0.6363576551088879
2018-03-13,0,0,1,0.1,0.6833333333333333,-0.005724521948562322,-0.5724521948562322
2018-03-14,0,0,0,0.24666666666666667,0.04,-0.000781930531963182,-0.0781930531963182
2018-03-15,1,0,1,0.03666666666666667,0.6166666666666667,0.001703447167811456,0.1703447167811456
2018-03-16,0,1,0,0.9733333333333334,0.2866666666666667,-0.014204195388793028,-1.4204195388793028
2018-03-19,1,0,1,0.25666666666666665,0.7,0.0014818054520648882,0.14818054520648882
2018-03-20,0,0,1,0.12333333333333334,0.9433333333333334,-0.0018439898833508828,-0.18439898833508828
2018-03-21,0,0,0,0.18333333333333332,0.32666666666666666,-0.025162888405856454,-2.5162888405856454
2018-03-22,0,0,1,0.31,0.99,-0.02096688071186603,-2.096688071186603
2018-03-23,1,0,0,0.12,0.09,0.02715725576151251,2.715725576151251
2018-03-26,0,1,0,0.9033333333333333,0.15,-0.017276308813847896,-1.7276308813847896
2018-03-27,0,1,0,0.9533333333333334,0.37,-0.00291665716625622,-0.291665716625622
2018-03-28,1,0,0,0.02666666666666667,0.20333333333333334,0.013769718690019195,1.3769718690019195
2018-03-29,0,0,1,0.13666666666666666,0.93,-0.022337423560165104,-2.2337423560165104
2018-04-02,1,1,1,0.88,0.9566666666666667,0.012614865848792123,1.2614865848792123
2018-04-03,1,0,0,0.06666666666666667,0.27666666666666667,0.01156648273982852,1.156648273982852
2018-04-04,1,1,1,0.8966666666666666,0.88,0.0068628636575538415,0.6862863657553842
2018-04-05,0,1,0,0.6566666666666666,0.3,-0.021920248779842444,-2.1920248779842444
2018-04-06,1,0,1,0.36,0.6466666666666666,0.0033365488963206236,0.33365488963206236
2018-04-09,1,0,0,0.13666666666666666,0.27666666666666667,0.0167269537832615,1.67269537832615
2018-04-10,0,0,0,0.06666666666666667,0.12,-0.005525364482924067,-0.5525364482924067
2018-04-11,1,0,1,0.09,0.7533333333333333,0.008250750063987677,0.8250750063987677
2018-04-12,0,1,1,1.0,0.8566666666666667,-0.0028866254882486952,-0.2886625488248695
2018-04-13,1,1,1,0.67,0.7333333333333333,0.008109038386684864,0.8109038386684864
2018-04-16,1,0,1,0.1,0.9866666666666667,0.010661504701720004,1.0661504701720004
2018-04-17,1,0,0,0.01,0.023333333333333334,0.0008313658006817715,0.08313658006817715
2018-04-18,0,0,0,0.3333333333333333,0.38333333333333336,-0.005726124690152989,-0.5726124690152989
2018-04-19,0,0,0,0.25666666666666665,0.04666666666666667,-0.00853653230061302,-0.853653230061302
2018-04-20,1,0,0,0.24666666666666667,0.35,5.623169212687351e-05,0.005623169212687351
2018-04-23,0,1,1,0.6833333333333333,0.5933333333333334,-0.01338056164164636,-1.338056164164636
2018-04-24,1,0,0,0.3566666666666667,0.3933333333333333,0.001837059563023713,0.1837059563023713
2018-04-25,1,1,1,0.7233333333333334,0.7533333333333333,0.010434204774367295,1.0434204774367295
2018-04-26,1,1,1,0.8966666666666666,0.8966666666666666,0.0011136248915897262,0.11136248915897262
2018-04-27,0,0,1,0.37,0.9133333333333333,-0.008187490964434607,-0.8187490964434607
2018-04-30,1,1,1,0.8333333333333334,0.7033333333333334,0.0025490454770622506,0.25490454770622506
2018-05-01,0,1,1,0.8433333333333334,0.77,-0.007205863568357729,-0.7205863568357729
2018-05-02,0,1,0,0.6333333333333333,0.06666666666666667,-0.0022536742393085563,-0.22536742393085563
2018-05-03,1,1,0,0.6766666666666666,0.3333333333333333,0.012811178963797909,1.281117896379791
2018-05-04,1,0,0,0.32,0.26666666666666666,0.0034579455015175675,0.34579455015175675
2018-05-07,0,0,0,0.30333333333333334,0.3233333333333333,-0.0002656413228280252,-0.02656413228280252
2018-05-08,1,1,1,0.7233333333333334,0.7433333333333333,0.009682220255068819,0.9682220255068819
2018-05-09,1,0,1,0.32666666666666666,0.9966666666666667,0.009370643723504823,0.9370643723504823
2018-05-10,1,1,0,0.9866666666666667,0.23,0.0017075955546570487,0.17075955546570487
2018-05-11,1,1,0,0.9266666666666666,0.10333333333333333,0.0008834895573073265,0.08834895573073265
2018-05-14,0,0,0,0.24,0.09,-0.006842140279927467,-0.6842140279927467
2018-05-15,1,1,1,0.71,0.9033333333333333,0.004060561678767671,0.4060561678767671
2018-05-16,0,0,0,0.0033333333333333335,0.37333333333333335,-0.0008558723207806596,-0.08558723207806596
2018-05-17,0,1,1,0.98,0.68,-0.00263219493841671,-0.263219493841671
2018-05-18,1,0,1,0.023333333333333334,0.6066666666666667,0.007386752997235124,0.7386752997235124
2018-05-21,0,1,1,0.7966666666666666,0.9766666666666667,-0.0031357617896576873,-0.3135761789657687
2018-05-22,1,0,0,0.09,0.36,0.0032484098921563564,0.32484098921563564
2018-05-23,0,0,1,0.35333333333333333,0.99,-0.002023213496498033,-0.2023213496498033
2018-05-24,0,1,0,0.6566666666666666,0.22,-0.0023572204364039617,-0.23572204364039617
2018-05-25,0,1,1,0.9266666666666666,0.7533333333333333,-0.011564187290653005,-1.1564187290653005
2018-05-29,1,1,0,0.88,0.24,0.012695791223314323,1.2695791223314323
2018-05-30,0,0,1,0.013333333333333334,0.68,-0.006879559974886984,-0.6879559974886984
2018-05-31,1,1,1,0.71,0.9766666666666667,0.010849230370481022,1.0849230370481022
2018-06-01,1,1,1,0.91,0.9966666666666667,0.004479598435997323,0.4479598435997323
2018-06-04,1,1,0,0.7333333333333333,0.3333333333333333,0.0007025929724704394,0.07025929724704394
2018-06-05,1,0,0,0.06333333333333334,0.23666666666666666,0.008567392465728796,0.8567392465728796
2018-06-06,0,0,0,0.31666666666666665,0.25333333333333335,-0.0007141884679080501,-0.07141884679080501
2018-06-07,1,1,1,0.9933333333333333,0.9833333333333333,0.0031259043893263616,0.31259043893263616
2018-06-08,1,1,0,0.9866666666666667,0.30666666666666664,0.001068707668436586,0.1068707668436586
2018-06-11,1,1,1,0.9933333333333333,0.99,0.0017433852107295866,0.17433852107295866
2018-06-12,0,0,0,0.043333333333333335,0.12333333333333334,-0.004026127868587581,-0.4026127868587581
2018-06-13,1,1,0,0.5833333333333334,0.26,0.002471549778432225,0.2471549778432225
2018-06-14,0,1,1,0.8666666666666667,0.7566666666666667,-0.001017102715529128,-0.10171027155291279
2018-06-15,0,1,1,0.9966666666666667,0.99,-0.0021261277624751163,-0.21261277624751163
2018-06-18,0,0,1,0.12,0.8966666666666666,-0.004023402292699374,-0.4023402292699374
2018-06-19,1,1,1,0.5833333333333334,0.7633333333333333,0.0017121542893689945,0.17121542893689945
2018-06-20,0,1,1,0.7433333333333333,0.7666666666666667,-0.006345510515579966,-0.6345510515579966
2018-06-21,1,0,0,0.1,0.24666666666666667,0.0018619345065358228,0.18619345065358228
2018-06-22,0,0,1,0.12666666666666668,0.76,-0.013724668973416176,-1.3724668973416176
2018-06-25,1,1,0,0.65,0.33666666666666667,0.0022045770199778936,0.22045770199778936
2018-06-26,0,1,0,0.6066666666666667,0.04666666666666667,-0.008604355128821406,-0.8604355128821406
2018-06-27,1,0,1,0.02666666666666667,0.9,0.00617868985946779,0.617868985946779
2018-06-28,1,1,0,0.6433333333333333,0.22333333333333333,0.0007584033300001014,0.07584033300001014
2018-06-29,1,1,0,0.92,0.1,0.003067957412152822,0.3067957412152822
2018-07-02,0,1,0,0.7233333333333334,0.28,-0.00494735062681062,-0.49473506268106204
2018-07-03,1,1,1,0.7433333333333333,0.69,0.008620803683929923,0.8620803683929923
2018-07-05,1,1,1,0.8633333333333333,0.6866666666666666,0.008481281595267509,0.8481281595267509
2018-07-06,1,1,1,0.9166666666666666,0.8366666666666667,0.008822985887663393,0.8822985887663393
2018-07-09,1,1,1,1.0,0.97,0.003473267180873929,0.3473267180873929
2018-07-10,0,0,0,0.25666666666666665,0.11,-0.007094202866256172,-0.7094202866256172
2018-07-11,1,1,1,0.9866666666666667,0.9433333333333334,0.008749042674663476,0.8749042674663476
2018-07-12,1,0,0,0.14333333333333334,0.16,0.0010792374947172778,0.10792374947172778
2018-07-13,0,1,1,0.9933333333333333,0.9933333333333333,-0.001028135726814483,-0.1028135726814483
2018-07-16,1,1,1,0.9666666666666667,0.9233333333333333,0.00397369863071062,0.39736986307106203
2018-07-17,1,0,0,0.05333333333333334,0.06,0.0021605126279586884,0.21605126279586884
2018-07-18,0,1,1,0.9833333333333333,0.9866666666666667,-0.003952993120479142,-0.39529931204791424
2018-07-19,0,1,1,0.66,0.91,-0.0009484477101494582,-0.09484477101494582
2018-07-20,1,0,1,0.12666666666666668,0.9133333333333333,0.0018380494891383492,0.18380494891383492
2018-07-23,1,1,1,0.7233333333333334,0.9,0.004780911145920941,0.4780911145920941
2018-07-24,1,1,0,0.9933333333333333,0.37666666666666665,0.009101605057599604,0.9101605057599604
2018-07-25,0,1,1,0.9633333333333334,0.6666666666666666,-0.0030322960242857855,-0.30322960242857855
2018-07-26,0,0,1,0.05,0.99,-0.00656220869212365,-0.656220869212365
2018-07-27,0,1,1,0.7666666666666667,0.7566666666666667,-0.005754170294581917,-0.5754170294581917
2018-07-30,1,0,0,0.12,0.33,0.004884728797982518,0.4884728797982518
2018-07-31,0,0,0,0.006666666666666667,0.24,-0.0010403515262938923,-0.10403515262938923
2018-08-01,1,1,0,0.6866666666666666,0.3433333333333333,0.004926444803381669,0.4926444803381669
2018-08-02,1,0,1,0.35,0.7166666666666667,0.004644183009877123,0.4644183009877123
2018-08-03,1,0,0,0.4066666666666667,0.35,0.003538227451535869,0.3538227451535869
2018-08-06,1,0,1,0.33,0.75,0.0028241822564987196,0.28241822564987196
2018-08-07,0,0,0,0.0033333333333333335,0.0033333333333333335,-0.0002623799656497061,-0.02623799656497061
2018-08-08,0,1,1,0.7233333333333334,0.9166666666666666,-0.0014416744645237012,-0.14416744645237012
2018-08-09,0,0,0,0.02666666666666667,0.08333333333333333,-0.007113887913551609,-0.7113887913551609
2018-08-10,0,1,1,1.0,0.9933333333333333,-0.004005992185342366,-0.40059921853423663
2018-08-13,1,0,1,0.08333333333333333,0.9666666666666667,0.006389254777276809,0.6389254777276809
2018-08-14,0,1,1,0.7533333333333333,0.99,-0.007602164835758152,-0.7602164835758152
2018-08-15,1,1,1,0.7466666666666667,0.9033333333333333,0.007919408484583057,0.7919408484583057
2018-08-16,1,1,1,0.9466666666666667,0.6266666666666667,0.0033231157222237684,0.33231157222237684
2018-08-17,1,0,0,0.32,0.35333333333333333,0.0024280177746833775,0.24280177746833775
2018-08-20,1,0,1,0.10333333333333333,0.67,0.0020685364303643095,0.20685364303643095
2018-08-21,0,0,0,0.31,0.0,-0.0003981517707819515,-0.03981517707819515
2018-08-22,0,0,0,0.13333333333333333,0.37666666666666665,-0.0016912621251551352,-0.16912621251551352
2018-08-23,1,1,1,0.7533333333333333,0.9966666666666667,0.006198839704363079,0.6198839704363079
2018-08-24,1,0,0,0.11,0.35333333333333333,0.007670409427647185,0.7670409427647185
2018-08-27,1,1,0,0.7166666666666667,0.35,0.00026927832649970007,0.026927832649970007
2018-08-28,1,0,0,0.33666666666666667,0.03333333333333333,0.005701434129840033,0.5701434129840033
2018-08-29,0,1,1,0.8,0.9766666666666667,-0.004430329054144866,-0.4430329054144866
2018-08-30,1,1,0,0.88,0.37,0.00013447750859452157,0.013447750859452157
2018-08-31,0,0,1,0.32666666666666666,0.99,-0.0016543221469484948,-0.16543221469484948
2018-09-04,0,0,1,0.31333333333333335,0.9966666666666667,-0.002803126684318036,-0.2803126684318036
2018-09-05,0,1,1,0.6333333333333333,0.7266666666666667,-0.0036523050860121087,-0.36523050860121087
2018-09-06,0,0,1,0.39,0.9766666666666667,-0.002213344827027508,-0.2213344827027508
2018-09-07,1,1,1,0.8866666666666667,0.9066666666666666,0.0018978268127400888,0.18978268127400888
2018-09-10,1,1,1,0.86,0.7466666666666667,0.003739841510076891,0.3739841510076891
2018-09-11,1,1,1,0.9833333333333333,0.8733333333333333,0.00035667194221011833,0.03566719422101183
2018-09-12,1,0,1,0.12666666666666668,0.9,0.005282254329749936,0.5282254329749936
2018-09-13,1,1,1,0.7733333333333333,0.6833333333333333,0.00027548183892078804,0.027548183892078804
2018-09-14,0,0,0,0.26666666666666666,0.2733333333333333,-0.005569722252617426,-0.5569722252617426
2018-09-17,1,1,1,0.6633333333333333,1.0,0.005369014643958003,0.5369014643958003
2018-09-18,1,1,1,0.97,0.66,0.0012532727238796504,0.12532727238796504
2018-09-19,1,1,1,0.73,0.9566666666666667,0.007840591898404803,0.7840591898404803
2018-09-20,0,0,0,0.10666666666666667,0.05,-0.00036853301202766087,-0.03685330120276609
2018-09-21,0,1,0,0.9833333333333333,0.3333333333333333,-0.0035156877607932513,-0.35156877607932513
2018-09-24,0,1,1,0.62,0.84,-0.0013050961134796202,-0.13050961134796202
2018-09-25,0,0,0,0.37,0.11,-0.003289278113945082,-0.3289278113945082
2018-09-26,1,0,0,0.34,0.11666666666666667,0.0027632870875580196,0.27632870875580196
2018-09-27,0,0,0,0.03333333333333333,0.02666666666666667,-6.870120538793323e-06,-0.0006870120538793323
2018-09-28,1,0,1,0.37,0.9866666666666667,0.003641105118425747,0.3641105118425747
2018-10-01,0,1,0,0.9533333333333334,0.3333333333333333,-0.0003966902079042267,-0.03966902079042267
2018-10-02,1,0,0,0.13333333333333333,0.12666666666666668,0.0007115197468861023,0.07115197468861023
2018-10-03,0,0,1,0.08,0.7233333333333334,-0.008169482334351885,-0.8169482334351885
2018-10-04,0,1,1,0.88,0.97,-0.005527978766503461,-0.5527978766503461
2018-10-05,0,0,1,0.09,1.0,-0.00039511662920677093,-0.03951166292067709
2018-10-08,0,0,0,0.13333333333333333,0.12666666666666668,-0.0014179036575431292,-0.14179036575431292
2018-10-09,0,0,0,0.14,0.08333333333333333,-0.0328642290012785,-3.28642290012785
2018-10-10,0,0,0,0.22,0.11,-0.02057300761734404,-2.057300761734404
2018-10-11,1,0,0,0.13,0.2733333333333333,0.014206197825152422,1.4206197825152422
2018-10-12,0,1,0,0.6633333333333333,0.24333333333333335,-0.005904978964482943,-0.5904978964482943
2018-10-15,1,1,0,1.0,0.21333333333333335,0.02149560016316343,2.149560016316343
2018-10-16,0,1,1,0.6633333333333333,0.9166666666666666,-0.00025266233815879335,-0.025266233815879335
2018-10-17,0,0,0,0.31333333333333335,0.10666666666666667,-0.014391922356395415,-1.4391922356395415
2018-10-18,0,1,1,0.6766666666666666,0.8666666666666667,-0.00036116989772350117,-0.03611698977235012
2018-10-19,0,1,0,0.9566666666666667,0.05,-0.004299527548581317,-0.42995275485813167
2018-10-22,0,0,0,0.32666666666666666,0.33666666666666667,-0.005511829997012829,-0.5511829997012829
2018-10-23,0,0,1,0.02666666666666667,0.96,-0.030864433977743855,-3.0864433977743855
2018-10-24,1,0,0,0.2733333333333333,0.21666666666666667,0.018625040052811848,1.8625040052811848
2018-10-25,0,0,1,0.26666666666666666,0.6966666666666667,-0.017327264039978307,-1.7327264039978307
2018-10-26,0,1,0,0.9533333333333334,0.13666666666666666,-0.0065595995737004476,-0.6559599573700448
2018-10-29,1,1,0,0.7666666666666667,0.22666666666666666,0.015666780052058682,1.5666780052058682
2018-10-30,1,0,1,0.27666666666666667,0.6333333333333333,0.010851331974038647,1.0851331974038647
2018-10-31,1,1,1,0.91,0.9966666666666667,0.010557843693063784,1.0557843693063784
2018-11-01,0,1,0,0.99,0.3233333333333333,-0.0063166863793988615,-0.6316686379398861
2018-11-02,1,1,1,0.72,0.7433333333333333,0.005600317169601965,0.5600317169601965
2018-11-05,1,0,1,0.016666666666666666,0.63,0.006259295774170726,0.6259295774170726
2018-11-06,1,1,1,0.9966666666666667,0.8333333333333334,0.021208856064105275,2.1208856064105275
2018-11-07,0,0,0,0.12,0.12666666666666668,-0.0025089163835961825,-0.25089163835961825
2018-11-08,0,1,1,0.6933333333333334,0.6833333333333333,-0.00919901370610332,-0.9199013706103321
2018-11-09,0,1,0,0.97,0.10333333333333333,-0.01970148934024063,-1.970148934024063
2018-11-12,0,1,1,0.9233333333333333,0.76,-0.0014819196931705747,-0.14819196931705747
2018-11-13,0,1,1,0.7,0.9066666666666666,-0.007567410690302756,-0.7567410690302756
2018-11-14,1,1,1,0.88,0.9566666666666667,0.010593753366266334,1.0593753366266334
2018-11-15,1,0,1,0.2733333333333333,0.7433333333333333,0.0022233054237545957,0.22233054237545957
2018-11-16,0,1,0,0.6,0.0,-0.01664310858849427,-1.664310858849427
2018-11-19,0,1,1,0.8866666666666667,0.9366666666666666,-0.01815124083246611,-1.815124083246611
2018-11-20,1,0,1,0.13333333333333333,0.88,0.0030432907461763747,0.3043290746176375
2018-11-21,0,1,0,0.6633333333333333,0.09,-0.006554842390161242,-0.6554842390161242
2018-11-23,1,1,1,0.9066666666666666,0.76,0.0155323683669224,1.55323683669224
2018-11-26,1,0,0,0.2733333333333333,0.12,0.003261692144003847,0.3261692144003847
2018-11-27,1,1,1,0.78,0.7366666666666667,0.022973979644221654,2.2973979644221654
2018-11-28,0,0,1,0.32666666666666666,0.9833333333333333,-0.0021831080910337253,-0.21831080910337253
2018-11-29,1,1,1,0.9766666666666667,0.8966666666666666,0.008170747552017188,0.8170747552017188
2018-11-30,1,1,0,1.0,0.12,0.010941426132194287,1.0941426132194287
2018-12-03,0,0,1,0.23,0.7433333333333333,-0.03236490314939877,-3.236490314939877
2018-12-04,0,0,0,0.24,0.13,-0.0015222281477752508,-0.15222281477752508
2018-12-06,0,0,1,0.2733333333333333,0.9933333333333333,-0.023320118765389863,-2.3320118765389863
2018-12-07,1,1,0,0.87,0.38,0.0017621539947350051,0.1762153994735005
2018-12-10,0,1,0,0.9833333333333333,0.33,-0.00035634616892232795,-0.035634616892232795
2018-12-11,1,1,0,0.6566666666666666,0.0033333333333333335,0.005419503676349802,0.5419503676349802
2018-12-12,0,0,0,0.26,0.3,-0.00019993032368359476,-0.019993032368359476
2018-12-13,0,1,1,0.9966666666666667,0.9,-0.019086709555430348,-1.9086709555430348
2018-12-14,0,0,1,0.37666666666666665,0.8633333333333333,-0.020773480559224233,-2.0773480559224233
2018-12-17,1,1,1,0.8866666666666667,0.6266666666666667,8.640058610476231e-05,0.008640058610476231
2018-12-18,0,1,1,0.9066666666666666,0.6066666666666667,-0.01539571453679811,-1.539571453679811
2018-12-19,0,1,0,0.9966666666666667,0.4,-0.01577210632742365,-1.5772106327423652
2018-12-20,0,1,1,1.0,0.79,-0.020588228309714296,-2.0588228309714296
2018-12-21,0,0,1,0.15333333333333332,0.7333333333333333,-0.027112254452099527,-2.7112254452099527
2018-12-24,1,1,1,0.9033333333333333,0.7633333333333333,0.04959374278953943,4.959374278953943
2018-12-26,1,0,1,0.23,0.6233333333333333,0.008562680784222065,0.8562680784222065
2018-12-27,0,0,0,0.31666666666666665,0.09666666666666666,-0.0012415825080966947,-0.12415825080966947
2018-12-28,1,1,1,0.6366666666666667,0.6333333333333333,0.00849248413140935,0.849248413140935
2018-12-31,1,1,1,0.9166666666666666,0.9333333333333333,0.0012684969251244294,0.12684969251244294
2019-01-02,0,0,1,0.37,0.67,-0.02475673039503723,-2.475673039503723
2019-01-03,1,0,1,0.29,0.9066666666666666,0.03433571464262353,3.4335714642623527
2019-01-04,1,1,1,0.9466666666666667,0.63,0.007010434848680358,0.7010434848680358
2019-01-07,1,1,1,0.6866666666666666,0.9766666666666667,0.009695285023358924,0.9695285023358924
2019-01-08,1,0,1,0.2966666666666667,1.0,0.004098045450532162,0.4098045450532162
2019-01-09,1,0,1,0.25,0.75,0.004518418782931244,0.4518418782931244
2019-01-10,0,1,0,0.91,0.013333333333333334,-0.00014629784190933748,-0.014629784190933748
2019-01-11,0,0,0,0.38,0.06666666666666667,-0.005257525167898014,-0.5257525167898014
2019-01-14,1,1,1,0.8733333333333333,0.77,0.010721688622945758,1.0721688622945758
2019-01-15,1,0,0,0.02,0.13,0.0022219854881162515,0.22219854881162515
2019-01-16,1,1,0,0.6,0.0,0.0075914003822110665,0.7591400382211066
2019-01-17,1,0,1,0.26666666666666666,0.6966666666666667,0.01318305304897005,1.318305304897005
2019-01-18,0,0,1,0.023333333333333334,0.9133333333333333,-0.014157306164566674,-1.4157306164566674
2019-01-22,1,1,0,0.6333333333333333,0.31666666666666665,0.0022029127742235755,0.22029127742235755
2019-01-23,1,1,0,0.61,0.02,0.0013757255543636049,0.1375725554363605
2019-01-24,1,0,1,0.04666666666666667,0.6566666666666666,0.008488694060713842,0.8488694060713842
2019-01-25,0,1,1,0.9166666666666666,0.9733333333333334,-0.007846827493937836,-0.7846827493937836
2019-01-28,0,1,0,0.8833333333333333,0.2733333333333333,-0.0014562465775435074,-0.14562465775435074
2019-01-29,1,0,0,0.056666666666666664,0.013333333333333334,0.01554926091974429,1.554926091974429
2019-01-30,1,0,1,0.2733333333333333,0.8666666666666667,0.008597395948725328,0.8597395948725328
2019-01-31,1,0,0,0.30666666666666664,0.05,0.0008986100931438479,0.08986100931438479
2019-02-01,1,0,0,0.03666666666666667,0.02666666666666667,0.006776236617404008,0.6776236617404008
2019-02-04,1,1,1,0.7833333333333333,0.8933333333333333,0.00470842037697472,0.470842037697472
2019-02-05,0,1,1,0.81,0.69,-0.0022244379802809355,-0.22244379802809355
2019-02-06,0,1,0,0.6933333333333334,0.34,-0.009357140143940179,-0.9357140143940179
2019-02-07,1,1,1,0.7033333333333334,0.98,0.0006762010869560964,0.06762010869560964
2019-02-08,1,1,1,0.9766666666666667,0.7866666666666666,0.0007091030986317026,0.07091030986317026
2019-02-11,1,0,0,0.03,0.29,0.0128902247439735,1.28902247439735
2019-02-12,1,1,1,0.6833333333333333,0.9833333333333333,0.003023994668760688,0.3023994668760688
2019-02-13,0,1,0,0.6366666666666667,0.006666666666666667,-0.002651641555101225,-0.2651641555101225
2019-02-14,1,0,0,0.2966666666666667,0.35,0.01087875260858695,1.087875260858695
2019-02-15,1,0,1,0.33,0.9933333333333333,0.0014987433214488366,0.14987433214488366
2019-02-19,1,1,1,0.6933333333333334,0.6533333333333333,0.0017771107537685182,0.17771107537685182
2019-02-20,0,1,0,0.9833333333333333,0.11333333333333333,-0.003526436790880272,-0.3526436790880272
2019-02-21,1,0,1,0.11666666666666667,0.65,0.006411102394986878,0.6411102394986878
2019-02-22,1,1,1,0.9433333333333334,0.92,0.0012318625699112573,0.12318625699112573
2019-02-25,0,1,1,0.67,0.7333333333333333,-0.0007904570968998437,-0.07904570968998437
2019-02-26,0,0,1,0.06,0.97,-0.0005440493877303387,-0.05440493877303387
2019-02-27,0,0,0,0.26,0.37666666666666665,-0.0028255083152146643,-0.28255083152146643
2019-02-28,1,0,1,0.32666666666666666,0.8933333333333333,0.00689532059343434,0.689532059343434
2019-03-01,0,1,0,0.71,0.07333333333333333,-0.003880558492514008,-0.3880558492514008
2019-03-04,0,1,1,0.7433333333333333,0.71,-0.001131532823106185,-0.1131532823106185
2019-03-05,0,0,0,0.10666666666666667,0.13,-0.006524098653592381,-0.6524098653592381
2019-03-06,0,1,0,0.9733333333333334,0.4066666666666667,-0.00812571755868352,-0.8125717558683521
2019-03-07,0,0,1,0.3566666666666667,0.9266666666666666,-0.0021316888487414865,-0.21316888487414865
2019-03-08,1,0,0,0.12,0.32666666666666666,0.014666041867757107,1.4666041867757107
2019-03-11,1,0,0,0.03,0.10333333333333333,0.0029533182046204143,0.29533182046204143
2019-03-12,1,0,0,0.03333333333333333,0.04,0.006949583813841809,0.6949583813841809
2019-03-13,0,0,0,0.37333333333333335,0.043333333333333335,-0.0008680223820187738,-0.08680223820187738
2019-03-14,1,1,0,0.9966666666666667,0.35,0.00498490290027398,0.498490290027398
2019-03-15,1,1,1,0.9,0.76,0.0037059469012648005,0.37059469012648005
2019-03-18,0,1,1,0.9966666666666667,0.7766666666666666,-0.0001305615560248663,-0.01305615560248663
2019-03-19,0,1,1,0.74,0.68,-0.0029443536044478913,-0.29443536044478913
2019-03-20,1,0,0,0.08666666666666667,0.12666666666666668,0.010852481049954399,1.0852481049954399
2019-03-21,0,1,1,0.91,1.0,-0.018974501239482744,-1.8974501239482744
2019-03-22,0,0,0,0.36333333333333334,0.31333333333333335,-0.000839020658475631,-0.0839020658475631
2019-03-25,1,1,0,0.9666666666666667,0.13,0.007182725862306283,0.7182725862306283
2019-03-26,0,1,0,0.64,0.2833333333333333,-0.0046443248906916645,-0.46443248906916645
2019-03-27,1,1,1,0.97,0.95,0.003589481529391092,0.3589481529391092
2019-03-28,1,0,1,0.37,0.6966666666666667,0.0067342800173637585,0.6734280017363758
2019-03-29,1,1,0,0.9666666666666667,0.38,0.011568600124275408,1.1568600124275408
2019-04-01,1,1,1,0.8966666666666666,0.94,1.745570720723677e-05,0.001745570720723677
2019-04-02,1,0,0,0.08666666666666667,0.1,0.002148376881724312,0.2148376881724312
2019-04-03,1,1,1,0.9833333333333333,0.9,0.0020846350796801527,0.20846350796801527
2019-04-04,1,1,0,0.6533333333333333,0.016666666666666666,0.004636432770241061,0.4636432770241061
2019-04-05,1,1,1,0.7566666666666667,0.8966666666666666,0.0010474599539205265,0.10474599539205265
2019-04-08,0,1,1,0.88,0.89,-0.006067494393846573,-0.6067494393846573
2019-04-09,1,1,1,0.8466666666666667,0.6433333333333333,0.0034778715639784963,0.34778715639784963
2019-04-10,1,0,0,0.25,0.11,3.8123067008344336e-05,0.0038123067008344336
2019-04-11,1,0,0,0.27666666666666667,0.0,0.006609324208602496,0.6609324208602496
2019-04-12,0,0,0,0.36333333333333334,0.34,-0.0006293691084816588,-0.06293691084816588
2019-04-15,1,0,0,0.12333333333333334,0.05,0.0005093580038946222,0.050935800389462216
2019-04-16,0,1,0,0.9233333333333333,0.043333333333333335,-0.0022738117853239315,-0.22738117853239315
2019-04-17,1,0,0,0.12,0.2733333333333333,0.0015790922795098083,0.15790922795098083
2019-04-18,1,0,0,0.36,0.36,0.001012017561471401,0.10120175614714011
2019-04-22,1,0,0,0.31333333333333335,0.01,0.008841205788409079,0.8841205788409079
2019-04-23,0,1,1,1.0,0.9833333333333333,-0.002191763174733685,-0.21917631747336852
2019-04-24,0,1,1,0.98,1.0,-0.0003689736527457965,-0.03689736527457965
2019-04-25,1,1,1,0.9833333333333333,0.6833333333333333,0.0046852921407636305,0.46852921407636305
2019-04-26,1,1,0,0.76,0.02,0.001071522174355355,0.10715221743553549
2019-04-29,1,1,1,0.9933333333333333,0.75,0.0009514170090862972,0.09514170090862972
2019-04-30,0,0,0,0.11,0.27666666666666667,-0.007502163081421376,-0.7502163081421376
2019-05-01,0,1,1,0.7466666666666667,0.9533333333333334,-0.0021239857917741967,-0.21239857917741967
2019-05-02,1,0,0,0.12,0.4166666666666667,0.009638279380647763,0.9638279380647763
2019-05-03,0,1,1,0.7566666666666667,0.9933333333333333,-0.004470988428756373,-0.4470988428756373
2019-05-06,0,1,1,0.9933333333333333,0.8933333333333333,-0.016511651392423388,-1.6511651392423388
2019-05-07,0,1,1,0.9066666666666666,0.7333333333333333,-0.0016054253132695706,-0.16054253132695706
2019-05-08,0,1,0,0.7266666666666667,0.28,-0.0030214249424966866,-0.30214249424966866
2019-05-09,1,0,1,0.09,0.77,0.0037202972597878414,0.37202972597878414
2019-05-10,0,1,0,0.9966666666666667,0.13,-0.02413055719884427,-2.413055719884427
2019-05-13,1,0,1,0.09333333333333334,0.7566666666666667,0.008015944543135589,0.8015944543135589
2019-05-14,1,1,1,0.7366666666666667,0.75,0.00583897507464215,0.583897507464215
2019-05-15,1,1,1,0.72,0.96,0.008895287120600504,0.8895287120600504
2019-05-16,0,1,0,0.9033333333333333,0.26666666666666666,-0.005837333350761975,-0.5837333350761975
2019-05-17,0,1,0,0.75,0.31666666666666665,-0.0067493779153879885,-0.6749377915387988
2019-05-20,1,1,0,0.9433333333333334,0.006666666666666667,0.008495835590448308,0.8495835590448308
2019-05-21,0,1,1,0.9166666666666666,0.74,-0.0028243962306494508,-0.2824396230649451
2019-05-22,0,1,1,0.75,0.8966666666666666,-0.01191414994527018,-1.191414994527018
2019-05-23,1,0,1,0.03333333333333333,0.7666666666666667,0.0013535590072402126,0.13535590072402126
2019-05-24,0,1,0,0.8533333333333334,0.28,-0.008375676922946718,-0.8375676922946718
2019-05-28,0,1,0,0.6233333333333333,0.056666666666666664,-0.0069119122568113145,-0.6911912256811314
2019-05-29,1,0,1,0.23666666666666666,0.9466666666666667,0.0020984713906617714,0.20984713906617714
2019-05-30,0,1,1,0.6966666666666667,0.6333333333333333,-0.01319537280847849,-1.319537280847849
2019-05-31,0,1,1,0.9266666666666666,0.7633333333333333,-0.0027652403144732274,-0.27652403144732274
2019-06-03,1,0,0,0.3566666666666667,0.28,0.021432370568193138,2.1432370568193138
2019-06-04,1,1,0,0.66,0.10333333333333333,0.008161854781411959,0.8161854781411959
2019-06-05,1,1,1,0.9833333333333333,0.6833333333333333,0.006135586748687638,0.6135586748687638
2019-06-06,1,0,0,0.03333333333333333,0.12333333333333334,0.01049769746289475,1.049769746289475
2019-06-07,1,1,0,0.9866666666666667,0.16,0.0046600444669098184,0.46600444669098184
2019-06-10,0,1,0,0.7633333333333333,0.08666666666666667,-0.00034988023558091275,-0.034988023558091275
2019-06-11,0,0,0,0.016666666666666666,0.23666666666666666,-0.0020375791387226005,-0.20375791387226005
2019-06-12,1,0,1,0.023333333333333334,0.6333333333333333,0.004097381912668174,0.40973819126681743
2019-06-13,0,0,1,0.25,0.9966666666666667,-0.001611511904139773,-0.1611511904139773
2019-06-14,1,1,1,0.68,0.65,0.0009317492412306283,0.09317492412306283
2019-06-17,1,0,0,0.2733333333333333,0.07666666666666666,0.009717399870633026,0.9717399870633026
2019-06-18,1,0,1,0.14333333333333334,0.9833333333333333,0.002985163546397107,0.2985163546397107
2019-06-19,1,0,0,0.01,0.3,0.009472185190685156,0.9472185190685156
2019-06-20,0,1,0,0.9266666666666666,0.1,-0.0012592227925193322,-0.12592227925193322
2019-06-21,0,1,0,0.6566666666666666,0.056666666666666664,-0.0017318870104667816,-0.17318870104667816
2019-06-24,0,0,0,0.16333333333333333,0.06666666666666667,-0.009496397343734198,-0.9496397343734198
2019-06-25,0,1,1,0.9433333333333334,0.63,-0.0012339337557076835,-0.12339337557076835
2019-06-26,1,1,1,0.62,0.8833333333333333,0.003823175554131808,0.3823175554131808
2019-06-27,1,0,1,0.37,0.7466666666666667,0.0057574526279098315,0.5757452627909831
2019-06-28,1,0,1,0.31666666666666665,0.75,0.007672301032188189,0.7672301032188189
2019-07-01,1,1,1,0.7166666666666667,0.9833333333333333,0.002928125887423194,0.2928125887423194
2019-07-02,1,1,1,0.8966666666666666,0.8533333333333334,0.007672378673070135,0.7672378673070135
2019-07-03,0,1,1,0.7166666666666667,0.9833333333333333,-0.00180590159841032,-0.180590159841032
2019-07-05,0,1,1,0.9833333333333333,0.9133333333333333,-0.004835444424841517,-0.48354444248415174
2019-07-08,1,0,1,0.37,0.97,0.0012365569653400854,0.12365569653400854
2019-07-09,1,1,1,0.67,0.72,0.0045106896075925995,0.45106896075925995
2019-07-10,1,1,0,0.8933333333333333,0.006666666666666667,0.002285226738359958,0.22852267383599578
2019-07-11,1,0,1,0.25333333333333335,0.8866666666666667,0.004620174547884881,0.4620174547884881
2019-07-12,1,1,1,0.97,0.78,0.00017586919155743175,0.017586919155743175
2019-07-15,0,1,0,0.9,0.38666666666666666,-0.003403778522185874,-0.3403778522185874
2019-07-16,0,1,0,0.6433333333333333,0.19333333333333333,-0.006531243569450895,-0.6531243569450895
2019-07-17,1,1,0,0.96,0.13666666666666666,0.003581997784064761,0.3581997784064761
2019-07-18,0,0,1,0.33666666666666667,0.98,-0.00617673452276668,-0.617673452276668
2019-07-19,1,1,0,0.7566666666666667,0.39666666666666667,0.002828694915066654,0.2828694915066654
2019-07-22,1,0,0,0.0033333333333333335,0.0,0.006847482673755456,0.6847482673755456
2019-07-23,1,0,0,0.25333333333333335,0.13,0.004688147952890187,0.4688147952890187
2019-07-24,0,1,1,0.9033333333333333,0.61,-0.005262401280453521,-0.5262401280453521
2019-07-25,1,1,1,0.8733333333333333,0.9066666666666666,0.007387691099234761,0.7387691099234761
2019-07-26,0,1,0,0.7966666666666666,0.37333333333333335,-0.0016161146071345112,-0.16161146071345112
2019-07-29,0,0,1,0.24333333333333335,0.85,-0.0025786549148275606,-0.25786549148275606
2019-07-30,0,0,0,0.03,0.24,-0.010885526112695776,-1.0885526112695776
2019-07-31,0,1,1,0.6533333333333333,0.9466666666666667,-0.00899879386967306,-0.8998793869673061
2019-08-01,0,1,1,0.9066666666666666,0.6133333333333333,-0.007282739927037873,-0.7282739927037873
2019-08-02,0,1,1,0.6433333333333333,0.65,-0.0297778200029859,-2.97778200029859
2019-08-05,1,1,1,0.7333333333333333,0.88,0.013017017169932643,1.3017017169932643
2019-08-06,1,0,1,0.03666666666666667,0.9933333333333333,0.0007668762331907164,0.07668762331907164
2019-08-07,1,1,1,0.75,0.71,0.018762303409984193,1.8762303409984193
2019-08-08,0,0,0,0.3466666666666667,0.37333333333333335,-0.00661660635492356,-0.661660635492356
2019-08-09,0,0,0,0.31333333333333335,0.3333333333333333,-0.012317322177972212,-1.2317322177972212
2019-08-12,1,0,0,0.2633333333333333,0.38,0.015131688322181258,1.5131688322181258
2019-08-13,0,1,1,0.6333333333333333,0.72,-0.029292752911742603,-2.9292752911742603
2019-08-14,1,0,1,0.31,0.9633333333333334,0.0024642680276520945,0.24642680276520945
2019-08-15,1,1,0,0.87,0.36333333333333334,0.014426124657807904,1.4426124657807904
2019-08-16,1,0,0,0.03,0.01,0.012105865492430645,1.2105865492430645
2019-08-19,0,0,1,0.27,0.7133333333333334,-0.007914727601131322,-0.7914727601131322
2019-08-20,1,0,0,0.4166666666666667,0.11333333333333333,0.00824679859557964,0.8246798595579641
2019-08-21,0,1,0,1.0,0.02666666666666667,-0.0005060748601761755,-0.05060748601761755
2019-08-22,0,1,1,0.64,0.9433333333333334,-0.025946336754618105,-2.5946336754618105
2019-08-23,1,1,1,0.9033333333333333,0.76,0.010982987735216332,1.0982987735216332
2019-08-26,0,0,0,0.24666666666666667,0.14,-0.003203180635808267,-0.3203180635808267
2019-08-27,1,0,0,0.03666666666666667,0.23333333333333334,0.006545480165679685,0.6545480165679685
2019-08-28,1,1,0,0.9833333333333333,0.28,0.012687291793508804,1.2687291793508804
2019-08-29,1,0,0,0.013333333333333334,0.2966666666666667,0.0006427872591217021,0.06427872591217021
2019-08-30,0,0,0,0.4,0.043333333333333335,-0.00689910050906084,-0.689910050906084
2019-09-03,1,1,1,0.6933333333333334,0.9933333333333333,0.010842079212828093,1.0842079212828093
2019-09-04,1,1,1,0.96,0.9866666666666667,0.013009813642266721,1.300981364226672
2019-09-05,1,0,1,0.03666666666666667,0.9966666666666667,0.0009106051537297599,0.09106051537297599
2019-09-06,0,0,1,0.016666666666666666,0.7166666666666667,-9.401025965849463e-05,-0.009401025965849463
2019-09-09,1,1,1,0.88,0.9466666666666667,0.0003223043548219451,0.03223043548219451
2019-09-10,1,1,0,0.8333333333333334,0.24333333333333335,0.007229681189480308,0.7229681189480308
2019-09-11,1,1,1,0.66,0.6,0.002879153101061016,0.2879153101061016
2019-09-12,0,1,0,0.8833333333333333,0.32,-0.0007244143620946941,-0.07244143620946941
2019-09-13,0,1,1,0.9933333333333333,0.9666666666666667,-0.0031355866640028207,-0.31355866640028207
2019-09-16,1,0,1,0.09,0.73,0.0025817523700197853,0.25817523700197853
2019-09-17,1,0,0,0.09666666666666666,0.26,0.00034269198975556137,0.03426919897555614
2019-09-18,1,0,1,0.3566666666666667,0.9633333333333334,1.997472142156731e-05,0.001997472142156731
2019-09-19,0,1,1,0.5866666666666667,0.75,-0.0048955765157830955,-0.48955765157830955
2019-09-20,0,0,0,0.2733333333333333,0.39,-9.693591923765066e-05,-0.009693591923765066
2019-09-23,0,1,1,0.88,0.9466666666666667,-0.008416371322106486,-0.8416371322106486
2019-09-24,1,1,0,0.66,0.043333333333333335,0.006158571742003405,0.6158571742003405
2019-09-25,0,0,1,0.08333333333333333,0.95,-0.002428916406865711,-0.2428916406865711
2019-09-26,0,1,0,0.6333333333333333,0.05,-0.005316352490240539,-0.5316352490240539
2019-09-27,1,1,1,0.76,0.9866666666666667,0.005047606675254723,0.5047606675254723
2019-09-30,0,0,1,0.29,0.9533333333333334,-0.012258373372913245,-1.2258373372913245
2019-10-01,0,1,1,0.73,0.89,-0.017903202985502964,-1.7903202985502964
2019-10-02,1,1,1,0.89,0.98,0.00797191259701524,0.797191259701524
2019-10-03,1,0,0,0.3433333333333333,0.38,0.014216897585460186,1.4216897585460186
2019-10-04,0,1,0,0.6633333333333333,0.11,-0.004478294673592398,-0.4478294673592398
2019-10-07,0,1,0,0.9933333333333333,0.36,-0.015560819201407838,-1.5560819201407838
2019-10-08,1,1,1,1.0,0.6333333333333333,0.0091044925499415,0.9104492549941501
2019-10-09,1,1,0,0.9633333333333334,0.21666666666666667,0.006415695380997066,0.6415695380997066
2019-10-10,1,1,1,0.9433333333333334,0.9633333333333334,0.010938977513132997,1.0938977513132997
2019-10-11,0,0,0,0.23333333333333334,0.3233333333333333,-0.0013871187334510982,-0.13871187334510982
2019-10-14,1,1,1,0.7633333333333333,0.62,0.009955676641137279,0.9955676641137279
2019-10-15,0,1,0,0.6466666666666666,0.08333333333333333,-0.0019995427986508885,-0.19995427986508885
2019-10-16,1,1,0,0.87,0.03333333333333333,0.0027628315736780706,0.27628315736780706
2019-10-17,0,0,0,0.03333333333333333,0.0,-0.003919344949506964,-0.39193449495069643
2019-10-18,1,0,0,0.11666666666666667,0.17,0.006871616056117524,0.6871616056117524
2019-10-21,0,1,0,0.6566666666666666,0.1,-0.003568666378412577,-0.3568666378412577
2019-10-22,1,0,1,0.37666666666666665,0.66,0.0028471487971184484,0.28471487971184484
2019-10-23,1,0,0,0.05333333333333334,0.12333333333333334,0.0019204463587332299,0.192044635873323
2019-10-24,1,0,0,0.1,0.23666666666666666,0.004072700506109195,0.4072700506109195
2019-10-25,1,0,1,0.31,0.7266666666666667,0.005581337868471481,0.5581337868471481
2019-10-28,0,0,1,0.006666666666666667,0.9833333333333333,-0.0008324053147991117,-0.08324053147991117
2019-10-29,1,1,0,0.9666666666666667,0.37,0.00325337015914573,0.325337015914573
2019-10-30,0,0,0,0.35333333333333333,0.30333333333333334,-0.0030228605633046968,-0.3022860563304697
2019-10-31,1,0,1,0.09,0.75,0.009662312168146059,0.9662312168146059
2019-11-01,1,1,1,0.7433333333333333,0.98,0.003704089049704651,0.3704089049704651
2019-11-04,0,1,1,0.9966666666666667,0.6766666666666666,-0.001185699214361291,-0.1185699214361291
2019-11-05,1,1,1,0.8733333333333333,0.7333333333333333,0.0007024972279667807,0.07024972279667807
2019-11-06,1,0,1,0.06333333333333334,0.78,0.0027300951851503275,0.27300951851503275
2019-11-07,1,0,0,0.1,0.0,0.0025606760900243053,0.25606760900243053
2019-11-08,0,1,0,0.7,0.10333333333333333,-0.0019624672514313435,-0.19624672514313435
2019-11-11,1,1,0,0.9966666666666667,0.33,0.0015646460846321375,0.15646460846321375
2019-11-12,1,1,1,0.7366666666666667,1.0,0.0007115345908383919,0.07115345908383919
2019-11-13,1,0,0,0.08,0.36333333333333334,0.0008370427393644686,0.08370427393644686
2019-11-14,1,1,0,0.88,0.33,0.007695488006902673,0.7695488006902673
2019-11-15,1,1,0,0.92,0.35333333333333333,0.0005031528617669423,0.05031528617669423
2019-11-18,0,1,0,0.8,0.01,-0.0005925944462060739,-0.05925944462060739
2019-11-19,0,1,1,0.9566666666666667,0.7433333333333333,-0.003756184245747196,-0.3756184245747196
2019-11-20,0,0,0,0.16666666666666666,0.0,-0.0015827522106851566,-0.15827522106851566
2019-11-21,1,0,1,0.3,0.8766666666666667,0.0021749356911917594,0.21749356911917594
2019-11-22,1,1,0,0.67,0.24333333333333335,0.007507291353015866,0.7507291353015866
2019-11-25,1,0,0,0.35333333333333333,0.2866666666666667,0.0021955703874654287,0.21955703874654287
2019-11-26,1,0,0,0.02,0.11666666666666667,0.004174424362754614,0.4174424362754614
2019-11-27,0,1,1,0.59,0.8966666666666666,-0.004011219709926239,-0.4011219709926239
2019-11-29,0,0,1,0.19333333333333333,1.0,-0.008631020716408422,-0.8631020716408422
2019-12-02,0,0,0,0.02666666666666667,0.37666666666666665,-0.00663809511563529,-0.663809511563529
2019-12-03,1,0,0,0.31333333333333335,0.04666666666666667,0.00632356747139462,0.632356747139462
2019-12-04,1,0,0,0.14,0.30666666666666664,0.0015002511791302187,0.15002511791302187
2019-12-05,1,1,1,0.6933333333333334,0.8733333333333333,0.009135724328457329,0.9135724328457329
2019-12-06,0,1,0,0.9133333333333333,0.19666666666666666,-0.00316282139344648,-0.316282139344648
2019-12-09,0,1,1,0.6533333333333333,0.9833333333333333,-0.0010969340964486207,-0.10969340964486207
2019-12-10,1,1,1,0.9566666666666667,0.9633333333333334,0.002908158040315856,0.2908158040315856
2019-12-11,1,1,1,0.97,0.96,0.008575225775086182,0.8575225775086182
2019-12-12,1,0,0,0.31666666666666665,0.08,7.258178414493166e-05,0.007258178414493166
2019-12-13,1,0,1,0.3566666666666667,0.64,0.007147785279833618,0.7147785279833618
2019-12-16,1,0,0,0.0,0.37,0.00033529222633799094,0.033529222633799094
2019-12-17,0,1,1,0.7133333333333334,0.9266666666666666,-0.00043230017186479675,-0.043230017186479675
2019-12-18,1,1,0,0.9066666666666666,0.09666666666666666,0.004459292004863613,0.4459292004863613
2019-12-19,1,1,1,0.6833333333333333,0.9,0.004944781081796634,0.4944781081796634
2019-12-20,1,1,1,0.9233333333333333,0.9766666666666667,0.0008661436002121992,0.08661436002121992
2019-12-23,0,0,0,0.23333333333333334,0.36666666666666664,-0.00019544819997963092,-0.019544819997963092
2019-12-24,1,1,0,1.0,0.3,0.005128166675301138,0.5128166675301138
2019-12-26,1,0,0,0.023333333333333334,0.15,3.398471712534601e-05,0.003398471712534601
2019-12-27,0,0,0,0.11333333333333333,0.20333333333333334,-0.005780822450430323,-0.5780822450430323
2019-12-30,1,1,1,0.9566666666666667,0.8466666666666667,0.0029460216619106028,0.2946021661910603
2019-12-31,1,0,0,0.03333333333333333,0.2733333333333333,0.008378802677341701,0.8378802677341701
2020-01-02,0,1,0,1.0,0.11,-0.007059870562045378,-0.7059870562045378
2020-01-03,1,1,1,0.9866666666666667,0.6433333333333333,0.0035333728907271933,0.35333728907271933
2020-01-06,0,1,1,0.74,0.9166666666666666,-0.0028032386528962228,-0.2803238652896223
2020-01-07,1,1,0,0.6333333333333333,0.09333333333333334,0.004902451368978156,0.49024513689781557
2020-01-08,1,0,1,0.006666666666666667,0.76,0.006655262605488987,0.6655262605488987
2020-01-09,0,1,0,0.9866666666666667,0.12333333333333334,-0.002855178689662563,-0.2855178689662563
2020-01-10,1,1,1,0.7233333333333334,0.97,0.006976215252569862,0.6976215252569862
2020-01-13,0,1,0,0.7833333333333333,0.13333333333333333,-0.001514532772802224,-0.1514532772802224
2020-01-14,1,0,0,0.11666666666666667,0.2733333333333333,0.0018701968845122874,0.18701968845122874
2020-01-15,1,0,1,0.13333333333333333,0.9666666666666667,0.00836655302646827,0.8366553026468271
2020-01-16,1,1,0,1.0,0.06,0.003862162248501333,0.3862162248501333
2020-01-17,0,0,1,0.23333333333333334,0.73,-0.0026519776473655776,-0.26519776473655776
2020-01-21,1,0,1,0.2966666666666667,0.74,0.0002890760711180551,0.02890760711180551
2020-01-22,1,0,1,0.06333333333333334,0.7733333333333333,0.0011409766124783616,0.11409766124783616
2020-01-23,0,1,0,0.9033333333333333,0.3,-0.009042160974207403,-0.9042160974207403
2020-01-24,0,0,0,0.38666666666666666,0.11333333333333333,-0.015730711659182384,-1.5730711659182384
2020-01-27,1,1,0,1.0,0.2966666666666667,0.010053584595046017,1.0053584595046017
2020-01-28,0,0,0,0.38333333333333336,0.23666666666666666,-0.0008668741908683941,-0.08668741908683941
2020-01-29,1,1,0,0.9966666666666667,0.37666666666666665,0.003134358792605374,0.3134358792605374
2020-01-30,0,1,1,0.9866666666666667,0.67,-0.01770582037552626,-1.770582037552626
2020-01-31,1,1,1,0.9633333333333334,0.9033333333333333,0.007254613892351713,0.7254613892351713
2020-02-03,1,0,1,0.3333333333333333,0.7533333333333333,0.014980414164082134,1.4980414164082134
2020-02-04,1,0,1,0.0,0.7366666666666667,0.01125059589785371,1.125059589785371
2020-02-05,1,1,0,0.6633333333333333,0.3433333333333333,0.003325672876785646,0.3325672876785646
2020-02-06,0,0,1,0.32,0.9233333333333333,-0.005400853672730133,-0.5400853672730133
2020-02-07,1,1,1,0.6733333333333333,0.98,0.007326397804890528,0.7326397804890528
2020-02-10,1,1,1,0.7366666666666667,0.8933333333333333,0.0016884725532351208,0.16884725532351208
2020-02-11,1,0,1,0.3,0.7766666666666666,0.006462646466197652,0.6462646466197652
2020-02-12,0,1,1,0.7866666666666666,0.7466666666666667,-0.0016304457368023773,-0.16304457368023773
2020-02-13,1,1,0,0.66,0.34,0.0018435333204338544,0.18435333204338544
2020-02-14,0,1,1,0.7233333333333334,0.9633333333333334,-0.002919942636890105,-0.2919942636890105
2020-02-18,1,0,1,0.02666666666666667,0.7433333333333333,0.004705785881164548,0.4705785881164548
2020-02-19,0,1,0,0.81,0.09666666666666666,-0.00381551976362815,-0.381551976362815
2020-02-20,0,1,0,0.9533333333333334,0.07333333333333333,-0.01051810302712286,-1.051810302712286
2020-02-21,0,0,0,0.22333333333333333,0.36,-0.03351362667122315,-3.351362667122315
2020-02-24,0,0,0,0.09,0.023333333333333334,-0.030279995565056117,-3.0279995565056117
2020-02-25,0,1,1,0.7333333333333333,0.98,-0.0037785406053220116,-0.37785406053220116
2020-02-26,0,0,0,0.3566666666666667,0.0,-0.04416324258407911,-4.416324258407911
2020-02-27,0,1,1,0.6933333333333334,0.7266666666666667,-0.008238340444361891,-0.8238340444361891
2020-02-28,1,0,0,0.13333333333333333,0.24666666666666667,0.046039229006110016,4.603922900611002
2020-03-02,0,1,1,0.6766666666666666,0.9266666666666666,-0.028107896121075893,-2.8107896121075893
2020-03-03,1,0,1,0.32666666666666666,1.0,0.04220259077449118,4.220259077449118
2020-03-04,0,0,1,0.14666666666666667,0.9266666666666666,-0.033922077046888544,-3.3922077046888544
2020-03-05,0,0,0,0.09666666666666666,0.01,-0.01705385200037013,-1.7053852000370129
2020-03-06,0,1,0,0.7566666666666667,0.03,-0.07596969747745097,-7.5969697477450975
2020-03-09,1,1,0,0.6866666666666666,0.23666666666666666,0.04939630628156144,4.939630628156144
2020-03-10,0,0,1,0.23,0.65,-0.048868445131273974,-4.886844513127397
2020-03-11,0,0,0,0.08,0.23666666666666666,-0.09511268097833658,-9.511268097833659
2020-03-12,1,1,0,0.6866666666666666,0.23666666666666666,0.09287124972971839,9.287124972971839
2020-03-13,0,0,1,0.23,0.65,-0.11984055240393443,-11.984055240393443
2020-03-16,1,1,0,0.6866666666666666,0.23666666666666666,0.05995484974402432,5.995484974402432
2020-03-17,0,0,1,0.23,0.65,-0.051830762729157875,-5.1830762729157875
2020-03-18,1,0,0,0.08,0.23666666666666666,0.0047078080405855705,0.47078080405855705
2020-03-19,0,1,0,0.81,0.03666666666666667,-0.04335951230846191,-4.335951230846192
2020-03-20,0,1,0,0.7133333333333334,0.23666666666666666,-0.02929386782180443,-2.929386782180443
2020-03-23,1,0,1,0.31,0.97,0.09382773976227554,9.382773976227554
2020-03-24,1,0,1,0.23,0.65,0.011535011448221999,1.1535011448222
2020-03-25,1,1,1,0.7633333333333333,0.88,0.062414163303876835,6.2414163303876835
2020-03-26,0,0,1,0.23,0.65,-0.033687352562252526,-3.3687352562252526
2020-03-27,1,0,0,0.09,0.006666666666666667,0.03351600948370015,3.351600948370015
2020-03-30,0,1,1,0.7933333333333333,0.84,-0.016012721914555605,-1.6012721914555605
2020-03-31,0,1,1,0.7866666666666666,0.76,-0.04414243033166543,-4.414243033166542
2020-04-01,1,1,0,0.6933333333333334,0.11,0.02282934723487151,2.282934723487151
2020-04-02,0,0,0,0.32666666666666666,0.35333333333333333,-0.015137125124949469,-1.5137125124949469
2020-04-03,1,1,0,0.7366666666666667,0.37,0.07033131865275055,7.033131865275055
2020-04-06,0,0,0,0.23,0.08333333333333333,-0.0016030527844311804,-0.16030527844311804
2020-04-07,1,0,0,0.29,0.09,0.03405645287963033,3.405645287963033
2020-04-08,1,1,1,0.9466666666666667,0.75,0.014487410153376512,1.4487410153376512
2020-04-09,0,0,0,0.01,0.12,-0.010104660822607414,-1.0104660822607414
2020-04-13,1,0,1,0.07333333333333333,0.9766666666666667,0.030572589146256046,3.0572589146256046
2020-04-14,0,1,0,0.9933333333333333,0.14,-0.022030438529415775,-2.2030438529415775
2020-04-15,1,0,1,0.33666666666666667,0.96,0.005816689462164515,0.5816689462164515
2020-04-16,1,0,1,0.3,1.0,0.026793594848223412,2.679359484822341
2020-04-17,0,1,0,0.76,0.04666666666666667,-0.01788104803401469,-1.788104803401469
2020-04-20,0,1,1,0.89,1.0,-0.030674795694063395,-3.0674795694063395
2020-04-21,1,0,1,0.31333333333333335,0.7633333333333333,0.022930247703843776,2.2930247703843776
2020-04-22,0,0,0,0.32666666666666666,0.13333333333333333,-0.0005394221197431159,-0.053942211974311594
2020-04-23,1,0,0,0.11666666666666667,0.31,0.013918057304545428,1.3918057304545428
2020-04-24,1,0,1,0.13333333333333333,0.6666666666666666,0.014714069804799612,1.4714069804799612
2020-04-27,0,0,0,0.08666666666666667,0.31,-0.005242380698498916,-0.5242380698498916
2020-04-28,1,1,0,0.8666666666666667,0.38333333333333336,0.026583916282167053,2.6583916282167053
2020-04-29,0,1,0,0.73,0.006666666666666667,-0.009212446303987654,-0.9212446303987654
2020-04-30,0,1,0,0.9933333333333333,0.06666666666666667,-0.028059034078492195,-2.8059034078492195
2020-05-01,1,1,1,0.7566666666666667,1.0,0.004249827591976452,0.42498275919764517
2020-05-04,1,1,0,0.9366666666666666,0.10666666666666667,0.009040556385797371,0.9040556385797371
2020-05-05,0,1,0,0.6866666666666666,0.29,-0.006979410390386298,-0.6979410390386298
2020-05-06,1,0,0,0.006666666666666667,0.16,0.011504630788313985,1.1504630788313985
2020-05-07,1,0,1,0.2633333333333333,0.97,0.016871538638701944,1.6871538638701944
2020-05-08,1,0,0,0.23,0.28,0.00013307822091168653,0.013307822091168653
2020-05-11,0,0,0,0.32666666666666666,0.3233333333333333,-0.020500317528877154,-2.0500317528877154
2020-05-12,0,0,1,0.13333333333333333,0.7933333333333333,-0.01746272460422804,-1.7462724604228042
2020-05-13,1,1,0,0.9933333333333333,0.13,0.01152482269503552,1.152482269503552
2020-05-14,1,1,1,0.7633333333333333,0.9833333333333333,0.0039263632504382695,0.39263632504382695
2020-05-15,1,0,0,0.07666666666666666,0.29,0.03150119163168075,3.1501191631680747
2020-05-18,0,1,0,0.74,0.13666666666666666,-0.010484399194493177,-1.0484399194493177
2020-05-19,1,0,0,0.22666666666666666,0.3,0.01665110025908012,1.665110025908012
2020-05-20,0,0,1,0.19666666666666666,0.62,-0.007773596407737116,-0.7773596407737116
2020-05-21,1,1,0,0.7666666666666667,0.2966666666666667,0.002353711326488428,0.2353711326488428
2020-05-22,1,1,0,0.9966666666666667,0.12666666666666668,0.012289184036080147,1.2289184036080147
2020-05-26,1,1,1,0.9233333333333333,0.8733333333333333,0.014827297215913804,1.4827297215913804
2020-05-27,0,1,1,0.5966666666666667,0.76,-0.0021079145460738413,-0.21079145460738413
2020-05-28,1,1,1,0.6733333333333333,0.8833333333333333,0.004812335824971425,0.48123358249714254
2020-05-29,1,1,1,0.7133333333333334,0.7133333333333334,0.003751234813537785,0.3751234813537785
2020-06-01,1,1,1,0.92,0.8733333333333333,0.008210832780053412,0.8210832780053412
2020-06-02,1,1,0,1.0,0.016666666666666666,0.013648979133831007,1.3648979133831007
2020-06-03,0,1,0,0.7533333333333333,0.33,-0.0033687022311144066,-0.33687022311144066
2020-06-04,1,0,0,0.09666666666666666,0.25333333333333335,0.026211650818398713,2.6211650818398713
2020-06-05,1,1,0,0.74,0.0033333333333333335,0.012041579421169235,1.2041579421169235
2020-06-08,0,1,1,0.6266666666666667,0.9133333333333333,-0.007799170822611612,-0.7799170822611612
2020-06-09,0,1,1,0.8833333333333333,0.7,-0.0053130910724373814,-0.5313091072437381
2020-06-10,0,1,1,0.76,0.9966666666666667,-0.05894405927443824,-5.894405927443824
2020-06-11,1,1,1,0.6866666666666666,0.64,0.013060843963234703,1.3060843963234703
2020-06-12,1,0,1,0.0,0.97,0.008312217041285264,0.8312217041285264
2020-06-15,1,1,1,1.0,0.73,0.01896239819380252,1.896239819380252
2020-06-16,0,1,1,0.9266666666666666,0.6333333333333333,-0.0036002995561740248,-0.3600299556174025
2020-06-17,1,1,1,0.7533333333333333,0.99,0.0005942198825281686,0.05942198825281686
2020-06-18,0,0,0,0.26,0.38,-0.005649494809462974,-0.5649494809462974
2020-06-19,1,0,0,0.3333333333333333,0.02666666666666667,0.006495095537691675,0.6495095537691675
2020-06-22,1,1,0,0.93,0.056666666666666664,0.004307419569164139,0.4307419569164139
2020-06-23,0,1,1,0.98,0.6433333333333333,-0.025855145939064572,-2.585514593906457
2020-06-24,1,1,1,0.9033333333333333,0.9266666666666666,0.010959447267809841,1.095944726780984
2020-06-25,0,0,0,0.11333333333333333,0.03333333333333333,-0.024226905044785974,-2.4226905044785974
2020-06-26,1,0,1,0.23666666666666666,0.9166666666666666,0.014685678433118632,1.4685678433118632
2020-06-29,1,0,0,0.08666666666666667,0.23333333333333334,0.015409875731554612,1.5409875731554612
2020-06-30,1,0,1,0.2966666666666667,0.9866666666666667,0.005022132820864389,0.5022132820864389
2020-07-01,1,1,0,0.7466666666666667,0.15,0.004541250844364075,0.45412508443640753
2020-07-02,1,1,0,0.74,0.03,0.01588172586745884,1.588172586745884
2020-07-06,0,1,1,0.8666666666666667,0.8766666666666667,-0.010818532028197159,-1.0818532028197159
2020-07-07,1,1,1,0.7033333333333334,0.8933333333333333,0.007827461915415501,0.7827461915415501
2020-07-08,0,0,0,0.10666666666666667,0.023333333333333334,-0.005643606159361103,-0.5643606159361103
2020-07-09,1,0,1,0.3333333333333333,0.7433333333333333,0.01046620127324438,1.046620127324438
2020-07-10,0,0,1,0.35,0.9,-0.009362541127788226,-0.9362541127788226
2020-07-13,1,1,1,0.6966666666666667,0.9866666666666667,0.013406370782667931,1.3406370782667931
2020-07-14,1,1,1,0.7633333333333333,0.72,0.009082050740923053,0.9082050740923053
2020-07-15,0,1,0,0.9866666666666667,0.23333333333333334,-0.0034061012455366413,-0.34061012455366413
2020-07-16,1,1,0,0.6433333333333333,0.3233333333333333,0.002848612194617406,0.2848612194617406
2020-07-17,1,0,1,0.05333333333333334,0.6966666666666667,0.0084069387471426,0.84069387471426
2020-07-20,1,1,0,1.0,0.11333333333333333,0.0016790373419135474,0.16790373419135474
2020-07-21,1,0,1,0.25333333333333335,0.9866666666666667,0.005747082068739751,0.5747082068739751
2020-07-22,0,0,1,0.31666666666666665,0.9033333333333333,-0.012319859824193036,-1.2319859824193036
2020-07-23,0,0,0,0.2633333333333333,0.3233333333333333,-0.006190400054688405,-0.6190400054688405
2020-07-24,1,1,1,0.7566666666666667,0.9933333333333333,0.007395138795039502,0.7395138795039502
2020-07-27,0,1,0,0.9233333333333333,0.13,-0.006473392152297919,-0.6473392152297919
2020-07-28,1,1,0,0.65,0.05333333333333334,0.01242838167815008,1.242838167815008
2020-07-29,0,0,0,0.33666666666666667,0.32,-0.003750251937389204,-0.3750251937389204
2020-07-30,1,0,0,0.33666666666666667,0.0033333333333333335,0.007670504990141325,0.7670504990141325
2020-07-31,1,1,1,0.7166666666666667,0.9066666666666666,0.00718102343932614,0.718102343932614
2020-08-03,1,1,0,0.64,0.3433333333333333,0.0036119303819721615,0.36119303819721615
2020-08-04,1,1,1,0.9466666666666667,0.6466666666666666,0.006429743053199433,0.6429743053199433
2020-08-05,1,1,1,0.8133333333333334,0.9966666666666667,0.00642769555966427,0.642769555966427
2020-08-06,1,1,1,0.8133333333333334,0.9966666666666667,0.0006330295486443038,0.06330295486443038
2020-08-07,1,0,0,0.36,0.03333333333333333,0.002742218294476073,0.2742218294476073
2020-08-10,0,1,1,0.6766666666666666,0.5866666666666667,-0.007969132154236114,-0.7969132154236114
2020-08-11,1,0,1,0.35,0.89,0.013996549490237653,1.3996549490237653
2020-08-12,0,0,1,0.12666666666666668,0.8533333333333334,-0.002047174350497949,-0.2047174350497949
2020-08-13,0,0,0,0.04666666666666667,0.31333333333333335,-0.00017188262276812694,-0.017188262276812694
2020-08-14,1,1,0,0.9966666666666667,0.03333333333333333,0.0027098425110787527,0.2709842511078753
2020-08-17,1,1,0,0.71,0.09666666666666666,0.002303389154016955,0.2303389154016955
2020-08-18,0,0,1,0.15,0.9966666666666667,-0.0044043954214108005,-0.44043954214108005
2020-08-19,1,0,0,0.37333333333333335,0.21333333333333335,0.0031586327691348615,0.31586327691348615
2020-08-20,1,0,1,0.32666666666666666,0.7233333333333334,0.0034411070444764214,0.34411070444764214
2020-08-21,1,1,0,0.6733333333333333,0.25333333333333335,0.010043718303008653,1.0043718303008653
2020-08-24,1,0,0,0.38333333333333336,0.25333333333333335,0.0035963511532906,0.35963511532906
2020-08-25,1,0,1,0.37666666666666665,0.7833333333333333,0.010195626139483993,1.0195626139483993
2020-08-26,1,1,0,0.9733333333333334,0.05333333333333334,0.0016730440109038458,0.16730440109038458
2020-08-27,1,1,1,0.69,0.9933333333333333,0.00673256535528588,0.673256535528588
2020-08-28,0,1,1,0.9666666666666667,0.7466666666666667,-0.0021949627140287475,-0.21949627140287475
2020-08-31,1,1,0,0.98,0.34,0.007525003016613407,0.7525003016613407
2020-09-01,1,0,1,0.33,0.6766666666666666,0.015365910154807594,1.5365910154807594
2020-09-02,0,1,1,0.65,0.9866666666666667,-0.03512584371534122,-3.512584371534122
2020-09-03,0,0,0,0.27666666666666667,0.056666666666666664,-0.008133027264274895,-0.8133027264274895
2020-09-04,0,1,0,0.7766666666666666,0.3333333333333333,-0.027756342102360998,-2.7756342102361
2020-09-08,1,1,1,0.7666666666666667,1.0,0.02014498633677464,2.014498633677464
2020-09-09,0,1,0,0.7866666666666666,0.06333333333333334,-0.01758479659017942,-1.758479659017942
2020-09-10,1,1,1,0.9933333333333333,0.96,0.0005330721905940639,0.053307219059406385
2020-09-11,1,1,0,0.7366666666666667,0.25666666666666665,0.012741829089357504,1.2741829089357504
2020-09-14,1,0,0,0.09333333333333334,0.36,0.005219359577689042,0.5219359577689042
2020-09-15,0,0,0,0.31666666666666665,0.35333333333333333,-0.004618946596211537,-0.4618946596211537
2020-09-16,0,1,1,0.9933333333333333,0.9866666666666667,-0.008412365876402483,-0.8412365876402483
2020-09-17,0,1,1,0.66,0.67,-0.011182581807410497,-1.1182581807410497
2020-09-18,0,0,1,0.23666666666666666,0.89,-0.011571097930805796,-1.1571097930805796
2020-09-21,1,1,1,0.88,1.0,0.010517945160813724,1.0517945160813724
2020-09-22,0,1,0,0.9933333333333333,0.21666666666666667,-0.023721455093028143,-2.3721455093028143
2020-09-23,1,0,0,0.13,0.4166666666666667,0.0029874591429570607,0.29874591429570607
2020-09-24,1,0,1,0.01,0.7466666666666667,0.0159767237756141,1.59767237756141
2020-09-25,1,1,1,0.8666666666666667,0.6666666666666666,0.016110590199083896,1.6110590199083896
2020-09-28,0,1,0,0.7733333333333333,0.23666666666666666,-0.0048126645432444715,-0.48126645432444715
2020-09-29,1,1,1,0.7533333333333333,0.9,0.008253718228220741,0.8253718228220741
2020-09-30,1,1,0,1.0,0.10666666666666667,0.005292907769290922,0.5292907769290922
2020-10-01,0,1,0,0.7733333333333333,0.26666666666666666,-0.009577652178616392,-0.9577652178616392
2020-10-02,1,1,0,0.9733333333333334,0.03,0.01797270867614209,1.797270867614209
2020-10-05,0,1,1,0.6966666666666667,0.6133333333333333,-0.013973515692226712,-1.3973515692226712
2020-10-06,1,1,0,0.78,0.17333333333333334,0.01739675486921799,1.739675486921799
2020-10-07,1,0,0,0.03666666666666667,0.12333333333333334,0.008010123642494982,0.8010123642494982
2020-10-08,1,1,1,0.7366666666666667,0.7333333333333333,0.00879353312061526,0.879353312061526
2020-10-09,1,1,0,0.7566666666666667,0.32666666666666666,0.01641581296364758,1.641581296364758
2020-10-12,0,0,0,0.26666666666666666,0.11,-0.006306918994084421,-0.6306918994084421
2020-10-13,0,1,1,0.9133333333333333,0.9733333333333334,-0.006623141753502759,-0.6623141753502759
2020-10-14,0,0,0,0.31333333333333335,0.2833333333333333,-0.0015277553060997207,-0.15277553060997207
2020-10-15,1,1,0,0.68,0.31,0.00013491955745537076,0.013491955745537076
2020-10-16,0,0,1,0.32666666666666666,0.65,-0.016329861778318078,-1.6329861778318078
2020-10-19,1,1,0,0.7666666666666667,0.016666666666666666,0.004727334073110212,0.4727334073110212
2020-10-20,0,1,0,0.8133333333333334,0.0,-0.0021956999281005363,-0.21956999281005363
2020-10-21,1,1,1,0.98,0.7533333333333333,0.005218925396392127,0.5218925396392127
2020-10-22,1,0,0,0.31666666666666665,0.09666666666666666,0.003445761353703114,0.3445761353703114
2020-10-23,0,0,1,0.24,0.6433333333333333,-0.018589516294535646,-1.8589516294535646
2020-10-26,0,0,0,0.39666666666666667,0.33,-0.0030256189119989285,-0.30256189119989285
2020-10-27,0,0,1,0.043333333333333335,0.9033333333333333,-0.035287878760604796,-3.5287878760604796
2020-10-28,1,0,0,0.2733333333333333,0.03333333333333333,0.011947330894238384,1.1947330894238384
2020-10-29,0,0,1,0.35333333333333333,0.6566666666666666,-0.012129550130175693,-1.2129550130175693
2020-10-30,1,1,0,0.7233333333333334,0.3566666666666667,0.01231820260127181,1.231820260127181
2020-11-02,1,1,1,0.9533333333333334,0.6,0.01779929009643455,1.779929009643455
2020-11-03,1,1,1,0.6766666666666666,0.6033333333333334,0.02204704770168342,2.204704770168342
2020-11-04,1,0,1,0.26666666666666666,0.7066666666666667,0.01946019413896294,1.9460194138962938
2020-11-05,0,0,1,0.11666666666666667,0.64,-0.00028771518741854685,-0.028771518741854685
2020-11-06,1,1,0,0.96,0.23,0.01169988923568721,1.169988923568721
2020-11-09,0,0,0,0.03666666666666667,0.36333333333333334,-0.0013997945931910616,-0.13997945931910616
2020-11-10,1,1,0,0.68,0.24666666666666667,0.007651855318760337,0.7651855318760337
2020-11-11,0,1,1,0.66,0.9633333333333334,-0.009978532303877019,-0.9978532303877019
2020-11-12,1,0,1,0.03,0.9966666666666667,0.013610335409063534,1.3610335409063534
2020-11-13,1,1,0,0.96,0.2633333333333333,0.011648051240012336,1.1648051240012336
2020-11-16,0,0,0,0.24666666666666667,0.30333333333333334,-0.004791925698091615,-0.4791925698091615
2020-11-17,0,1,1,0.7633333333333333,0.89,-0.011563829610944043,-1.1563829610944043
2020-11-18,1,1,1,0.88,0.9966666666666667,0.003946442467421596,0.3946442467421596
2020-11-19,0,0,1,0.08333333333333333,0.9033333333333333,-0.006792562915180156,-0.6792562915180156
2020-11-20,1,0,0,0.2833333333333333,0.38,0.005635930617216234,0.5635930617216234
2020-11-23,1,1,0,0.6133333333333333,0.3433333333333333,0.016161668273416252,1.6161668273416252
2020-11-24,0,0,0,0.32666666666666666,0.39,-0.001584418237524976,-0.1584418237524976
2020-11-25,1,1,1,0.6833333333333333,0.9766666666666667,0.002396979198154181,0.2396979198154181
2020-11-27,0,1,0,0.7366666666666667,0.38666666666666666,-0.004595548640170977,-0.45955486401709766
2020-11-30,1,1,0,0.9566666666666667,0.37666666666666665,0.011271187194776155,1.1271187194776155
2020-12-01,1,0,1,0.23666666666666666,0.76,0.0017911667548251575,0.17911667548251575
2020-12-02,0,1,0,0.9733333333333334,0.02666666666666667,-0.000624157213091503,-0.062415721309150296
2020-12-03,1,0,1,0.2966666666666667,0.68,0.008836275129611826,0.8836275129611826
2020-12-04,0,1,0,1.0,0.32,-0.0019356376714373402,-0.19356376714373402
2020-12-07,1,1,0,0.9633333333333334,0.38,0.002787148065356293,0.2787148065356293
2020-12-08,0,0,0,0.12666666666666668,0.0033333333333333335,-0.007949201604598555,-0.7949201604598555
2020-12-09,0,0,1,0.35,0.9166666666666666,-0.0012851080682624305,-0.12851080682624305
2020-12-10,0,1,0,0.98,0.25333333333333335,-0.0012649972997506032,-0.12649972997506032
2020-12-11,0,1,0,0.68,0.03,-0.004359258971957769,-0.4359258971957769
2020-12-14,1,1,1,0.86,0.7133333333333334,0.012921249154708825,1.2921249154708825
2020-12-15,1,0,1,0.37,0.9966666666666667,0.0017727951669590514,0.17727951669590514
2020-12-16,1,1,0,0.9833333333333333,0.01,0.005757654753379748,0.5757654753379748
2020-12-17,0,0,1,0.31666666666666665,0.89,-0.0035111185091528663,-0.3511118509152866
2020-12-18,0,1,1,0.62,0.7733333333333333,-0.0039062790518439305,-0.39062790518439305
2020-12-21,0,0,1,0.23666666666666666,0.6933333333333334,-0.002073092860288006,-0.2073092860288006
2020-12-22,1,1,1,0.9333333333333333,0.8966666666666666,0.000745811250824957,0.0745811250824957
2020-12-23,1,1,1,0.9933333333333333,0.9233333333333333,0.0035365890047962534,0.35365890047962534
2020-12-24,1,0,1,0.33,0.6633333333333333,0.008722529021144565,0.8722529021144565
2020-12-28,0,0,1,0.043333333333333335,0.9166666666666666,-0.00222738052560012,-0.222738052560012
2020-12-29,1,1,0,0.6933333333333334,0.15333333333333332,0.0013415471654707467,0.13415471654707467
